age,gender,ethnicity,major,gpa_current,gpa_history,attendance_rate,enrollment_gap_months,credits_completed,financial_aid_status,academic_warning_count,advisor_meeting_count,dropout_risk,next_semester_dropout,dropout_type,dropout_duration,dropout_cause,GPA_sem1,GPA_sem2,GPA_sem3,GPA_sem4,Attendance_sem1,Attendance_sem2,Attendance_sem3,Attendance_sem4
-0.6962631979260084,0,0,0,0.5737426436141615,0.3613772883463288,0.8860546403100283,-0.8704704927942822,-0.9609946995916503,1,-1.3711007031104538,-0.27935147851517966,0,0,0.0,-0.42535065589112697,2.0,-0.4258349497698217,-0.7025708120135371,0.47287272518701606,-0.5529779149149369,0.4892326076287327,0.33803491349227455,0.21416860670738222,-0.413614266978633
0.7550218815564114,1,1,1,0.3236506980556504,0.2936372991215068,-0.22812978272777917,1.759426673259986,1.3491993309116617,1,0.4108291997139728,1.4843646609859844,0,0,0.0,-0.42535065589112697,2.0,0.5015694987258547,0.8931314853236658,-0.04987991587644175,0.19743676062868373,1.5943105485440194,1.1905460484844115,1.4722576907942413,1.106057247038652
0.7550218815564114,0,0,0,-0.4266251386198842,-0.34311859959182245,0.25932590235126196,0.006161895890473879,1.6940044100912606,1,0.4108291997139728,1.4843646609859844,0,0,0.0,-0.42535065589112697,2.0,0.8614577921719384,0.7418148881623794,0.020762332915917142,1.1701965252222661,-0.20144110544332117,1.4036738322324451,-1.4632835054084306,1.5895890924077876
-0.6962631979260084,0,2,0,1.4768524470198974,1.7432730685327025,1.5127833782687947,1.759426673259986,-1.0989167312634898,0,-0.48013575169824046,0.896459281152263,0,0,0.0,-0.42535065589112697,2.0,0.404676496644217,0.08152428236767462,0.5576434237378471,1.5315072949284536,0.14389575109270616,0.2669923189095964,-1.4632835054084306,0.7606773574892688
-1.2767772297189763,1,1,2,-0.8017630569576515,-0.722462539250827,-1.342314205765586,-0.8704704927942822,-1.5126828262790084,1,1.3017941511261861,-0.867256858348901,1,1,0.0,-0.42535065589112697,0.0,1.04140193889498,-1.0877403320604486,-0.7704308535585047,1.0590239806972852,-1.0993169324369914,1.4747164268151234,-0.27508825932639697,-1.4497539356267808
-0.11574916613304052,2,3,1,0.17081673132544847,0.4833092689510087,0.4682354816708502,-0.8704704927942822,-1.3057997787712492,1,-0.48013575169824046,1.4843646609859844,0,0,0.0,-0.42535065589112697,2.0,0.0586300606383676,0.31537720525329915,0.9814969164920018,0.5587475303348718,-1.0993169324369914,-0.5144762214998625,1.4023638527894158,0.898829313309022
-1.5670342456154605,2,3,3,-0.9268090297369077,-1.0882584810648672,-0.7852219942466825,-0.8704704927942822,1.6940044100912606,0,0.4108291997139728,-0.867256858348901,0,0,0.0,-0.42535065589112697,2.0,1.0690856537754478,0.9206435938984452,-1.2931834946219625,-0.2194602813399941,-1.168384303744197,-0.9407317889959314,1.2625761767797654,-0.06823437742924988
-0.4060061820295245,1,3,2,-1.4130989238784577,-1.0476144875299738,0.4682354816708502,0.006161895890473879,0.6940696804704239,0,0.4108291997139728,-0.867256858348901,0,0,0.0,-0.42535065589112697,2.0,-0.8410906729768408,0.4529377481271961,-1.6040093893083431,-1.2061166139991988,-0.7539800759009642,0.33803491349227455,0.633531634736335,-0.20638633324900313
0.17450784976344344,0,2,3,0.7682586012707817,1.0794211741294444,-0.5763124149270935,1.759426673259986,-1.0989167312634898,0,-0.48013575169824046,1.4843646609859844,1,1,1.0,0.7658544617882235,0.0,0.2800997796821114,-0.771351083450486,-1.5333671405159839,-1.4006685669179155,1.387108434622403,-1.0828169781612877,-0.6245574493505242,-0.9662220902576453
0.17450784976344344,1,1,3,-1.5103569027067678,-1.4811504185688362,-1.5512237850851749,0.88279428457523,-0.2369040333144928,1,1.3017941511261861,0.896459281152263,1,0,0.0,-0.42535065589112697,0.0,-0.7857232432159048,0.31537720525329915,0.5859003232547908,-0.886495548489879,-0.1323737341361157,-1.0828169781612877,-1.533177343413256,-0.413614266978633
-0.11574916613304052,0,4,3,0.18471072830092164,0.02267734222221765,-0.15849325628791613,1.759426673259986,-0.2369040333144928,0,1.3017941511261861,0.896459281152263,1,1,2.0,3.1482646971469244,1.0,-1.1179278217815205,0.6592785624380413,-1.109513647761829,0.1696436244974385,-1.3755864176658126,-0.15926324858647253,0.9131069867556374,-0.5517662227983855
0.17450784976344344,2,4,0,-0.35715515374252016,-0.11280263622742695,1.7216929575883837,0.006161895890473879,0.4871866329626647,1,-0.48013575169824046,0.896459281152263,0,0,0.0,-0.42535065589112697,2.0,-1.408606828026434,-0.8401313548874341,0.9673684667335303,1.3091622058784924,0.35109786501432255,-0.017178059421116217,-1.183708153389129,-1.5188299135366574
-0.6962631979260084,1,4,2,-0.6906110811538692,-0.505694573731396,-0.5066758884872304,0.88279428457523,-1.6850853658688079,1,-1.3711007031104538,-1.4551622381826224,0,0,0.0,-0.42535065589112697,2.0,0.030946345757899618,1.113228353921901,-0.8269446525923921,1.587093567190944,1.3180410633151975,-1.224902167326644,0.9830008247604629,0.2771455121201332
1.6257929292458633,0,4,3,1.212866504485913,1.3910251245636265,1.5127833782687947,-0.8704704927942822,-0.4437870808222521,0,-1.3711007031104538,-0.27935147851517966,0,0,0.0,-0.42535065589112697,2.0,0.6123043582477266,0.10903639094245401,0.7271848208395086,-1.2061166139991988,-0.9611821898225805,1.1195034539017334,-0.6245574493505242,-1.6569818693564107
1.3355359133493794,1,3,4,0.6710006224424719,0.7678172236952621,1.6520564311485209,-0.8704704927942822,-0.8920336837557306,0,-1.3711007031104538,0.896459281152263,0,0,0.0,-0.42535065589112697,2.0,1.2628716579387238,1.457129711106643,-0.09226526515185696,0.41978184967864557,0.9036368354719655,-1.1538595727439658,0.004487092692905432,-0.3445382890687564
0.7550218815564114,0,3,3,0.5737426436141615,0.8220092150751199,-0.08885672984805312,0.006161895890473879,-0.8920336837557306,1,1.3017941511261861,0.896459281152263,0,0,0.0,-0.42535065589112697,2.0,0.16936492016023952,1.5946902539805399,-0.2900635617704628,-0.6085641871774273,0.00576100847829524,-0.23030584316915068,-1.3933896674036048,0.48437344584976233
1.3355359133493794,1,1,1,0.407014679908487,0.2936372991215068,-1.2030411528858607,-0.8704704927942822,-1.5816438421149281,1,-0.48013575169824046,-0.867256858348901,0,0,0.0,-0.42535065589112697,2.0,-0.993351104819415,-0.05603626050622234,0.8543408686657555,0.46147155387551314,-0.6849127045937586,-0.23030584316915068,-1.1138143153843032,-1.4497539356267808
1.6257929292458633,0,0,0,-0.6906110811538692,-0.3973105909716803,0.6771450609904393,0.006161895890473879,1.5905628863373809,0,1.3017941511261861,-1.4551622381826224,0,0,0.0,-0.42535065589112697,2.0,-0.9241418176182448,-0.9639358434739417,-1.2084127960711317,0.586540666466117,1.1799063207007874,0.7642904809883426,1.0528946627652886,-0.3445382890687564
-0.9865202138224924,0,3,4,-0.4683071295463031,-0.3973105909716803,1.0949642196296174,0.88279428457523,1.2112772992398222,1,-0.48013575169824046,-0.867256858348901,0,0,0.0,-0.42535065589112697,2.0,-1.2701882536240943,-0.2761331291044575,0.9814969164920018,0.33640244128490987,0.6273673502431437,-1.1538595727439658,0.423850120721859,-0.6208422007082621
1.0452788974528953,2,1,0,-0.9129150327614345,-1.210190461669547,1.0253276931897544,0.88279428457523,-0.6506701283300114,0,-1.3711007031104538,-0.27935147851517966,0,0,0.0,-0.42535065589112697,2.0,-0.8134069580963729,0.5079619652767549,-0.04987991587644175,-0.7614264358992757,-1.2374516750514024,-1.3669873564919994,1.2625761767797654,-0.8971461123477686
-1.2767772297189763,2,0,3,-0.09316921120853583,-0.0044186534677112714,-0.3674028356075052,1.759426673259986,-0.30586504915041257,1,-0.48013575169824046,0.896459281152263,0,0,0.0,-0.42535065589112697,2.0,-1.2701882536240943,-1.3628614178082423,0.5152580744624313,1.587093567190944,1.0417715780863765,-1.5090725456573557,-0.7643451253601753,1.520513114497911
1.6257929292458633,2,4,4,0.9627745589274019,0.7271732301603689,-0.019220203408190112,-0.8704704927942822,1.2112772992398222,0,-1.3711007031104538,-1.4551622381826224,0,0,0.0,-0.42535065589112697,2.0,-1.491657972667838,0.06776822808028461,-1.279055044863491,0.8644720277785687,0.0748283797855007,0.6222052918229863,-1.6030711814180816,-1.4497539356267808
1.3355359133493794,2,3,2,0.5459546496632157,0.33428129265639994,-1.411950732205449,-0.8704704927942822,-1.5816438421149281,0,-1.3711007031104538,-0.867256858348901,0,0,0.0,-0.42535065589112697,2.0,-0.13515594352490826,1.6909826339922676,1.6172771556232344,1.587093567190944,0.972704206779171,-0.5144762214998625,-0.27508825932639697,0.13899355630038
-0.11574916613304052,2,3,1,0.9071985710255105,1.0523251784395153,-1.690496837964901,0.006161895890473879,1.0388747596500227,1,1.3017941511261861,-1.4551622381826224,0,0,0.0,-0.42535065589112697,2.0,1.6504436662652748,0.5767422367137031,-1.7735507864100049,-0.8031161400961433,-0.8230474472081696,-1.580115140240034,1.6120453668038925,-0.06823437742924988
-1.2767772297189763,2,4,3,-0.6211410962765045,-0.34311859959182245,-0.08885672984805312,-0.8704704927942822,-1.3057997787712492,1,1.3017941511261861,0.30855390131854166,1,1,0.0,-0.42535065589112697,2.0,-1.1871371089826905,-1.5692022321190875,-1.420339542448209,0.39198871354740034,-1.3755864176658126,-0.44343362691718513,0.21416860670738222,-0.413614266978633
-1.2767772297189763,0,0,0,1.532428434921789,1.6755330793078806,-1.342314205765586,-0.8704704927942822,-0.16794301747857304,1,1.3017941511261861,0.896459281152263,0,0,0.0,-0.42535065589112697,2.0,-0.7441976708952032,1.0857162453471214,1.2216805623860227,1.253575933616002,1.4561758059296086,-0.8696891944132532,0.9131069867556374,-0.1373103553391265
0.4647648656599274,1,2,1,0.851622583123619,0.794913219385191,-1.1334046264459976,-0.8704704927942822,1.2112772992398222,0,0.4108291997139728,-1.4551622381826224,0,0,0.0,-0.42535065589112697,2.0,1.512025091862935,-1.5692022321190875,-1.2366696955880756,-1.2339097501304441,0.7655020928575547,1.1195034539017334,-0.9740266393746521,0.0008416004806267426
0.4647648656599274,2,4,1,-0.5516711113991404,-0.47859857804146705,0.8860546403100283,-0.8704704927942822,0.17686206170102575,1,0.4108291997139728,1.4843646609859844,0,0,0.0,-0.42535065589112697,2.0,0.22473234992117547,0.6455225081506518,1.2640659116614386,0.5170578261380036,0.9036368354719655,-1.224902167326644,-0.13530058331674574,-1.7260578472662873
-1.5670342456154605,2,4,1,0.8238345891726733,0.5510492581758313,-0.7852219942466825,-0.8704704927942822,1.5560823784194209,0,-0.48013575169824046,-0.867256858348901,0,0,0.0,-0.42535065589112697,2.0,-1.0210348196998829,0.19157271666679218,0.7695701701149245,0.4475749858098908,-1.0993169324369914,-0.5144762214998625,0.9830008247604629,0.20806953421025662
-0.11574916613304052,2,3,2,1.1989725075104405,0.9439411956798003,1.1646007460694805,1.759426673259986,-1.2713192708532892,1,-0.48013575169824046,0.896459281152263,1,1,2.0,1.9570595794675738,0.0,-0.4535186646502897,-0.5925223777144202,-1.2931834946219625,-0.6363573233086726,1.3180410633151975,1.758886805145836,-0.48476977334087296,-0.20638633324900313
0.4647648656599274,1,0,0,-0.9962790146142717,-0.722462539250827,0.5378720081107132,1.759426673259986,-1.02995571542757,0,-0.48013575169824046,1.4843646609859844,0,0,0.0,-0.42535065589112697,2.0,-0.49504423697099137,1.0169359739101733,-1.4909817912405683,0.3502990093505328,-0.06330636282891022,0.48012010265763005,-1.533177343413256,0.2771455121201332
0.17450784976344344,0,4,1,0.698788616393417,0.9845851892146934,-0.08885672984805312,1.759426673259986,1.0733552675679827,1,0.4108291997139728,0.30855390131854166,0,0,0.0,-0.42535065589112697,2.0,1.124453083536384,-0.001012043356663557,-1.5474955902744558,-1.4840479753116511,-0.5467779619793477,0.9774182647363772,0.7034254727411606,0.9679052912188987
-0.9865202138224924,2,0,1,-0.21821518398779138,0.03622534006718181,-0.6459489413669565,-0.8704704927942822,-1.1333972391814497,1,1.3017941511261861,-1.4551622381826224,1,1,0.0,-0.42535065589112697,1.0,0.34930906688328106,0.8105951595993276,1.7161763039325368,1.5454038629940765,0.4892326076287327,-0.30134843775182885,0.4937439587266838,0.9679052912188987
1.3355359133493794,1,4,1,0.629318631516053,0.2800893012765421,0.8164181138701654,-0.8704704927942822,1.3491993309116617,0,-1.3711007031104538,-1.4551622381826224,1,0,0.0,-0.42535065589112697,1.0,0.22473234992117547,1.6497144711300988,-1.2366696955880756,0.7394029151879654,0.2820304937071171,0.2669923189095964,0.7034254727411606,1.4514371365880343
-0.9865202138224924,1,4,1,1.5185344379463164,1.6484370836179516,-0.2977663091676422,-0.8704704927942822,0.6251086646345042,1,1.3017941511261861,0.896459281152263,0,0,0.0,-0.42535065589112697,2.0,-0.065946656323738,-0.2211089119548987,1.4901211077969874,0.7671960513192106,0.4892326076287327,-1.6511577348227122,1.4023638527894158,1.3823611586781577
0.4647648656599274,1,2,1,0.7821525982462543,0.5916932517107244,-1.2030411528858607,0.006161895890473879,0.3147840933728653,1,0.4108291997139728,0.30855390131854166,0,0,0.0,-0.42535065589112697,2.0,0.543095071046557,1.5671781454057605,-1.5757524897913995,-1.4979445433772738,-0.7539800759009642,-0.8696891944132532,-0.9041328013698265,1.3823611586781577
0.4647648656599274,1,1,0,1.6435804107255718,1.6890810771528446,-0.2977663091676422,-0.8704704927942822,0.9009527279781833,0,1.3017941511261861,-1.4551622381826224,0,0,0.0,-0.42535065589112697,2.0,-0.03826294144327002,-1.6104703949812564,-1.5898809395498712,1.4620244546003407,-1.2374516750514024,0.12490712974424009,-0.27508825932639697,-0.5517662227983855
-1.2767772297189763,1,0,2,0.7960465952217275,0.7542692258502979,-1.342314205765586,0.88279428457523,-0.30586504915041257,0,1.3017941511261861,1.4843646609859844,0,0,0.0,-0.42535065589112697,2.0,0.8060903624110024,1.6497144711300988,-0.9117153511432231,0.586540666466117,-1.030249561129786,0.19594972432691823,-0.13530058331674574,1.6586650703176642
1.6257929292458633,1,0,3,-0.5377771144236672,-0.2618306125220357,-1.2030411528858607,0.006161895890473879,0.6940696804704239,0,0.4108291997139728,-1.4551622381826224,0,0,0.0,-0.42535065589112697,2.0,0.08631377551883558,-1.3215932549460732,1.2216805623860227,0.8227823235817011,-1.5137211602802234,0.6932478864056645,0.14427476870255662,-1.4497539356267808
-0.11574916613304052,0,4,2,1.1989725075104405,1.2284491504240536,-1.2726776793257237,1.759426673259986,0.21134256961898562,0,-0.48013575169824046,-0.867256858348901,0,0,0.0,-0.42535065589112697,2.0,1.2490298004984894,-0.1385725862305605,0.8260839691488118,-0.6780470275055401,0.972704206779171,-1.3669873564919994,-0.48476977334087296,1.6586650703176642
-0.9865202138224924,2,3,4,0.9905625528783477,1.174257159044196,-0.8548585206865456,0.006161895890473879,-0.8575531758377707,1,1.3017941511261861,1.4843646609859844,0,0,0.0,-0.42535065589112697,2.0,0.8891415070524064,-1.6654946121308152,-1.3638257434143217,0.6004372345317393,-1.168384303744197,-0.8696891944132532,1.542151528799067,0.20806953421025662
1.6257929292458633,0,2,4,0.9349865649764563,1.2419971482690177,-1.5512237850851749,1.759426673259986,-1.6506048579508479,0,1.3017941511261861,-1.4551622381826224,1,0,2.0,1.9570595794675738,0.0,-0.3704675200088858,1.0306920281975627,-0.5019903081475401,-0.1221843048806361,-0.3395758480577321,-1.4380299510746777,-0.20519442132157134,-1.035298068167522
0.4647648656599274,2,2,2,-0.74618706905576,-0.9256825069252936,0.25932590235126196,0.88279428457523,0.7285501883883838,1,-1.3711007031104538,1.4843646609859844,0,0,0.0,-0.42535065589112697,2.0,0.11399749039930356,-1.1840327120721765,0.6424141222886782,1.0590239806972852,-0.6158453332865532,1.2615886430670897,1.4023638527894158,-0.7589941565280154
0.4647648656599274,1,2,0,0.01798276459524716,-0.04506264700260435,-1.620860311525038,0.88279428457523,-0.6506701283300114,0,1.3017941511261861,-0.27935147851517966,0,0,0.0,-0.42535065589112697,2.0,-0.6473046688135655,1.0306920281975627,1.6031487058647622,1.281369069747247,-1.3065190463586072,0.8353330755710208,-0.6245574493505242,1.6586650703176642
0.17450784976344344,2,2,2,-1.3158409450501476,-1.4269584271889784,-0.6459489413669565,0.006161895890473879,1.5216018705014611,1,0.4108291997139728,-0.27935147851517966,1,0,1.0,0.7658544617882235,0.0,0.6538299305684289,-1.4041295806704113,-1.7170369873761175,1.1701965252222661,-1.030249561129786,-0.44343362691718513,1.681939204808718,-0.5517662227983855
-0.6962631979260084,2,4,2,1.4490644530689516,1.6755330793078806,0.8860546403100283,-0.8704704927942822,-1.374760794607169,0,0.4108291997139728,0.30855390131854166,0,0,0.0,-0.42535065589112697,2.0,-0.13515594352490826,-0.496229997702692,-0.06400836563491329,1.1840930932878886,-0.5467779619793477,-1.1538595727439658,0.7733193107459861,1.106057247038652
-1.5670342456154605,0,0,1,-0.9129150327614345,-0.6411745521810406,-0.5763124149270935,-0.8704704927942822,0.24582307753694552,1,-1.3711007031104538,1.4843646609859844,1,1,0.0,-0.42535065589112697,3.0,0.8337740772914704,1.058204136772342,1.1651667633521354,-0.8170127081617662,-1.582788531587429,0.8353330755710208,-1.3933896674036048,-0.6208422007082621
0.4647648656599274,2,2,0,-1.5103569027067678,-1.2508344552044404,1.2342372725093433,0.006161895890473879,-1.7195658737867676,0,0.4108291997139728,-0.27935147851517966,0,0,0.0,-0.42535065589112697,2.0,0.6815136454488968,0.04025611950550523,-0.7421739540415617,-0.9559783888179924,-1.582788531587429,-0.7276040052478969,0.5636377967315094,1.520513114497911
1.6257929292458633,2,4,4,-0.9407030267123803,-1.115354476754796,-1.5512237850851749,-0.8704704927942822,1.5905628863373809,0,0.4108291997139728,-0.27935147851517966,1,1,0.0,-0.42535065589112697,3.0,0.2108904924809412,-1.335349309233463,-0.23354976273657538,-0.09439116874939087,1.2489736920079928,0.12490712974424009,-0.4148759353360481,1.6586650703176642
1.3355359133493794,0,3,3,-0.2737911718896829,0.04977333791214657,0.8164181138701654,-0.8704704927942822,1.245757807157782,0,1.3017941511261861,-1.4551622381826224,0,0,0.0,-0.42535065589112697,2.0,-0.7165139560147352,1.4158615482444736,0.8402124189072834,1.1007136848941528,-1.6518559028946345,1.6168016159804797,0.7733193107459861,-0.6899181786181388
0.17450784976344344,0,4,3,0.1013467464480844,0.009129344377252888,-0.22812978272777917,1.759426673259986,0.07342053794714612,1,1.3017941511261861,-1.4551622381826224,0,0,0.0,-0.42535065589112697,2.0,-0.8964581027377767,-1.679250666418205,-0.1629075139442165,-0.6502538913742949,0.35109786501432255,-0.7276040052478969,-0.6944512873553498,0.8297533353991454
-0.6962631979260084,2,4,3,-1.5242508996822406,-1.7385623776231607,1.3038737989492057,0.88279428457523,1.2112772992398222,1,1.3017941511261861,0.896459281152263,1,1,0.0,-0.42535065589112697,3.0,1.1798205132973199,-0.7438389748757065,-0.3041920115289349,-0.7614264358992757,0.972704206779171,0.2669923189095964,0.5636377967315094,-0.828070134437892
-0.4060061820295245,1,4,0,0.33754469503112294,0.5916932517107244,-1.411950732205449,0.88279428457523,-1.4437218104430887,0,0.4108291997139728,-1.4551622381826224,0,0,0.0,-0.42535065589112697,2.0,-1.505499830108072,1.5671781454057605,-1.7311654371345893,0.7255063471223431,-1.444653788973018,1.4747164268151234,-0.13530058331674574,-1.2425260018971518
-0.9865202138224924,1,1,1,1.351806474240642,1.3639291288736977,0.328962428791125,-0.8704704927942822,-0.4437870808222521,0,-1.3711007031104538,0.896459281152263,0,0,0.0,-0.42535065589112697,2.0,0.48772764128562096,0.6042543452884824,-1.34969729365585,-0.8725989804242567,0.972704206779171,1.687844210563158,-0.8342389633650009,-0.7589941565280154
1.3355359133493794,1,0,1,0.8377285861481458,0.8220092150751199,0.4682354816708502,1.759426673259986,1.2112772992398222,1,-0.48013575169824046,-1.4551622381826224,0,0,0.0,-0.42535065589112697,2.0,-1.5885509747494757,0.35664536811546793,1.391221959487685,-0.8587024123586338,-0.1323737341361157,-0.15926324858647253,-0.06540674531192016,0.4152974679398865
-0.9865202138224924,0,1,4,-0.19042719003684563,-0.16699462760728478,0.328962428791125,0.88279428457523,-0.06450149372469341,0,-1.3711007031104538,1.4843646609859844,1,1,1.0,0.7658544617882235,2.0,1.1521367984168518,1.182008625358849,-0.8128162028339205,-0.08049460068376794,-0.20144110544332117,-1.0117743835786095,-0.34498209733122254,-1.587905891446534
0.7550218815564114,0,2,4,1.0878205317066576,1.214901152579089,1.0949642196296174,0.88279428457523,0.004459522111226352,1,0.4108291997139728,-1.4551622381826224,1,1,2.0,0.7658544617882235,2.0,-1.6300765470701777,0.6042543452884824,-1.6605231883422302,-0.1221843048806361,1.4561758059296086,-1.224902167326644,-0.4148759353360481,0.7606773574892688
-0.4060061820295245,0,1,3,-0.8434450478840704,-0.939230504770258,-0.7155854678068195,-0.8704704927942822,1.4181603467475814,0,-1.3711007031104538,-1.4551622381826224,0,0,0.0,-0.42535065589112697,2.0,0.47388578384538665,-1.5416901235443083,-0.9117153511432231,-1.4840479753116511,0.35109786501432255,0.6222052918229863,-1.3234958293987793,-0.413614266978633
-0.6962631979260084,2,1,0,-0.4683071295463031,-0.19409062329721372,-0.2977663091676422,0.006161895890473879,1.5905628863373809,0,-0.48013575169824046,-0.27935147851517966,0,0,0.0,-0.42535065589112697,2.0,-0.49504423697099137,1.5121539282562018,0.543514973979375,0.6699200748598526,-0.4777105906721423,0.33803491349227455,-1.6729650194229073,0.48437344584976233
-0.11574916613304052,0,0,2,-1.3436289390010934,-1.0747104832199026,-1.1334046264459976,1.759426673259986,-0.8230726679198108,1,-0.48013575169824046,0.896459281152263,1,1,1.0,1.9570595794675738,1.0,-1.491657972667838,0.10903639094245401,-1.3073119443804344,-1.6508067920991223,-0.27050847675052664,-0.7276040052478969,-0.06540674531192016,0.2771455121201332
-0.4060061820295245,2,2,2,-1.3158409450501476,-1.3185744444292626,-0.5763124149270935,-0.8704704927942822,-0.4437870808222521,0,-1.3711007031104538,1.4843646609859844,0,0,0.0,-0.42535065589112697,2.0,1.2213460856180214,-0.33115734625401627,-1.5474955902744558,0.19743676062868373,1.2489736920079928,0.33803491349227455,-0.9740266393746521,-0.413614266978633
-0.9865202138224924,0,3,0,1.2267605014613863,0.9168451999898714,-0.22812978272777917,-0.8704704927942822,-0.09898200164265329,0,-0.48013575169824046,-0.27935147851517966,0,0,0.0,-0.42535065589112697,2.0,0.34930906688328106,0.70054672530021,0.6141572227717345,-0.38621909812746547,-1.168384303744197,-0.23030584316915068,-1.2536019913939545,1.3823611586781577
-1.5670342456154605,1,1,4,1.5463224318972622,1.6213410879280228,0.050416323031672906,-0.8704704927942822,1.4181603467475814,1,0.4108291997139728,-0.27935147851517966,1,1,2.0,0.7658544617882235,0.0,-0.3151000902479498,-0.6475465948639789,0.5717718734963186,0.4058852816130227,-0.4777105906721423,-1.0117743835786095,1.681939204808718,-0.1373103553391265
-1.2767772297189763,1,3,0,-0.06538121725759008,0.26654130343157795,-0.019220203408190112,-0.8704704927942822,-0.20242352539653294,0,-0.48013575169824046,-0.27935147851517966,0,0,0.0,-0.42535065589112697,2.0,-1.0071929622596487,1.457129711106643,-0.3465773608043501,-0.3167362577993521,-0.6158453332865532,-1.295944761909322,-0.06540674531192016,-1.2425260018971518
1.0452788974528953,2,2,1,-1.3436289390010934,-1.6166303970184805,-0.6459489413669565,1.759426673259986,0.5906281567165443,0,1.3017941511261861,-1.4551622381826224,0,0,0.0,-0.42535065589112697,2.0,1.678127381145743,-0.7300829205883166,1.5748918063478186,-0.34452939393059734,-0.4086432193649376,-0.5855188160825406,0.14427476870255662,-1.1734500239872752
-1.5670342456154605,0,1,2,0.1013467464480844,0.33428129265639994,-0.9244950471264086,-0.8704704927942822,-1.6506048579508479,0,-0.48013575169824046,0.896459281152263,0,0,0.0,-0.42535065589112697,2.0,-1.0487185345803507,-1.5279340692569185,-0.6008894564568432,-0.7475298678336528,1.5943105485440194,0.19594972432691823,-0.5546636113456985,0.2771455121201332
0.4647648656599274,2,4,4,1.7269443925784091,1.9193970405172402,1.0949642196296174,0.006161895890473879,0.004459522111226352,1,-1.3711007031104538,-0.27935147851517966,0,0,0.0,-0.42535065589112697,2.0,1.3182390876996597,0.4254256395524167,0.19030373001757925,0.46147155387551314,-1.030249561129786,-0.372391032334507,-1.6030711814180816,-0.06823437742924988
-0.6962631979260084,1,0,4,1.4073824621425333,1.6213410879280228,0.328962428791125,-0.8704704927942822,-1.374760794607169,0,-1.3711007031104538,0.30855390131854166,0,0,0.0,-0.42535065589112697,2.0,-1.6023928321897096,0.838107268174107,0.11966148122522034,-1.4979445433772738,0.6273673502431437,-0.15926324858647253,-1.6030711814180816,1.5895890924077876
-0.9865202138224924,2,2,1,-0.13485120213495413,-0.4515025823515381,-0.08885672984805312,1.759426673259986,0.14238155378306588,0,1.3017941511261861,1.4843646609859844,0,0,0.0,-0.42535065589112697,2.0,0.08631377551883558,0.21908482524157158,-0.26180666225351906,0.4058852816130227,1.4561758059296086,-0.5144762214998625,0.7733193107459861,1.3823611586781577
1.3355359133493794,2,1,2,-0.3293671597915744,-0.5327905694213249,0.8860546403100283,0.006161895890473879,-1.5126828262790084,1,0.4108291997139728,-1.4551622381826224,1,1,2.0,3.1482646971469244,3.0,-1.519341687548306,-1.7067627749929843,0.4446158256700724,-0.6502538913742949,-0.8921148185153751,-0.6565614106652188,-0.8342389633650009,-1.587905891446534
0.17450784976344344,1,1,3,-1.677084866412442,-1.6166303970184805,0.6075085345505763,-0.8704704927942822,0.5561476487985845,0,-0.48013575169824046,-0.867256858348901,0,0,0.0,-0.42535065589112697,2.0,0.46004392640515296,0.4942059109893649,1.0803960648013042,-0.539081346849314,0.8345694641647601,0.053864535161561936,1.0528946627652886,1.7277410482275408
-1.2767772297189763,0,0,0,0.6015306375651073,0.374925286191293,-0.7155854678068195,-0.8704704927942822,0.4871866329626647,0,-1.3711007031104538,0.896459281152263,0,0,0.0,-0.42535065589112697,2.0,0.8337740772914704,-1.2253008749343453,0.8402124189072834,0.9756445723035496,0.5582999789359382,0.9063756701536989,1.1926823387749397,0.4152974679398865
0.4647648656599274,1,1,1,-0.35715515374252016,-0.49214657588643124,-0.7852219942466825,0.006161895890473879,-0.7196311441659311,1,-0.48013575169824046,-0.27935147851517966,0,0,0.0,-0.42535065589112697,2.0,-0.5227279518514594,-1.335349309233463,1.038010715525889,1.600990135256567,-1.444653788973018,1.6168016159804797,0.07438093069773102,-0.6899181786181388
0.4647648656599274,0,2,1,-1.3575229359765661,-1.5488904077936583,-0.9244950471264086,1.759426673259986,0.3147840933728653,0,-0.48013575169824046,-0.867256858348901,0,0,0.0,-0.42535065589112697,2.0,-0.32894194768818413,-0.7025708120135371,-0.9964860496940542,-0.7197367317024076,1.0417715780863765,1.4747164268151234,-0.34498209733122254,1.3823611586781577
0.17450784976344344,2,3,0,-0.09316921120853583,0.1039653292920044,0.4682354816708502,0.88279428457523,-1.3057997787712492,1,0.4108291997139728,0.896459281152263,1,1,2.0,1.9570595794675738,3.0,-0.2874163753674818,0.8931314853236658,-1.1518989970372444,0.8088857555160782,1.2489736920079928,-0.15926324858647253,1.1227885007701142,0.20806953421025662
-1.2767772297189763,1,2,0,0.7265766103443628,0.4968572667959734,1.0253276931897544,1.759426673259986,-0.7196311441659311,1,1.3017941511261861,0.896459281152263,0,0,0.0,-0.42535065589112697,2.0,1.4428158046617654,0.7555709424497689,-0.40309115983823746,-1.136633773671086,1.3180410633151975,1.1195034539017334,0.7733193107459861,-0.7589941565280154
-1.5670342456154605,0,2,0,-0.6489290902274502,-0.28892660821196464,0.050416323031672906,-0.8704704927942822,-1.1333972391814497,0,-0.48013575169824046,1.4843646609859844,1,1,0.0,-0.42535065589112697,1.0,1.3736065174605956,0.2878650966785198,-0.1629075139442165,-0.5112882107180687,1.525243177236814,-1.5090725456573557,1.542151528799067,1.106057247038652
1.3355359133493794,2,3,1,-0.8017630569576515,-1.0069704939950803,-0.6459489413669565,0.006161895890473879,1.0733552675679827,1,0.4108291997139728,0.896459281152263,1,1,2.0,0.7658544617882235,0.0,-0.2597326604870139,-0.42744972626574385,1.4901211077969874,0.6560235067942297,-1.3065190463586072,-1.6511577348227122,0.21416860670738222,1.520513114497911
0.4647648656599274,1,0,3,0.6015306375651073,0.8355572129200847,-0.8548585206865456,-0.8704704927942822,-1.3057997787712492,1,-1.3711007031104538,0.30855390131854166,0,0,0.0,-0.42535065589112697,2.0,-1.2840301110643282,0.6042543452884824,1.518378007313931,-0.7614264358992757,-0.06330636282891022,0.48012010265763005,1.7518330428135438,-1.3806779577169042
-0.11574916613304052,0,0,0,1.574110425848208,1.5400531008582359,-0.22812978272777917,-0.8704704927942822,0.9354332358961431,1,1.3017941511261861,-1.4551622381826224,1,1,0.0,-0.42535065589112697,2.0,-1.547025402428774,0.9206435938984452,-0.3465773608043501,1.1701965252222661,1.2489736920079928,-1.0117743835786095,0.5636377967315094,-0.06823437742924988
0.4647648656599274,2,2,0,0.5042726587367975,0.2936372991215068,0.8860546403100283,0.88279428457523,-0.5817091124940916,1,1.3017941511261861,0.30855390131854166,0,0,0.0,-0.42535065589112697,2.0,0.8337740772914704,-0.633790540576589,0.4587442754285439,-0.3167362577993521,0.7655020928575547,-1.0828169781612877,1.4023638527894158,-0.7589941565280154
-0.9865202138224924,1,2,0,0.5737426436141615,0.3478292905013641,0.9556911667498914,0.88279428457523,-0.2369040333144928,1,-1.3711007031104538,-0.867256858348901,0,0,0.0,-0.42535065589112697,2.0,-1.6716021193908797,-0.4136936719783538,-0.629146355973787,-1.623013655967877,-1.3065190463586072,-0.30134843775182885,0.004487092692905432,-0.3445382890687564
-1.5670342456154605,2,1,1,1.4073824621425333,1.5400531008582359,0.7467815874303023,-0.8704704927942822,1.6940044100912606,0,1.3017941511261861,-0.867256858348901,0,0,0.0,-0.42535065589112697,2.0,0.6123043582477266,-0.6475465948639789,0.9108546676996429,0.9895411403691725,0.0748283797855007,1.687844210563158,-1.3234958293987793,-1.6569818693564107
1.3355359133493794,2,1,3,-0.41273114164441166,-0.3024746060569294,-1.1334046264459976,0.88279428457523,-0.8920336837557306,1,0.4108291997139728,-0.867256858348901,0,0,0.0,-0.42535065589112697,2.0,-0.9518255324987127,0.4804498567019755,0.2044321797760514,0.28081616902241946,0.5582999789359382,0.12490712974424009,1.33247001478459,0.6225254016695156
1.3355359133493794,0,3,1,1.129502522633076,1.0387771805945512,-0.7155854678068195,0.88279428457523,1.2112772992398222,1,1.3017941511261861,-0.27935147851517966,0,0,0.0,-0.42535065589112697,2.0,0.7368810752098321,1.4983978739688117,0.3174597778438255,-0.05270146455252271,-1.5137211602802234,0.6222052918229863,0.2840624447122078,1.7277410482275408
0.17450784976344344,2,3,3,0.9766685559028746,0.6187892474006533,0.12005284947153592,0.006161895890473879,-0.9954752075096102,1,-1.3711007031104538,-0.27935147851517966,0,0,0.0,-0.42535065589112697,2.0,0.7784066475305345,0.4116695852650267,1.3488366102122695,1.253575933616002,-0.6158453332865532,-0.7986465998305751,1.681939204808718,0.06991757839050336
-0.6962631979260084,0,2,4,-0.39883714466893844,-0.505694573731396,-0.8548585206865456,-0.8704704927942822,-0.13346250956061317,0,-0.48013575169824046,1.4843646609859844,0,0,0.0,-0.42535065589112697,2.0,-0.10747222864444028,1.3470812768075255,0.6847994715640934,-1.4701514072460284,-1.2374516750514024,-1.7932429239880685,0.4937439587266838,-0.20638633324900313
-0.11574916613304052,2,0,4,-0.30157916584062866,-0.15344662976232004,0.8860546403100283,0.88279428457523,-1.02995571542757,0,-1.3711007031104538,1.4843646609859844,1,1,0.0,-0.42535065589112697,0.0,-0.7718813857756711,1.058204136772342,-0.19116441346116017,0.21133332869430665,-0.20144110544332117,-1.6511577348227122,-1.183708153389129,-0.20638633324900313
1.6257929292458633,0,2,3,1.365700471216115,1.214901152579089,-1.2726776793257237,-0.8704704927942822,0.9009527279781833,0,0.4108291997139728,0.30855390131854166,0,0,0.0,-0.42535065589112697,2.0,0.5569369284867906,-1.3491053635208525,0.43048737591160025,0.044574511906835285,-0.3395758480577321,1.6168016159804797,0.07438093069773102,-0.9662220902576453
-0.4060061820295245,0,3,2,-0.23210918096326458,-0.28892660821196464,-1.481587258645312,1.759426673259986,1.0733552675679827,0,-0.48013575169824046,0.30855390131854166,1,0,1.0,1.9570595794675738,0.0,1.1382949409766177,0.7968391053119382,-0.5585041071814274,0.7394029151879654,-0.3395758480577321,1.6168016159804797,1.6120453668038925,-0.3445382890687564
0.4647648656599274,1,4,1,0.9349865649764563,1.0523251784395153,-0.9244950471264086,-0.8704704927942822,-0.40930657290429223,1,0.4108291997139728,0.30855390131854166,0,0,0.0,-0.42535065589112697,2.0,0.22473234992117547,0.9343996481858352,-0.04987991587644175,-1.6508067920991223,-1.7209232742018399,-0.5144762214998625,1.4722576907942413,-0.9662220902576453
1.3355359133493794,1,3,0,-1.579826887584132,-1.7385623776231607,-1.1334046264459976,-0.8704704927942822,-0.9954752075096102,1,0.4108291997139728,-1.4551622381826224,1,0,1.0,0.7658544617882235,2.0,-0.32894194768818413,1.3608373310949153,-1.8159361356854204,1.4342313184690956,-1.168384303744197,1.758886805145836,1.6120453668038925,0.0008416004806267426
0.17450784976344344,1,0,2,-0.45441313257082994,-0.3702145952817514,0.8860546403100283,-0.8704704927942822,1.6595239021733006,1,0.4108291997139728,-0.27935147851517966,0,0,0.0,-0.42535065589112697,2.0,-0.7718813857756711,0.4254256395524167,1.6879194044155932,-0.34452939393059734,0.2820304937071171,-0.30134843775182885,1.1926823387749397,1.3823611586781577
1.0452788974528953,2,4,1,1.4490644530689516,1.6890810771528446,-0.019220203408190112,-0.8704704927942822,-0.34034555706837244,1,-1.3711007031104538,-0.867256858348901,0,0,0.0,-0.42535065589112697,2.0,1.5812343790641052,-1.2115448206469557,0.5859003232547908,-0.9142886846211242,-0.20144110544332117,0.7642904809883426,0.21416860670738222,-0.27546231115887976
1.6257929292458633,2,4,3,0.8933045740500373,1.0252291827495865,-0.5066758884872304,-0.8704704927942822,-0.3748260649863323,1,-1.3711007031104538,1.4843646609859844,0,0,0.0,-0.42535065589112697,2.0,0.9721926516938103,-0.08354836908100173,-0.06400836563491329,-0.9837715249492376,0.35109786501432255,-1.1538595727439658,-0.5546636113456985,1.2442092028584053
1.6257929292458633,0,3,4,0.4625906678103785,0.5510492581758313,-0.7155854678068195,-0.8704704927942822,-0.47826758874021197,1,0.4108291997139728,-0.27935147851517966,0,0,0.0,-0.42535065589112697,2.0,1.1659786558570855,-0.5787663234270302,0.6282856725302061,0.9895411403691725,0.5582999789359382,-1.224902167326644,1.33247001478459,0.13899355630038
0.4647648656599274,2,2,2,-0.7322930720802874,-1.0069704939950803,-0.3674028356075052,0.88279428457523,0.383745109208785,1,-1.3711007031104538,0.896459281152263,0,0,0.0,-0.42535065589112697,2.0,-0.2874163753674818,0.08152428236767462,-1.6181378390668149,1.6843695436503026,-0.9611821898225805,-0.7276040052478969,-0.6944512873553498,-0.8971461123477686
-0.9865202138224924,0,3,4,-1.5659328906086594,-1.3185744444292626,-0.6459489413669565,-0.8704704927942822,-0.5127480966581719,1,-1.3711007031104538,0.896459281152263,1,0,2.0,3.1482646971469244,3.0,0.90298336449264,0.37040142240285795,1.3488366102122695,1.1562999571566432,-0.8230474472081696,-0.7986465998305751,-1.3234958293987793,-0.5517662227983855
-0.11574916613304052,0,1,3,-0.34326115676704755,-0.13989863191735588,0.8860546403100283,1.759426673259986,-1.02995571542757,0,-1.3711007031104538,-0.27935147851517966,0,0,0.0,-0.42535065589112697,2.0,-0.2874163753674818,0.8656193767488863,-1.7452938868930612,-0.7614264358992757,0.0748283797855007,-0.8696891944132532,0.423850120721859,-0.06823437742924988
-1.5670342456154605,2,1,3,0.33754469503112294,0.46976127110604454,0.7467815874303023,0.88279428457523,0.4871866329626647,1,-1.3711007031104538,-0.27935147851517966,0,0,0.0,-0.42535065589112697,2.0,-0.4535186646502897,1.4846418196814224,1.1086529643182481,0.7255063471223431,0.7655020928575547,-0.15926324858647253,1.4722576907942413,0.6916013795793922
0.17450784976344344,1,1,0,1.212866504485913,1.2961891396488756,-1.620860311525038,-0.8704704927942822,1.4526408546655414,1,-1.3711007031104538,1.4843646609859844,0,0,0.0,-0.42535065589112697,2.0,-0.5642535241721616,1.6497144711300988,1.2075521126275512,0.7394029151879654,0.7655020928575547,0.19594972432691823,1.542151528799067,0.0008416004806267426
-0.9865202138224924,0,4,0,-0.06538121725759008,-0.05861064484756911,-0.4370393620473682,0.006161895890473879,-1.1333972391814497,1,0.4108291997139728,-0.27935147851517966,0,0,0.0,-0.42535065589112697,2.0,1.1798205132973199,-1.679250666418205,0.6706710218056212,1.6843695436503026,-0.20144110544332117,-0.9407317889959314,0.7034254727411606,1.106057247038652
0.7550218815564114,2,2,0,0.11524074342355697,0.09041733144703964,-0.2977663091676422,0.88279428457523,-0.8230726679198108,0,-0.48013575169824046,0.896459281152263,0,0,0.0,-0.42535065589112697,2.0,1.595076236504339,0.7418148881623794,1.5466349068308747,-0.9003921165555019,1.3180410633151975,1.0484608593190552,0.633531634736335,0.4152974679398865
-1.2767772297189763,2,2,1,1.2823364893632778,1.1336131655093022,1.0253276931897544,1.759426673259986,0.17686206170102575,1,0.4108291997139728,-0.867256858348901,0,0,0.0,-0.42535065589112697,2.0,1.1521367984168518,1.4021054939570843,-1.7735507864100049,0.6560235067942297,-1.5137211602802234,0.12490712974424009,-0.7643451253601753,-0.6899181786181388
1.3355359133493794,1,3,3,-0.3154731628161018,-0.6005305586461469,-0.22812978272777917,0.006161895890473879,0.9354332358961431,1,-0.48013575169824046,-0.27935147851517966,0,0,0.0,-0.42535065589112697,2.0,-0.49504423697099137,-1.4316416892451906,-0.6432748057322585,0.6560235067942297,-1.444653788973018,-1.0828169781612877,-0.4148759353360481,1.6586650703176642
-0.6962631979260084,0,3,3,0.5876366405896347,0.4833092689510087,-1.0637681000061345,-0.8704704927942822,0.10790104586510599,1,1.3017941511261861,0.30855390131854166,1,1,0.0,-0.42535065589112697,1.0,-0.7718813857756711,-0.771351083450486,-0.2900635617704628,1.712162679781548,-1.5137211602802234,0.053864535161561936,-1.1138143153843032,1.6586650703176642
-0.4060061820295245,0,0,4,1.657474407701045,1.580697094393129,-1.1334046264459976,0.006161895890473879,-0.34034555706837244,1,0.4108291997139728,-1.4551622381826224,1,1,1.0,3.1482646971469244,0.0,-0.35662566256865147,-0.8126192463126547,-1.0953851980033573,-0.011011760355655176,-0.8230474472081696,-0.7986465998305751,0.5636377967315094,1.5895890924077876
0.17450784976344344,1,4,2,-1.482568908755822,-1.1559984702896895,1.5824199047086578,-0.8704704927942822,-0.34034555706837244,0,1.3017941511261861,0.30855390131854166,0,0,0.0,-0.42535065589112697,2.0,-0.13515594352490826,-1.4041295806704113,0.13378993098369188,0.5309543942036266,0.6964347215503491,-0.44343362691718513,0.21416860670738222,-0.1373103553391265
-0.11574916613304052,1,3,2,-0.6628230872029234,-0.49214657588643124,0.328962428791125,0.88279428457523,0.5906281567165443,1,0.4108291997139728,-0.867256858348901,0,0,0.0,-0.42535065589112697,2.0,-0.17668151584560993,0.3841574766902473,-1.0671282984864137,1.5731969991253216,-1.7209232742018399,0.9774182647363772,0.423850120721859,-0.413614266978633
1.6257929292458633,2,0,2,0.4348026738594328,0.5104052646409376,1.5127833782687947,-0.8704704927942822,-0.5127480966581719,1,-1.3711007031104538,-0.867256858348901,0,0,0.0,-0.42535065589112697,2.0,-0.3427838051284178,1.1682525710714597,-1.1518989970372444,0.6421269387286074,1.6633779198512249,-1.4380299510746777,-1.7428588574277328,-0.20638633324900313
-0.9865202138224924,1,2,2,1.351806474240642,1.607793090083058,1.0253276931897544,0.006161895890473879,1.4526408546655414,1,-1.3711007031104538,-0.27935147851517966,0,0,0.0,-0.42535065589112697,2.0,-1.6992858342713475,0.30162115096590975,0.34571667736076916,0.5170578261380036,-0.8921148185153751,0.7642904809883426,-1.3933896674036048,-1.035298068167522
0.17450784976344344,1,4,1,-1.5659328906086594,-1.806302366847983,-1.690496837964901,-0.8704704927942822,0.6251086646345042,1,1.3017941511261861,-0.867256858348901,1,1,0.0,-0.42535065589112697,1.0,-1.505499830108072,-0.1385725862305605,0.7695701701149245,0.41978184967864557,0.6273673502431437,-1.5090725456573557,1.6120453668038925,1.1751332249485287
-0.11574916613304052,0,2,0,-0.41273114164441166,-0.3973105909716803,-0.7852219942466825,1.759426673259986,-1.6506048579508479,0,-0.48013575169824046,-1.4551622381826224,0,0,0.0,-0.42535065589112697,2.0,-0.8549325304170751,1.6772265797048782,-0.7845593033169769,0.9895411403691725,-0.27050847675052664,-1.0828169781612877,1.0528946627652886,-0.5517662227983855
1.6257929292458633,0,2,0,-0.4683071295463031,-0.722462539250827,0.5378720081107132,-0.8704704927942822,1.1767967913218622,0,-1.3711007031104538,-0.867256858348901,0,0,0.0,-0.42535065589112697,2.0,-0.8687743878573088,0.70054672530021,-0.3041920115289349,-0.14997744101188132,0.4892326076287327,1.5457590213978016,-1.533177343413256,1.106057247038652
-0.11574916613304052,1,4,1,0.9766685559028746,0.8897492042999424,-1.0637681000061345,1.759426673259986,-1.5126828262790084,1,0.4108291997139728,1.4843646609859844,0,0,0.0,-0.42535065589112697,2.0,-1.6300765470701777,-0.991447952048721,-0.8269446525923921,0.781092619384833,-1.6518559028946345,-0.372391032334507,1.4722576907942413,-1.3116019798070275
-0.4060061820295245,1,1,0,0.9905625528783477,0.6729812387805111,0.8164181138701654,-0.8704704927942822,-0.13346250956061317,0,0.4108291997139728,-0.27935147851517966,1,0,0.0,-0.42535065589112697,1.0,1.0552437963352137,-1.6930067207055945,1.4477357585215722,-0.14997744101188132,0.21296312239991164,-0.8696891944132532,0.8432131487508118,-1.4497539356267808
0.4647648656599274,1,3,4,0.9905625528783477,1.1065171698193732,1.4431468518289317,0.88279428457523,-0.5127480966581719,0,-0.48013575169824046,-1.4551622381826224,1,0,2.0,1.9570595794675738,3.0,0.017104488317665322,1.5121539282562018,1.27819436141991,-1.3311857265898024,-0.3395758480577321,0.19594972432691823,0.004487092692905432,-1.035298068167522
-0.4060061820295245,2,4,4,0.6015306375651073,0.3613772883463288,1.2342372725093433,-0.8704704927942822,-0.7196311441659311,1,0.4108291997139728,1.4843646609859844,0,0,0.0,-0.42535065589112697,2.0,-0.7026720985745009,-0.1385725862305605,-0.36070581056282225,0.8088857555160782,-0.4086432193649376,-0.08822065400379436,-0.27508825932639697,0.8297533353991454
-0.4060061820295245,2,2,3,0.7543646042953086,0.5781452538657602,0.050416323031672906,1.759426673259986,-0.6161896204120515,0,-1.3711007031104538,1.4843646609859844,0,0,0.0,-0.42535065589112697,2.0,-1.1594533941022225,1.3470812768075255,-0.9682291501771105,-0.45570193845557827,-1.3755864176658126,-1.0117743835786095,0.07438093069773102,0.34622149003000985
0.17450784976344344,0,0,0,-1.5520388936331864,-1.4405064250339428,-0.9244950471264086,1.759426673259986,-0.788592160001851,0,1.3017941511261861,-0.27935147851517966,1,1,0.0,-0.42535065589112697,2.0,0.1970486350407075,-0.2898891833918469,-0.3041920115289349,0.18354019256306145,0.6964347215503491,0.6932478864056645,-1.1138143153843032,0.0008416004806267426
-0.9865202138224924,2,2,1,0.1569227343499759,0.1039653292920044,-1.690496837964901,0.88279428457523,-0.09898200164265329,1,-1.3711007031104538,0.896459281152263,0,0,0.0,-0.42535065589112697,2.0,-0.5642535241721616,-1.2253008749343453,0.6282856725302061,-0.9698749568836147,-0.3395758480577321,1.4036738322324451,-1.0439204773794777,0.0008416004806267426
-0.4060061820295245,2,0,0,0.9488805619519288,0.8491052107650487,1.2342372725093433,-0.8704704927942822,-1.6506048579508479,1,-1.3711007031104538,0.896459281152263,0,0,0.0,-0.42535065589112697,2.0,-0.965667389938947,0.7418148881623794,1.2923228111783822,0.8505754597129463,0.6964347215503491,0.9063756701536989,-0.13530058331674574,1.313285180768281
0.7550218815564114,1,1,3,-0.06538121725759008,0.04977333791214657,1.0253276931897544,1.759426673259986,-0.754111652083891,1,0.4108291997139728,-0.867256858348901,0,0,0.0,-0.42535065589112697,2.0,-0.32894194768818413,-0.05603626050622234,-1.7735507864100049,-0.27504655360248453,0.4892326076287327,-1.7222003294053903,-0.7643451253601753,-1.035298068167522
0.4647648656599274,1,4,3,1.2962304863387504,1.3503811310287335,0.12005284947153592,0.006161895890473879,0.969913743814103,0,1.3017941511261861,-1.4551622381826224,0,0,0.0,-0.42535065589112697,2.0,1.6642855237055092,-0.1660846948053399,-0.00749456660102654,1.739955815912793,-0.8921148185153751,1.5457590213978016,-1.6030711814180816,-0.20638633324900313
-0.9865202138224924,2,2,0,-0.5238831174481946,-0.42440658666160924,-1.5512237850851749,1.759426673259986,-1.6161243500328881,1,1.3017941511261861,0.30855390131854166,0,0,0.0,-0.42535065589112697,2.0,-1.5747091173092416,-0.5237421062774714,1.4618642082800437,-0.37232253006184257,1.1799063207007874,1.1905460484844115,-0.4148759353360481,0.48437344584976233
-1.2767772297189763,2,2,1,0.9349865649764563,0.8897492042999424,-1.5512237850851749,-0.8704704927942822,0.24582307753694552,1,1.3017941511261861,0.896459281152263,0,0,0.0,-0.42535065589112697,2.0,-0.5088860944112257,0.6042543452884824,0.868469318424227,-1.6369102240334996,-1.030249561129786,0.7642904809883426,-0.4148759353360481,0.553449423759639
1.6257929292458633,0,4,2,-0.3849431476934659,-0.13989863191735588,-0.8548585206865456,-0.8704704927942822,-1.02995571542757,0,-0.48013575169824046,0.30855390131854166,0,0,0.0,-0.42535065589112697,2.0,1.2213460856180214,0.1365484995172334,0.868469318424227,-0.6224607552430497,-0.27050847675052664,0.7642904809883426,-0.4148759353360481,0.2771455121201332
0.7550218815564114,1,3,4,-0.9129150327614345,-0.6953665435608981,-0.2977663091676422,0.006161895890473879,-1.4092413025251287,0,0.4108291997139728,-1.4551622381826224,0,0,0.0,-0.42535065589112697,2.0,0.2939416371223451,-1.2665690377965144,-0.24767821249504754,-0.1221843048806361,1.5943105485440194,-0.23030584316915068,0.14427476870255662,0.13899355630038
-0.9865202138224924,0,0,0,1.5185344379463164,1.3910251245636265,-0.6459489413669565,0.88279428457523,1.5560823784194209,0,-1.3711007031104538,-0.867256858348901,0,0,0.0,-0.42535065589112697,2.0,-0.7580395283354369,0.5354740738515343,1.0945245145597764,-1.4701514072460284,0.972704206779171,1.1195034539017334,-0.13530058331674574,1.6586650703176642
0.4647648656599274,0,4,4,-1.4408869178294035,-1.5353424099486936,-0.5066758884872304,0.006161895890473879,-1.4782023183610484,1,-1.3711007031104538,1.4843646609859844,0,0,0.0,-0.42535065589112697,2.0,-1.6162346896299435,1.3058131139453566,-0.954100700418639,0.2391264648255519,-1.582788531587429,0.5511626972403082,-0.6245574493505242,1.3823611586781577
1.3355359133493794,0,3,3,0.04577075854619291,-0.11280263622742695,-0.22812978272777917,0.88279428457523,-1.1333972391814497,0,1.3017941511261861,-0.27935147851517966,0,0,0.0,-0.42535065589112697,2.0,1.0829275112156815,0.7143027795876,1.6031487058647622,1.1840930932878886,1.387108434622403,1.5457590213978016,1.0528946627652886,0.6225254016695156
-0.9865202138224924,2,3,1,1.7130503956029366,1.8516570512924182,-1.620860311525038,0.88279428457523,-1.3057997787712492,1,0.4108291997139728,0.30855390131854166,0,0,0.0,-0.42535065589112697,2.0,1.3597646600203614,1.1957646796462391,-0.3748342603212938,-1.6508067920991223,-1.444653788973018,-0.6565614106652188,-1.6729650194229073,-1.6569818693564107
0.4647648656599274,0,1,3,0.4209086768839602,0.23944530774164902,-1.620860311525038,-0.8704704927942822,0.24582307753694552,1,0.4108291997139728,0.896459281152263,0,0,0.0,-0.42535065589112697,2.0,1.2628716579387238,0.30162115096590975,0.2326890792929951,1.7538523839784155,0.9036368354719655,-0.23030584316915068,0.7034254727411606,-0.413614266978633
-0.6962631979260084,1,2,4,0.22639271922733997,-0.01796665131267543,-0.4370393620473682,-0.8704704927942822,0.14238155378306588,0,-1.3711007031104538,-0.27935147851517966,0,0,0.0,-0.42535065589112697,2.0,-0.10747222864444028,-0.1935968033801193,-0.06400836563491329,1.2952656378128695,-0.1323737341361157,1.5457590213978016,0.004487092692905432,1.520513114497911
-1.2767772297189763,2,0,1,-0.4822011265217757,-0.7089145414058626,-1.342314205765586,-0.8704704927942822,-1.02995571542757,0,-1.3711007031104538,-1.4551622381826224,0,0,0.0,-0.42535065589112697,2.0,0.5015694987258547,1.6359584168427088,-1.5757524897913995,0.2391264648255519,0.8345694641647601,1.1195034539017334,-0.27508825932639697,-1.035298068167522
-0.11574916613304052,0,4,3,-0.16263919608589988,-0.2618306125220357,1.1646007460694805,1.759426673259986,-0.030020985806733527,0,-0.48013575169824046,-1.4551622381826224,1,0,1.0,0.7658544617882235,1.0,0.37699278176374906,0.6867906710128207,1.151038313593664,1.1007136848941528,1.5943105485440194,0.12490712974424009,-0.06540674531192016,-0.3445382890687564
-1.2767772297189763,2,1,0,0.24028671620281314,0.38847328403625775,1.4431468518289317,-0.8704704927942822,0.8319917121422635,0,1.3017941511261861,-0.27935147851517966,0,0,0.0,-0.42535065589112697,2.0,-1.547025402428774,-1.6104703949812564,-0.31832046128740643,-1.4006685669179155,0.35109786501432255,1.332631237649767,1.33247001478459,0.553449423759639
0.17450784976344344,2,0,4,-0.009805229355698587,-0.3295706017468583,0.6075085345505763,-0.8704704927942822,0.07342053794714612,1,1.3017941511261861,-1.4551622381826224,0,0,0.0,-0.42535065589112697,2.0,1.719652953466445,-1.6104703949812564,1.3488366102122695,0.47536812194113603,1.6633779198512249,-0.15926324858647253,1.1926823387749397,-1.5188299135366574
-0.6962631979260084,2,4,0,-0.5377771144236672,-0.47859857804146705,-0.3674028356075052,-0.8704704927942822,0.4527061250447048,0,-0.48013575169824046,0.896459281152263,0,0,0.0,-0.42535065589112697,2.0,-1.436290542906902,-0.3999376176909644,-1.5616240400329275,-0.9559783888179924,-0.9611821898225805,-0.15926324858647253,-0.8342389633650009,-1.3806779577169042
-0.6962631979260084,1,1,4,-0.21821518398779138,-0.22118661898714262,1.6520564311485209,-0.8704704927942822,-0.3748260649863323,0,1.3017941511261861,0.30855390131854166,1,0,1.0,0.7658544617882235,3.0,-0.7580395283354369,1.0306920281975627,-0.6574032554907306,-0.6502538913742949,-0.8921148185153751,-1.3669873564919994,-0.8342389633650009,-0.48269024488850887
-0.6962631979260084,2,3,3,-1.010173011589745,-1.1830944659796183,-1.2726776793257237,1.759426673259986,1.280238315075742,1,1.3017941511261861,1.4843646609859844,0,0,0.0,-0.42535065589112697,2.0,-0.05210479888350432,-0.6750587034387584,0.17617528025910772,1.1007136848941528,-1.2374516750514024,0.2669923189095964,0.004487092692905432,-1.2425260018971518
-0.9865202138224924,1,0,0,-1.7326608543143334,-1.4676024207238718,1.3038737989492057,-0.8704704927942822,1.5216018705014611,1,-0.48013575169824046,-1.4551622381826224,1,1,2.0,1.9570595794675738,3.0,0.7507229326500665,-0.757595029163096,-0.5302472076644837,-1.0254612291461052,-0.5467779619793477,0.12490712974424009,1.7518330428135438,0.553449423759639
0.17450784976344344,1,1,3,1.1711845135594947,0.8220092150751199,1.3038737989492057,0.006161895890473879,1.3491993309116617,1,-1.3711007031104538,-0.867256858348901,0,0,0.0,-0.42535065589112697,2.0,-0.09363037120420598,0.5354740738515343,0.16204683050063556,0.6977132109910978,0.5582999789359382,-1.3669873564919994,1.0528946627652886,-1.3116019798070275
0.17450784976344344,1,3,4,-0.17653319306137308,-0.34311859959182245,-1.342314205765586,0.88279428457523,1.0388747596500227,1,-1.3711007031104538,1.4843646609859844,0,0,0.0,-0.42535065589112697,2.0,0.23857420736140916,0.2741090423911304,-0.09226526515185696,0.5448509622692488,-0.9611821898225805,0.19594972432691823,-0.4148759353360481,0.553449423759639
-0.11574916613304052,0,1,1,-1.2880529510992018,-1.4946984164138006,-1.2030411528858607,-0.8704704927942822,-0.788592160001851,1,-1.3711007031104538,1.4843646609859844,1,1,2.0,3.1482646971469244,2.0,1.124453083536384,-0.7438389748757065,1.4618642082800437,1.6704729755846797,0.2820304937071171,-1.295944761909322,-0.4148759353360481,1.0369812691287754
1.3355359133493794,0,3,3,-0.5794591053500862,-0.7089145414058626,0.25932590235126196,0.88279428457523,0.383745109208785,0,-1.3711007031104538,-1.4551622381826224,1,1,0.0,-0.42535065589112697,1.0,-0.8549325304170751,0.06776822808028461,0.020762332915917142,0.3502990093505328,0.9036368354719655,0.4090775080749527,0.3539562827170334,-1.5188299135366574
-0.6962631979260084,2,3,1,0.8655165800990916,1.0794211741294444,-0.15849325628791613,0.88279428457523,-1.1678777470994095,0,-0.48013575169824046,-0.867256858348901,0,0,0.0,-0.42535065589112697,2.0,1.5535506641836372,1.5259099825435911,0.33158822760229767,1.5176107268628312,0.972704206779171,0.2669923189095964,-1.7428588574277328,0.9679052912188987
0.17450784976344344,1,4,3,-0.0514872202821169,0.009129344377252888,0.328962428791125,0.88279428457523,1.5560823784194209,0,-1.3711007031104538,1.4843646609859844,1,0,0.0,-0.42535065589112697,0.0,1.1382949409766177,-1.1290084949226178,-1.7029085376176456,-0.9837715249492376,-0.5467779619793477,0.053864535161561936,0.423850120721859,1.4514371365880343
1.0452788974528953,1,2,2,0.9349865649764563,1.174257159044196,0.398598955230988,1.759426673259986,-0.6161896204120515,1,1.3017941511261861,-1.4551622381826224,1,1,2.0,0.7658544617882235,1.0,1.1798205132973199,-1.1702766577847867,-1.7311654371345893,-0.1360808729462584,-0.8921148185153751,-1.6511577348227122,0.7733193107459861,-1.3116019798070275
0.4647648656599274,1,1,0,-0.7739750630067057,-0.5327905694213249,-0.4370393620473682,-0.8704704927942822,0.383745109208785,1,0.4108291997139728,-0.27935147851517966,0,0,0.0,-0.42535065589112697,2.0,0.5292532136063226,-0.991447952048721,0.14791838074216404,1.281369069747247,1.1799063207007874,1.4747164268151234,-0.48476977334087296,-0.6208422007082621
-0.9865202138224924,2,4,4,0.07355875249713865,-0.11280263622742695,-0.9244950471264086,-0.8704704927942822,1.280238315075742,1,-1.3711007031104538,-0.27935147851517966,0,0,0.0,-0.42535065589112697,2.0,-0.7165139560147352,-1.582958286406477,0.43048737591160025,0.37809214548177805,0.5582999789359382,-1.0828169781612877,-0.6944512873553498,0.4152974679398865
-0.4060061820295245,2,0,0,1.3240184802896962,1.1336131655093022,-0.7852219942466825,-0.8704704927942822,-0.5127480966581719,0,-1.3711007031104538,0.30855390131854166,0,0,0.0,-0.42535065589112697,2.0,0.6261462156879608,0.1503045538046228,-0.5867610066983711,-0.17777057714312655,1.0417715780863765,-0.7986465998305751,-1.2536019913939545,-0.6208422007082621
1.6257929292458633,2,3,4,-0.8434450478840704,-0.7089145414058626,1.1646007460694805,0.006161895890473879,0.7285501883883838,0,1.3017941511261861,-0.867256858348901,0,0,0.0,-0.42535065589112697,2.0,1.484341376982467,-1.514178014969529,-1.4909817912405683,-1.1227372056054634,0.35109786501432255,-1.224902167326644,1.6120453668038925,-0.20638633324900313
-1.2767772297189763,2,1,0,-1.0935369934425818,-0.722462539250827,-1.5512237850851749,-0.8704704927942822,-0.8575531758377707,0,1.3017941511261861,-0.867256858348901,0,0,0.0,-0.42535065589112697,2.0,-1.1179278217815205,-0.7025708120135371,-1.4062110926897373,1.5731969991253216,0.972704206779171,-0.15926324858647253,1.2625761767797654,-0.8971461123477686
-1.2767772297189763,2,2,3,1.2267605014613863,1.2961891396488756,0.8860546403100283,0.006161895890473879,1.245757807157782,0,0.4108291997139728,-1.4551622381826224,0,0,0.0,-0.42535065589112697,2.0,-0.2043652307260779,0.7830830510245482,1.5042495575554595,0.4058852816130227,1.2489736920079928,1.1195034539017334,-1.1138143153843032,-0.06823437742924988
-0.6962631979260084,2,4,4,-0.74618706905576,-0.722462539250827,-0.7155854678068195,0.006161895890473879,0.969913743814103,0,-1.3711007031104538,0.896459281152263,0,0,0.0,-0.42535065589112697,2.0,0.2939416371223451,-0.37242550911618505,-0.5585041071814274,-1.5396342475741414,-0.9611821898225805,-1.7222003294053903,0.2840624447122078,-1.3806779577169042
-0.9865202138224924,1,1,4,0.22639271922733997,0.11751332713696856,1.3735103253890688,-0.8704704927942822,-1.4092413025251287,1,1.3017941511261861,-1.4551622381826224,0,0,0.0,-0.42535065589112697,2.0,-1.436290542906902,-0.8538874091748241,0.9391115672165865,-1.345082294655425,-1.444653788973018,-0.5144762214998625,-1.3933896674036048,0.2771455121201332
-0.4060061820295245,2,4,2,-1.5103569027067678,-1.5353424099486936,0.8164181138701654,0.006161895890473879,0.004459522111226352,0,0.4108291997139728,0.30855390131854166,0,0,0.0,-0.42535065589112697,2.0,-0.9518255324987127,1.2783010053705772,0.9673684667335303,0.9061617319754368,0.21296312239991164,-0.9407317889959314,-0.27508825932639697,1.0369812691287754
0.17450784976344344,2,2,4,1.6157924167746263,1.6213410879280228,-0.5763124149270935,0.006161895890473879,1.314718822993702,0,-1.3711007031104538,1.4843646609859844,1,0,0.0,-0.42535065589112697,0.0,-0.937983675058479,0.3841574766902473,-0.9258438009016953,0.30860930515366464,-0.4777105906721423,1.1195034539017334,1.1227885007701142,-0.06823437742924988
0.4647648656599274,2,3,1,-1.190794972270892,-0.8579425177004714,0.18968937591139895,0.88279428457523,-1.1678777470994095,0,-1.3711007031104538,1.4843646609859844,0,0,0.0,-0.42535065589112697,2.0,1.428973947221531,0.21908482524157158,-1.1660274467957163,-1.2061166139991988,0.2820304937071171,0.9063756701536989,0.9830008247604629,-0.7589941565280154
0.4647648656599274,0,4,3,1.4907464439953706,1.7161770728427737,1.5127833782687947,-0.8704704927942822,-0.9609946995916503,1,-0.48013575169824046,-0.867256858348901,0,0,0.0,-0.42535065589112697,2.0,1.512025091862935,-0.6475465948639789,-0.9399722506601669,0.586540666466117,0.420165236321528,-0.5855188160825406,1.4722576907942413,1.1751332249485287
0.17450784976344344,1,3,3,-0.30157916584062866,-0.03151464915764019,0.398598955230988,-0.8704704927942822,-0.5472286045761318,1,0.4108291997139728,-0.27935147851517966,0,0,0.0,-0.42535065589112697,2.0,-0.9241418176182448,0.6180103995758724,1.5042495575554595,-1.5257376795085187,-0.6158453332865532,-0.23030584316915068,1.4023638527894158,1.5895890924077876
-0.9865202138224924,2,4,2,-0.5099891204727215,-0.4379545845065734,0.6075085345505763,1.759426673259986,-0.47826758874021197,0,0.4108291997139728,1.4843646609859844,0,0,0.0,-0.42535065589112697,2.0,-1.1040859643412866,-1.1840327120721765,1.1086529643182481,-1.5535308156397638,-0.27050847675052664,-1.224902167326644,1.33247001478459,0.20806953421025662
-0.11574916613304052,1,3,1,-0.6489290902274502,-0.939230504770258,-0.8548585206865456,0.88279428457523,0.5216671408806246,0,0.4108291997139728,0.30855390131854166,0,0,0.0,-0.42535065589112697,2.0,1.4428158046617654,0.4666938024145855,0.40223047639465653,-0.2889431216681075,0.9036368354719655,0.12490712974424009,0.633531634736335,-0.27546231115887976
1.6257929292458633,2,0,4,-0.20432118701231883,-0.4650505801965023,0.5378720081107132,1.759426673259986,-1.5471633341969682,0,-0.48013575169824046,0.896459281152263,1,1,2.0,1.9570595794675738,3.0,-0.23204894560654588,-0.4136936719783538,1.4194788590046286,-0.8170127081617662,1.1799063207007874,-0.08822065400379436,0.07438093069773102,-0.6899181786181388
0.4647648656599274,1,4,3,-1.6076148815350775,-1.413410429344014,-1.760133364404764,-0.8704704927942822,1.5560823784194209,0,0.4108291997139728,0.30855390131854166,0,0,0.0,-0.42535065589112697,2.0,-0.9241418176182448,-0.991447952048721,1.2075521126275512,1.1562999571566432,-0.20144110544332117,-1.295944761909322,-0.4148759353360481,0.4152974679398865
1.3355359133493794,2,2,1,0.9627745589274019,0.6052412495556891,-1.0637681000061345,1.759426673259986,1.5905628863373809,0,-1.3711007031104538,-0.27935147851517966,0,0,0.0,-0.42535065589112697,2.0,1.5258669493031694,-1.1014963863478384,0.38810202663618504,-0.9142886846211242,-0.6849127045937586,0.12490712974424009,-0.27508825932639697,-1.1734500239872752
0.4647648656599274,2,1,2,-0.28768516886515605,-0.4515025823515381,1.3735103253890688,-0.8704704927942822,0.24582307753694552,0,0.4108291997139728,-1.4551622381826224,1,1,1.0,0.7658544617882235,1.0,-1.547025402428774,-1.1702766577847867,-0.629146355973787,-1.4284617030491606,-0.8921148185153751,1.1905460484844115,1.542151528799067,-0.6899181786181388
-1.2767772297189763,0,3,4,1.4768524470198974,1.4994091073233422,-1.5512237850851749,-0.8704704927942822,-1.2023582550173695,1,0.4108291997139728,-0.867256858348901,0,0,0.0,-0.42535065589112697,2.0,1.2351879430582557,0.7968391053119382,1.5325064570724032,1.0173342765004176,-0.6158453332865532,-0.9407317889959314,0.7034254727411606,-0.48269024488850887
-0.6962631979260084,1,0,4,1.6296864137500993,1.567149096548165,-0.7852219942466825,-0.8704704927942822,0.969913743814103,1,1.3017941511261861,1.4843646609859844,1,1,0.0,-0.42535065589112697,3.0,-1.0487185345803507,-1.4041295806704113,-0.36070581056282225,-1.1227372056054634,-0.9611821898225805,-0.6565614106652188,-0.8342389633650009,-1.4497539356267808
1.0452788974528953,0,0,0,-1.4130989238784577,-1.3456704401191917,-0.5763124149270935,0.006161895890473879,-0.7196311441659311,1,1.3017941511261861,1.4843646609859844,0,0,0.0,-0.42535065589112697,2.0,0.8752996496121721,-1.5416901235443083,-0.07813681539338543,-0.14997744101188132,-0.5467779619793477,-0.372391032334507,0.07438093069773102,-1.1734500239872752
1.0452788974528953,2,0,4,-1.0240670085652175,-0.8579425177004714,1.4431468518289317,0.88279428457523,-1.06443622334553,1,-0.48013575169824046,0.30855390131854166,0,0,0.0,-0.42535065589112697,2.0,-0.3151000902479498,-1.2940811463712938,-1.2084127960711317,1.1840930932878886,0.2820304937071171,-0.5855188160825406,1.0528946627652886,-0.8971461123477686
-0.11574916613304052,2,0,1,-0.8434450478840704,-1.0747104832199026,1.3735103253890688,0.006161895890473879,0.7630306963063437,1,0.4108291997139728,-0.27935147851517966,0,0,0.0,-0.42535065589112697,2.0,0.5154113561660889,1.2920570596579666,0.9814969164920018,-1.2061166139991988,0.14389575109270616,-1.4380299510746777,-1.6030711814180816,0.553449423759639
1.3355359133493794,2,1,1,-0.4960951234972489,-0.6005305586461469,-0.7852219942466825,-0.8704704927942822,0.9009527279781833,0,-1.3711007031104538,-0.867256858348901,0,0,0.0,-0.42535065589112697,2.0,0.017104488317665322,-1.3215932549460732,-1.2225412458296037,-0.46959850652120116,0.9036368354719655,-0.017178059421116217,0.4937439587266838,1.6586650703176642
-1.2767772297189763,2,0,2,-0.23210918096326458,-0.18054262545224894,0.398598955230988,-0.8704704927942822,1.5560823784194209,0,1.3017941511261861,1.4843646609859844,1,1,2.0,0.7658544617882235,2.0,-1.6439184045104116,-0.24862102052967808,-0.8269446525923921,-1.2478063181960668,-1.3755864176658126,0.33803491349227455,0.07438093069773102,-0.828070134437892
-1.5670342456154605,2,4,3,-0.03759322330664434,0.1717053185168264,0.5378720081107132,0.88279428457523,0.6940696804704239,0,-0.48013575169824046,0.30855390131854166,0,0,0.0,-0.42535065589112697,2.0,-1.3670812557057321,-1.2940811463712938,1.645534055140178,0.6421269387286074,1.1799063207007874,-0.6565614106652188,0.633531634736335,0.34622149003000985
-1.2767772297189763,1,3,3,0.9071985710255105,1.2284491504240536,-1.760133364404764,0.006161895890473879,-0.4437870808222521,0,-1.3711007031104538,0.896459281152263,1,0,1.0,0.7658544617882235,2.0,-0.12131408608467396,1.5259099825435911,-0.6715317052492021,0.6004372345317393,0.5582999789359382,-0.8696891944132532,0.5636377967315094,-0.9662220902576453
-0.6962631979260084,1,0,0,0.6848946194179445,0.9303931978348355,1.7216929575883837,-0.8704704927942822,1.314718822993702,0,1.3017941511261861,-1.4551622381826224,0,0,0.0,-0.42535065589112697,2.0,-0.12131408608467396,-1.679250666418205,-1.5333671405159839,-0.789219572030521,-1.6518559028946345,0.48012010265763005,-0.27508825932639697,0.13899355630038
0.4647648656599274,2,2,0,-0.03759322330664434,-0.1263506340723911,1.0253276931897544,-0.8704704927942822,-0.754111652083891,1,1.3017941511261861,0.896459281152263,1,0,0.0,-0.42535065589112697,0.0,0.2662579222418771,0.21908482524157158,-0.04987991587644175,-1.456254839180406,-1.444653788973018,0.33803491349227455,-0.5546636113456985,1.4514371365880343
1.6257929292458633,1,3,3,-1.2185829662218377,-1.4269584271889784,1.7216929575883837,1.759426673259986,0.9354332358961431,1,1.3017941511261861,0.896459281152263,0,0,0.0,-0.42535065589112697,2.0,1.3874483749008293,1.0031799196227833,0.5717718734963186,0.6699200748598526,1.525243177236814,-0.7276040052478969,-1.7428588574277328,-0.7589941565280154
1.3355359133493794,1,0,3,1.4629584500444248,1.5536010987032,-1.342314205765586,1.759426673259986,0.6595891725524641,0,1.3017941511261861,-1.4551622381826224,0,0,0.0,-0.42535065589112697,2.0,0.5707787859270249,0.19157271666679218,-0.6008894564568432,-1.2200131820648215,-1.3755864176658126,1.1905460484844115,1.4722576907942413,0.48437344584976233
1.3355359133493794,0,0,0,-0.34326115676704755,-0.47859857804146705,0.9556911667498914,-0.8704704927942822,1.5905628863373809,1,0.4108291997139728,-0.27935147851517966,1,1,0.0,-0.42535065589112697,0.0,-0.49504423697099137,-0.8401313548874341,-1.7735507864100049,0.18354019256306145,1.2489736920079928,1.6168016159804797,0.21416860670738222,0.06991757839050336
-0.11574916613304052,1,4,4,1.0739265347311844,1.1336131655093022,0.5378720081107132,0.88279428457523,1.3836798388296216,1,1.3017941511261861,-1.4551622381826224,1,1,0.0,-0.42535065589112697,1.0,-0.6334628113733313,-1.3903735263830217,-1.19428434631266,1.739955815912793,-0.20144110544332117,0.12490712974424009,1.33247001478459,1.7277410482275408
-0.9865202138224924,1,0,0,1.0739265347311844,1.174257159044196,-0.7155854678068195,-0.8704704927942822,0.5216671408806246,1,1.3017941511261861,1.4843646609859844,0,0,0.0,-0.42535065589112697,2.0,0.3216253520028131,0.6730346167254313,-0.5302472076644837,0.8783685958441916,0.5582999789359382,-1.3669873564919994,0.2840624447122078,-0.828070134437892
0.17450784976344344,1,2,0,1.2823364893632778,1.2555451461139826,0.8164181138701654,0.88279428457523,-0.2713845412324527,1,-1.3711007031104538,0.30855390131854166,1,1,1.0,3.1482646971469244,0.0,0.930667079373108,-0.6613026491513684,-0.07813681539338543,1.072920548762908,-0.8921148185153751,-1.0117743835786095,0.21416860670738222,0.06991757839050336
1.0452788974528953,2,1,3,-0.7045050781293417,-0.5327905694213249,0.9556911667498914,-0.8704704927942822,-0.40930657290429223,1,1.3017941511261861,1.4843646609859844,1,1,2.0,0.7658544617882235,1.0,-1.5608672598690077,-0.7025708120135371,1.4759926580385159,0.12795392030057098,-0.7539800759009642,-0.372391032334507,0.3539562827170334,0.553449423759639
-0.9865202138224924,0,3,3,1.0600325377557118,0.9845851892146934,0.8164181138701654,-0.8704704927942822,0.34926460129082515,0,-1.3711007031104538,0.30855390131854166,0,0,0.0,-0.42535065589112697,2.0,0.6953555028891305,0.19157271666679218,-0.5443756574229559,1.4759210226659631,-1.6518559028946345,-0.6565614106652188,-1.533177343413256,0.898829313309022
-0.11574916613304052,0,4,3,-0.6906110811538692,-0.9798744983051515,0.398598955230988,-0.8704704927942822,-1.5126828262790084,0,-0.48013575169824046,-0.27935147851517966,0,0,0.0,-0.42535065589112697,2.0,-0.4396768072100554,0.1778166623794022,0.9814969164920018,-0.5946676191118044,0.2820304937071171,-0.5855188160825406,1.1227885007701142,-0.1373103553391265
-1.5670342456154605,0,1,1,0.004088767619773978,0.23944530774164902,0.5378720081107132,-0.8704704927942822,0.5561476487985845,0,-0.48013575169824046,1.4843646609859844,1,0,0.0,-0.42535065589112697,0.0,1.5258669493031694,1.2783010053705772,-0.21942131297810386,1.7260592478471701,-1.7209232742018399,0.4090775080749527,0.423850120721859,-0.1373103553391265
1.0452788974528953,0,2,4,-1.5381448966577136,-1.7114663819332316,1.5127833782687947,1.759426673259986,1.0388747596500227,0,-1.3711007031104538,-1.4551622381826224,0,0,0.0,-0.42535065589112697,2.0,-1.1040859643412866,-0.8126192463126547,0.0348907826743893,-1.303392590458557,1.2489736920079928,-0.7276040052478969,-1.183708153389129,0.6225254016695156
-0.6962631979260084,1,3,4,0.8099405921972,0.9981331870596581,-1.5512237850851749,-0.8704704927942822,0.6940696804704239,0,-0.48013575169824046,-1.4551622381826224,0,0,0.0,-0.42535065589112697,2.0,-1.380923113145966,-1.3215932549460732,-0.9117153511432231,-0.6641504594399171,0.0748283797855007,0.6222052918229863,0.3539562827170334,-1.2425260018971518
1.6257929292458633,0,1,0,-0.7183990751048143,-0.4515025823515381,-1.2030411528858607,-0.8704704927942822,-0.6851506362479712,0,-1.3711007031104538,-1.4551622381826224,0,0,0.0,-0.42535065589112697,2.0,0.08631377551883558,-0.6200344862891995,-0.1629075139442165,0.05847107997245759,-1.030249561129786,-0.6565614106652188,1.0528946627652886,1.4514371365880343
-0.6962631979260084,1,1,3,0.9766685559028746,1.1065171698193732,1.5127833782687947,-0.8704704927942822,0.24582307753694552,0,0.4108291997139728,-0.867256858348901,1,1,1.0,0.7658544617882235,3.0,-1.1179278217815205,0.7693269967371588,-1.674651638100702,-0.2889431216681075,0.0748283797855007,0.2669923189095964,1.542151528799067,0.6225254016695156
1.0452788974528953,2,4,0,1.0600325377557118,0.7271732301603689,-1.690496837964901,-0.8704704927942822,-1.02995571542757,0,0.4108291997139728,0.896459281152263,0,0,0.0,-0.42535065589112697,2.0,-0.7580395283354369,-1.2665690377965144,-0.26180666225351906,0.5448509622692488,-0.4086432193649376,-1.580115140240034,0.3539562827170334,1.3823611586781577
1.6257929292458633,2,2,2,0.8655165800990916,0.5781452538657602,1.1646007460694805,-0.8704704927942822,-1.374760794607169,0,0.4108291997139728,-0.867256858348901,0,0,0.0,-0.42535065589112697,2.0,-0.8134069580963729,0.012744010930725833,-1.5757524897913995,-0.9281852526867471,1.525243177236814,-0.15926324858647253,-0.20519442132157134,-1.6569818693564107
1.3355359133493794,1,3,1,1.574110425848208,1.512957105168307,0.328962428791125,0.006161895890473879,0.004459522111226352,1,-1.3711007031104538,-1.4551622381826224,0,0,0.0,-0.42535065589112697,2.0,-1.6577602619506455,1.099472299634511,1.0945245145597764,1.045127412631663,-0.7539800759009642,1.1905460484844115,0.14427476870255662,-0.413614266978633
0.17450784976344344,2,1,0,-0.21821518398779138,0.02267734222221765,-1.1334046264459976,0.006161895890473879,-0.754111652083891,1,0.4108291997139728,1.4843646609859844,1,0,0.0,-0.42535065589112697,3.0,-0.3981512348893537,1.2232767882210185,1.5466349068308747,1.378645046206605,-0.7539800759009642,-1.0828169781612877,-0.06540674531192016,-1.7260578472662873
-0.9865202138224924,1,1,3,-1.4964629057312948,-1.508246414258765,0.18968937591139895,-0.8704704927942822,0.3147840933728653,0,-1.3711007031104538,0.896459281152263,0,0,0.0,-0.42535065589112697,2.0,-1.5608672598690077,-1.376617472095632,-1.6605231883422302,-1.0532543652773503,0.14389575109270616,0.48012010265763005,-1.6030711814180816,1.520513114497911
0.4647648656599274,1,4,1,-0.7183990751048143,-0.41085858881664444,-1.2030411528858607,-0.8704704927942822,0.3147840933728653,0,-0.48013575169824046,1.4843646609859844,1,0,0.0,-0.42535065589112697,2.0,-0.8826162452975431,-0.48247394341530264,1.6737909546571217,0.683816642925475,1.525243177236814,-1.295944761909322,-0.4148759353360481,0.20806953421025662
-1.2767772297189763,0,1,2,0.5876366405896347,0.8084612172301557,-1.5512237850851749,-0.8704704927942822,-0.6506701283300114,1,-1.3711007031104538,0.30855390131854166,0,0,0.0,-0.42535065589112697,2.0,0.2800997796821114,-1.6379825035560358,1.6737909546571217,-1.5535308156397638,1.5943105485440194,0.12490712974424009,1.6120453668038925,-1.3116019798070275
-0.4060061820295245,1,3,4,-1.4130989238784577,-1.1559984702896895,1.0253276931897544,-0.8704704927942822,0.7975112042243035,1,-1.3711007031104538,-0.867256858348901,1,0,1.0,1.9570595794675738,1.0,-0.5780953816123953,0.9619117567606146,-0.2759351120119912,0.4892646900067584,0.4892326076287327,1.1905460484844115,-0.6245574493505242,0.6225254016695156
-0.11574916613304052,0,1,1,0.7960465952217275,0.794913219385191,0.4682354816708502,-0.8704704927942822,1.2112772992398222,1,1.3017941511261861,1.4843646609859844,0,0,0.0,-0.42535065589112697,2.0,-1.0487185345803507,1.0719601910597316,-0.8552015521093358,0.8505754597129463,-0.4086432193649376,0.053864535161561936,-1.533177343413256,-1.1043740460773985
-0.4060061820295245,1,2,2,0.6571066254669987,0.8897492042999424,-0.2977663091676422,1.759426673259986,0.9009527279781833,0,0.4108291997139728,0.30855390131854166,0,0,0.0,-0.42535065589112697,2.0,1.719652953466445,-1.2528129835091246,0.5717718734963186,-0.3167362577993521,-1.2374516750514024,-1.224902167326644,1.542151528799067,1.313285180768281
0.4647648656599274,2,2,2,-1.3019469480746746,-1.1966424638245825,-0.5066758884872304,-0.8704704927942822,0.4527061250447048,1,0.4108291997139728,-0.27935147851517966,0,0,0.0,-0.42535065589112697,2.0,-0.27357451792724813,-0.496229997702692,0.2750744285684103,0.30860930515366464,-1.168384303744197,-0.08822065400379436,0.21416860670738222,0.2771455121201332
-1.2767772297189763,2,3,0,-1.5103569027067678,-1.6843703862433028,-0.8548585206865456,-0.8704704927942822,-0.09898200164265329,0,0.4108291997139728,1.4843646609859844,1,1,0.0,-0.42535065589112697,3.0,-0.5780953816123953,0.838107268174107,-0.36070581056282225,-1.0115646610804825,0.0748283797855007,-1.295944761909322,-0.20519442132157134,-0.6208422007082621
-0.11574916613304052,2,1,3,-0.28768516886515605,-0.34311859959182245,0.050416323031672906,-0.8704704927942822,0.24582307753694552,0,-1.3711007031104538,1.4843646609859844,0,0,0.0,-0.42535065589112697,2.0,1.4151320897812973,-0.8813995177496035,-1.4909817912405683,-0.5807710510461821,-1.3755864176658126,-1.3669873564919994,0.2840624447122078,-1.5188299135366574
-0.9865202138224924,2,3,1,0.4209086768839602,0.374925286191293,-0.3674028356075052,0.88279428457523,-0.5472286045761318,0,-1.3711007031104538,0.30855390131854166,1,0,0.0,-0.42535065589112697,2.0,-0.7718813857756711,-0.014768097644052947,-1.3920826429312654,0.3502990093505328,-0.6158453332865532,0.4090775080749527,1.0528946627652886,0.4152974679398865
-0.11574916613304052,0,2,1,1.4212764591180058,1.3368331331837693,-1.1334046264459976,-0.8704704927942822,1.004394251732063,0,1.3017941511261861,-0.867256858348901,0,0,0.0,-0.42535065589112697,2.0,-0.6611465262537992,0.19157271666679218,0.26094597880993875,-0.20556371327437178,0.420165236321528,-1.5090725456573557,-1.4632835054084306,-1.1043740460773985
0.7550218815564114,1,4,1,-1.010173011589745,-0.8308465220105428,-0.3674028356075052,-0.8704704927942822,1.5216018705014611,1,1.3017941511261861,-1.4551622381826224,0,0,0.0,-0.42535065589112697,2.0,-0.6611465262537992,-0.7163268663009271,-0.8834584516262795,-0.539081346849314,0.21296312239991164,0.6932478864056645,0.5636377967315094,1.0369812691287754
-1.2767772297189763,1,2,2,1.0878205317066576,1.3910251245636265,0.8164181138701654,0.88279428457523,1.5216018705014611,1,1.3017941511261861,-0.27935147851517966,0,0,0.0,-0.42535065589112697,2.0,-1.5608672598690077,-0.9226676806117723,1.3488366102122695,-0.8031161400961433,-0.9611821898225805,-1.295944761909322,1.2625761767797654,0.0008416004806267426
1.6257929292458633,0,1,3,-0.5099891204727215,-0.7766545306306849,-1.620860311525038,-0.8704704927942822,0.17686206170102575,0,0.4108291997139728,0.896459281152263,0,0,0.0,-0.42535065589112697,2.0,1.512025091862935,-0.6750587034387584,0.9391115672165865,0.9617480042379273,0.6964347215503491,1.6168016159804797,-0.34498209733122254,-1.2425260018971518
-1.2767772297189763,2,3,3,1.6018984197991535,1.6213410879280228,0.4682354816708502,1.759426673259986,0.5561476487985845,0,0.4108291997139728,-0.867256858348901,1,1,1.0,0.7658544617882235,0.0,-1.0071929622596487,-0.6475465948639789,0.43048737591160025,-0.30283968973372977,-1.7209232742018399,0.053864535161561936,1.4722576907942413,1.106057247038652
-0.6962631979260084,2,4,2,1.0183505468292935,1.120065167664338,0.8860546403100283,1.759426673259986,-0.06450149372469341,1,-0.48013575169824046,0.30855390131854166,1,1,0.0,-0.42535065589112697,1.0,-0.4258349497698217,-0.5512542148522508,-1.5898809395498712,0.002884807709967748,-1.3755864176658126,-0.9407317889959314,-0.6245574493505242,1.0369812691287754
1.0452788974528953,2,4,4,0.14302873737450272,-0.13989863191735588,1.3038737989492057,-0.8704704927942822,-0.5817091124940916,0,-1.3711007031104538,1.4843646609859844,0,0,0.0,-0.42535065589112697,2.0,0.6676717880086626,1.5259099825435911,0.6000287730132623,-0.539081346849314,0.00576100847829524,0.48012010265763005,0.07438093069773102,-1.3116019798070275
-1.2767772297189763,0,0,4,-1.5242508996822406,-1.2643824530494048,-1.760133364404764,-0.8704704927942822,1.3491993309116617,0,-1.3711007031104538,1.4843646609859844,1,1,2.0,3.1482646971469244,2.0,0.5707787859270249,0.8656193767488863,1.0521391652843606,1.587093567190944,-0.6158453332865532,1.2615886430670897,-1.2536019913939545,0.6916013795793922
0.4647648656599274,0,1,0,0.6015306375651073,0.7542692258502979,1.3038737989492057,1.759426673259986,-1.5126828262790084,1,-1.3711007031104538,-0.27935147851517966,1,0,2.0,3.1482646971469244,1.0,-0.9795092473791807,-1.417885634957801,-1.1236420975203008,1.1562999571566432,0.6273673502431437,0.48012010265763005,-0.34498209733122254,0.2771455121201332
-1.5670342456154605,2,1,4,-0.14874519911042733,-0.35666659743678664,1.0949642196296174,0.006161895890473879,-0.13346250956061317,0,0.4108291997139728,0.30855390131854166,0,0,0.0,-0.42535065589112697,2.0,-0.10747222864444028,0.70054672530021,1.4477357585215722,-1.2061166139991988,-0.6849127045937586,-1.295944761909322,0.423850120721859,-0.6899181786181388
-1.2767772297189763,0,4,2,-1.579826887584132,-1.8469463603828764,0.6075085345505763,0.006161895890473879,-1.4782023183610484,1,0.4108291997139728,1.4843646609859844,1,1,1.0,1.9570595794675738,1.0,1.539708806743403,-0.6888147577261478,0.9249831174581143,-0.330632825864975,-1.2374516750514024,-1.7222003294053903,0.14427476870255662,1.6586650703176642
1.6257929292458633,0,0,1,0.08745274947261122,0.307185296966471,-1.2030411528858607,0.88279428457523,-0.6851506362479712,0,-1.3711007031104538,-1.4551622381826224,0,0,0.0,-0.42535065589112697,2.0,-1.2425045387436262,1.6634705254174882,-0.9399722506601669,-1.4423582711147833,0.5582999789359382,0.33803491349227455,-0.27508825932639697,-0.27546231115887976
-0.4060061820295245,0,0,1,1.0878205317066576,0.794913219385191,1.2342372725093433,-0.8704704927942822,-0.2713845412324527,1,1.3017941511261861,-0.867256858348901,0,0,0.0,-0.42535065589112697,2.0,-1.5608672598690077,1.4846418196814224,0.5152580744624313,0.9061617319754368,-0.6158453332865532,1.1905460484844115,-0.8342389633650009,-1.7260578472662873
-0.9865202138224924,2,2,1,-1.5520388936331864,-1.3050264465842982,-0.2977663091676422,-0.8704704927942822,0.5216671408806246,1,0.4108291997139728,0.30855390131854166,0,0,0.0,-0.42535065589112697,2.0,0.0447882031981333,-0.757595029163096,1.0945245145597764,0.9200583000410592,0.8345694641647601,1.332631237649767,0.7733193107459861,-0.8971461123477686
-1.5670342456154605,2,0,1,-1.3297349420256204,-1.3050264465842982,-0.5763124149270935,-0.8704704927942822,0.2803035854549054,0,-1.3711007031104538,0.30855390131854166,1,0,2.0,1.9570595794675738,0.0,-0.9102999601780111,0.851863322461497,1.4194788590046286,-1.3172891585241797,-0.8921148185153751,0.9063756701536989,-0.7643451253601753,0.4152974679398865
-0.11574916613304052,1,4,4,-0.5655651083746129,-0.505694573731396,0.6075085345505763,-0.8704704927942822,1.0388747596500227,1,-0.48013575169824046,1.4843646609859844,0,0,0.0,-0.42535065589112697,2.0,-1.6992858342713475,0.9619117567606146,-0.19116441346116017,1.739955815912793,-0.06330636282891022,1.687844210563158,0.9131069867556374,-0.8971461123477686
-1.5670342456154605,1,2,3,1.3379124772651694,1.3774771267186625,1.2342372725093433,0.88279428457523,-1.02995571542757,0,-0.48013575169824046,-1.4551622381826224,0,0,0.0,-0.42535065589112697,2.0,-1.6992858342713475,-0.33115734625401627,-0.9823575999355827,1.1562999571566432,-0.5467779619793477,1.1195034539017334,-1.7428588574277328,-0.6899181786181388
-1.5670342456154605,0,3,2,-1.2741589541237288,-1.2643824530494048,-1.1334046264459976,1.759426673259986,0.41822561712674494,1,0.4108291997139728,0.30855390131854166,0,0,0.0,-0.42535065589112697,2.0,-0.2874163753674818,-0.42744972626574385,1.27819436141991,1.4481278865347178,0.00576100847829524,-0.5855188160825406,-1.3933896674036048,1.5895890924077876
-1.2767772297189763,0,2,0,-0.7183990751048143,-0.5598865651112538,-0.6459489413669565,-0.8704704927942822,0.969913743814103,0,1.3017941511261861,1.4843646609859844,0,0,0.0,-0.42535065589112697,2.0,0.7507229326500665,-0.7438389748757065,-0.6574032554907306,-1.623013655967877,0.9036368354719655,-1.6511577348227122,1.2625761767797654,-1.3116019798070275
-1.5670342456154605,0,3,0,1.574110425848208,1.7161770728427737,1.2342372725093433,0.006161895890473879,0.34926460129082515,0,1.3017941511261861,-0.867256858348901,0,0,0.0,-0.42535065589112697,2.0,0.0447882031981333,0.9206435938984452,1.4901211077969874,1.4620244546003407,1.110838949393582,1.332631237649767,-1.0439204773794777,-0.7589941565280154
-1.2767772297189763,2,3,0,-0.4405191355953574,-0.35666659743678664,0.12005284947153592,-0.8704704927942822,-1.6850853658688079,0,-0.48013575169824046,0.896459281152263,1,1,0.0,-0.42535065589112697,2.0,-0.17668151584560993,1.1269844082092904,0.5011296247039597,-0.26114998553686225,0.5582999789359382,-1.3669873564919994,-0.34498209733122254,1.0369812691287754
-0.11574916613304052,1,3,4,-0.3154731628161018,0.009129344377252888,-0.7852219942466825,0.006161895890473879,-0.8230726679198108,0,-1.3711007031104538,0.30855390131854166,0,0,0.0,-0.42535065589112697,2.0,-1.1040859643412866,-0.37242550911618505,1.5325064570724032,-1.2061166139991988,0.9036368354719655,-1.4380299510746777,1.681939204808718,-0.413614266978633
1.0452788974528953,2,3,0,0.921092568000983,0.8220092150751199,0.4682354816708502,-0.8704704927942822,-0.34034555706837244,1,0.4108291997139728,-0.27935147851517966,0,0,0.0,-0.42535065589112697,2.0,1.124453083536384,0.6730346167254313,1.4477357585215722,1.1562999571566432,0.21296312239991164,0.6222052918229863,1.4722576907942413,0.4152974679398865
1.0452788974528953,0,2,1,0.3236506980556504,0.1039653292920044,-0.4370393620473682,-0.8704704927942822,1.5905628863373809,0,0.4108291997139728,-0.867256858348901,1,1,1.0,1.9570595794675738,1.0,0.22473234992117547,1.4846418196814224,0.26094597880993875,0.1418504883661933,0.9036368354719655,0.7642904809883426,-1.0439204773794777,-0.06823437742924988
-1.2767772297189763,1,3,0,-0.4266251386198842,-0.42440658666160924,-0.2977663091676422,-0.8704704927942822,1.245757807157782,0,-0.48013575169824046,-0.867256858348901,0,0,0.0,-0.42535065589112697,2.0,-0.6334628113733313,-1.5279340692569185,0.33158822760229767,-0.8587024123586338,-0.4086432193649376,-1.5090725456573557,-1.2536019913939545,-0.6899181786181388
-1.5670342456154605,1,3,4,-0.9407030267123803,-1.142450472444725,-0.3674028356075052,0.006161895890473879,0.383745109208785,0,-1.3711007031104538,0.30855390131854166,1,1,2.0,0.7658544617882235,2.0,1.484341376982467,-1.1702766577847867,1.5890202561062907,-0.9837715249492376,0.8345694641647601,0.12490712974424009,1.33247001478459,0.20806953421025662
-1.5670342456154605,2,3,0,-1.065748999491636,-0.8037505263206138,1.4431468518289317,-0.8704704927942822,-1.1678777470994095,1,-0.48013575169824046,-1.4551622381826224,0,0,0.0,-0.42535065589112697,2.0,-1.3255556833850302,-1.7067627749929843,-0.035751466117970226,0.33640244128490987,0.2820304937071171,-1.580115140240034,-0.6245574493505242,0.0008416004806267426
1.6257929292458633,0,1,2,-0.9545970236878534,-1.0882584810648672,1.4431468518289317,-0.8704704927942822,-0.8575531758377707,0,-0.48013575169824046,0.30855390131854166,0,0,0.0,-0.42535065589112697,2.0,0.432360211524685,1.1269844082092904,-1.1377705472787727,1.489817590731586,0.21296312239991164,-0.7276040052478969,-0.20519442132157134,-0.6208422007082621
-0.9865202138224924,1,3,0,-0.24600317793873713,-0.4650505801965023,-0.5066758884872304,0.006161895890473879,1.6940044100912606,1,-0.48013575169824046,1.4843646609859844,0,0,0.0,-0.42535065589112697,2.0,0.8337740772914704,1.044448082484952,1.1651667633521354,-0.3167362577993521,-1.5137211602802234,-0.372391032334507,0.633531634736335,-0.1373103553391265
0.17450784976344344,0,1,1,-0.5099891204727215,-0.5869825608011827,-1.1334046264459976,-0.8704704927942822,0.9354332358961431,1,-0.48013575169824046,-0.867256858348901,0,0,0.0,-0.42535065589112697,2.0,0.33546720944304737,-0.05603626050622234,-1.7170369873761175,-0.37232253006184257,-1.3755864176658126,0.12490712974424009,-0.34498209733122254,0.4152974679398865
1.6257929292458633,2,0,1,-0.09316921120853583,-0.35666659743678664,0.050416323031672906,0.88279428457523,0.9354332358961431,0,-0.48013575169824046,-0.867256858348901,0,0,0.0,-0.42535065589112697,2.0,0.5846206433672586,0.04025611950550523,-0.3041920115289349,-1.5118411114428965,-1.6518559028946345,-0.5144762214998625,-0.5546636113456985,-0.413614266978633
1.6257929292458633,2,2,0,0.8238345891726733,0.5645972560207955,1.5127833782687947,0.006161895890473879,-0.3748260649863323,0,1.3017941511261861,0.30855390131854166,0,0,0.0,-0.42535065589112697,2.0,-0.27357451792724813,-0.6613026491513684,1.4901211077969874,0.10016078416932575,0.00576100847829524,-1.1538595727439658,-1.3933896674036048,1.1751332249485287
-0.11574916613304052,2,4,1,0.3236506980556504,0.38847328403625775,-0.08885672984805312,-0.8704704927942822,-1.5471633341969682,0,0.4108291997139728,0.896459281152263,0,0,0.0,-0.42535065589112697,2.0,-1.422448685466668,0.9481557024732246,1.1792952131106076,-1.067150933342973,-0.20144110544332117,-1.224902167326644,0.7034254727411606,0.13899355630038
-0.9865202138224924,0,3,4,-1.065748999491636,-0.8443945198555072,-1.620860311525038,0.88279428457523,-1.374760794607169,0,1.3017941511261861,-0.867256858348901,1,0,0.0,-0.42535065589112697,3.0,0.5846206433672586,-0.2211089119548987,1.5466349068308747,0.8088857555160782,1.525243177236814,0.053864535161561936,-0.8342389633650009,-1.5188299135366574
1.0452788974528953,2,4,1,-1.3992049269029847,-1.5624384056386227,1.0949642196296174,-0.8704704927942822,-1.340280286689209,1,1.3017941511261861,-0.867256858348901,1,1,2.0,0.7658544617882235,1.0,-1.1456115366619886,-0.4136936719783538,0.3598451271192413,1.6704729755846797,0.7655020928575547,1.4747164268151234,0.9131069867556374,0.34622149003000985
-0.9865202138224924,1,2,2,-0.0514872202821169,0.2800893012765421,-0.9244950471264086,-0.8704704927942822,-1.4782023183610484,0,0.4108291997139728,0.30855390131854166,0,0,0.0,-0.42535065589112697,2.0,0.07247191807860127,-1.0464721691982795,1.023882265767417,-1.0532543652773503,-1.444653788973018,-0.23030584316915068,0.5636377967315094,-0.20638633324900313
-0.4060061820295245,0,1,2,1.0461385407802386,1.2690931439589468,-1.5512237850851749,0.006161895890473879,1.280238315075742,1,0.4108291997139728,-1.4551622381826224,0,0,0.0,-0.42535065589112697,2.0,-0.5919372390526296,0.8105951595993276,-1.6887800878591739,-0.03880489648690041,-0.5467779619793477,1.4747164268151234,-1.6729650194229073,0.20806953421025662
-1.2767772297189763,2,4,1,-1.5242508996822406,-1.359218437964156,0.6075085345505763,0.88279428457523,0.6595891725524641,1,-1.3711007031104538,1.4843646609859844,0,0,0.0,-0.42535065589112697,2.0,-0.14899780096514192,-0.08354836908100173,0.9532400169750581,0.9200583000410592,-0.1323737341361157,1.1905460484844115,-1.3234958293987793,-0.828070134437892
0.7550218815564114,0,3,4,0.921092568000983,1.2013531547341247,0.25932590235126196,-0.8704704927942822,-0.9609946995916503,0,-1.3711007031104538,0.30855390131854166,0,0,0.0,-0.42535065589112697,2.0,-0.2597326604870139,-0.3999376176909644,0.7271848208395086,0.21133332869430665,1.525243177236814,-0.8696891944132532,-1.3933896674036048,-0.3445382890687564
-0.6962631979260084,0,1,4,-0.19042719003684563,-0.23473461683210678,0.25932590235126196,1.759426673259986,1.280238315075742,0,-1.3711007031104538,1.4843646609859844,0,0,0.0,-0.42535065589112697,2.0,-0.4535186646502897,-1.376617472095632,0.8967262179411707,1.6704729755846797,1.6633779198512249,1.2615886430670897,0.3539562827170334,0.6916013795793922
-0.6962631979260084,2,3,3,1.1989725075104405,1.0523251784395153,-0.7155854678068195,-0.8704704927942822,-0.9609946995916503,1,-0.48013575169824046,-1.4551622381826224,0,0,0.0,-0.42535065589112697,2.0,-1.3947649705862,-0.2761331291044575,-1.420339542448209,-1.0949440694742183,0.14389575109270616,-1.224902167326644,-1.533177343413256,-0.6208422007082621
-0.9865202138224924,0,2,4,1.212866504485913,1.1471611633542669,0.050416323031672906,0.006161895890473879,-1.6850853658688079,1,1.3017941511261861,0.30855390131854166,0,0,0.0,-0.42535065589112697,2.0,0.11399749039930356,1.2370328425084078,0.6424141222886782,-1.6508067920991223,-0.3395758480577321,1.2615886430670897,-0.5546636113456985,-1.587905891446534
1.6257929292458633,0,4,2,1.0461385407802386,1.2555451461139826,0.12005284947153592,-0.8704704927942822,0.7975112042243035,0,-1.3711007031104538,-1.4551622381826224,0,0,0.0,-0.42535065589112697,2.0,-1.2701882536240943,-0.6613026491513684,-1.109513647761829,1.4620244546003407,0.9036368354719655,0.6222052918229863,-0.6944512873553498,-1.1043740460773985
-0.4060061820295245,1,4,4,-0.45441313257082994,-0.23473461683210678,0.6771450609904393,0.88279428457523,-0.47826758874021197,1,-1.3711007031104538,0.896459281152263,0,0,0.0,-0.42535065589112697,2.0,-0.10747222864444028,-1.2115448206469557,1.6596625048986495,-0.9698749568836147,-1.2374516750514024,-1.0828169781612877,0.9131069867556374,-0.27546231115887976
-0.4060061820295245,0,0,3,-0.6489290902274502,-0.28892660821196464,-0.4370393620473682,-0.8704704927942822,1.4181603467475814,1,1.3017941511261861,0.896459281152263,0,0,0.0,-0.42535065589112697,2.0,1.428973947221531,-0.38618156340357446,1.1086529643182481,-1.2339097501304441,1.525243177236814,0.9063756701536989,1.542151528799067,0.6225254016695156
1.3355359133493794,1,2,0,1.5185344379463164,1.634889085772987,-0.5763124149270935,-0.8704704927942822,0.7285501883883838,1,1.3017941511261861,-0.27935147851517966,1,0,0.0,-0.42535065589112697,2.0,-1.0210348196998829,1.0169359739101733,0.7978270696318681,-1.4701514072460284,-0.4086432193649376,-0.7986465998305751,-0.6944512873553498,1.6586650703176642
-1.2767772297189763,0,2,2,-1.579826887584132,-1.4269584271889784,-0.3674028356075052,-0.8704704927942822,-0.5127480966581719,1,0.4108291997139728,-1.4551622381826224,0,0,0.0,-0.42535065589112697,2.0,1.2767135153789575,-1.1014963863478384,1.5325064570724032,-0.9281852526867471,-0.6158453332865532,0.9063756701536989,-0.34498209733122254,0.34622149003000985
-1.2767772297189763,0,1,4,0.8377285861481458,1.0116811849046223,-1.5512237850851749,0.88279428457523,1.6250433942553408,0,-1.3711007031104538,-0.867256858348901,0,0,0.0,-0.42535065589112697,2.0,-1.3117138259447962,1.5534220911183705,1.235809012144495,0.30860930515366464,0.6273673502431437,-1.7222003294053903,-0.5546636113456985,1.0369812691287754
-0.6962631979260084,2,4,1,0.6848946194179445,0.7271732301603689,-0.019220203408190112,-0.8704704927942822,-0.06450149372469341,0,1.3017941511261861,1.4843646609859844,0,0,0.0,-0.42535065589112697,2.0,-1.5885509747494757,-0.4549618348405232,1.645534055140178,-0.23335684940561702,0.00576100847829524,1.4036738322324451,0.7733193107459861,0.2771455121201332
1.3355359133493794,0,3,4,-0.16263919608589988,-0.13989863191735588,-0.4370393620473682,0.006161895890473879,0.5561476487985845,0,-1.3711007031104538,1.4843646609859844,0,0,0.0,-0.42535065589112697,2.0,1.2628716579387238,1.7047386882796576,-0.3041920115289349,-1.303392590458557,-1.582788531587429,0.7642904809883426,1.33247001478459,-0.9662220902576453
-0.11574916613304052,2,4,1,0.18471072830092164,0.4833092689510087,1.6520564311485209,0.88279428457523,-1.02995571542757,1,-1.3711007031104538,-0.867256858348901,0,0,0.0,-0.42535065589112697,2.0,1.1798205132973199,0.5217180195641443,0.3598451271192413,-1.0810475014085956,0.0748283797855007,0.7642904809883426,1.681939204808718,-1.035298068167522
0.7550218815564114,2,3,2,-1.1630069783199461,-1.020518491840045,1.5127833782687947,0.88279428457523,0.14238155378306588,0,1.3017941511261861,-0.867256858348901,0,0,0.0,-0.42535065589112697,2.0,-0.5919372390526296,-1.5416901235443083,-0.21942131297810386,-0.8031161400961433,-0.4777105906721423,0.6932478864056645,0.07438093069773102,-1.3116019798070275
-1.5670342456154605,2,3,4,-0.7739750630067057,-0.5327905694213249,-1.620860311525038,-0.8704704927942822,-1.1678777470994095,1,-0.48013575169824046,-1.4551622381826224,0,0,0.0,-0.42535065589112697,2.0,-1.0764022494608185,-0.2898891833918469,1.4901211077969874,-0.10828773681501318,-0.6849127045937586,0.19594972432691823,-1.3234958293987793,0.34622149003000985
1.3355359133493794,2,3,3,0.11524074342355697,0.13106132498193332,-0.4370393620473682,1.759426673259986,0.21134256961898562,1,0.4108291997139728,-0.867256858348901,0,0,0.0,-0.42535065589112697,2.0,-0.03826294144327002,1.5259099825435911,-1.6181378390668149,1.5454038629940765,-1.5137211602802234,0.12490712974424009,1.4023638527894158,-0.828070134437892
-0.4060061820295245,2,3,2,0.2680747101537589,0.4155692797261867,-0.7852219942466825,-0.8704704927942822,0.4871866329626647,1,0.4108291997139728,-0.867256858348901,1,0,0.0,-0.42535065589112697,2.0,0.2800997796821114,-1.4316416892451906,-1.2649265951050193,-0.16387400907750363,0.0748283797855007,-0.8696891944132532,-0.6245574493505242,-1.4497539356267808
-0.4060061820295245,0,3,0,-0.1070632081840084,-0.24828261467707155,-0.3674028356075052,0.88279428457523,0.9009527279781833,1,0.4108291997139728,-1.4551622381826224,0,0,0.0,-0.42535065589112697,2.0,-1.6992858342713475,1.0719601910597316,1.5325064570724032,-1.3728754307866702,-1.168384303744197,1.6168016159804797,0.14427476870255662,-1.6569818693564107
-1.2767772297189763,2,4,1,-0.19042719003684563,-0.3160226039018936,0.8164181138701654,-0.8704704927942822,0.6940696804704239,1,0.4108291997139728,0.30855390131854166,0,0,0.0,-0.42535065589112697,2.0,-1.3947649705862,-1.5279340692569185,-1.3638257434143217,-1.4979445433772738,1.1799063207007874,-1.580115140240034,-0.7643451253601753,-1.3806779577169042
-0.4060061820295245,0,0,2,0.04577075854619291,-0.28892660821196464,0.398598955230988,-0.8704704927942822,-0.7196311441659311,0,0.4108291997139728,-0.27935147851517966,0,0,0.0,-0.42535065589112697,2.0,-1.6854439768311136,1.3608373310949153,-1.7170369873761175,-0.8587024123586338,-1.582788531587429,-0.5855188160825406,0.07438093069773102,1.0369812691287754
1.6257929292458633,1,0,3,0.698788616393417,0.9032972021449066,0.8860546403100283,-0.8704704927942822,-0.13346250956061317,1,0.4108291997139728,1.4843646609859844,0,0,0.0,-0.42535065589112697,2.0,-1.0902441069010527,0.04025611950550523,1.1651667633521354,-1.414565134983538,0.6964347215503491,0.5511626972403082,1.33247001478459,-0.8971461123477686
0.4647648656599274,2,2,2,0.28196870712923144,0.13106132498193332,-0.4370393620473682,-0.8704704927942822,-0.4437870808222521,1,0.4108291997139728,-1.4551622381826224,0,0,0.0,-0.42535065589112697,2.0,1.2767135153789575,-0.8813995177496035,1.6031487058647622,1.6426798394534345,-0.8921148185153751,-0.5855188160825406,1.4023638527894158,1.5895890924077876
0.7550218815564114,1,1,0,1.3379124772651694,1.5400531008582359,-1.1334046264459976,0.006161895890473879,-0.4437870808222521,1,1.3017941511261861,-1.4551622381826224,1,0,0.0,-0.42535065589112697,3.0,-0.5088860944112257,-0.633790540576589,-0.07813681539338543,-0.5807710510461821,-1.030249561129786,-0.7276040052478969,1.681939204808718,-0.27546231115887976
1.0452788974528953,0,2,3,0.07355875249713865,-0.01796665131267543,0.9556911667498914,1.759426673259986,-0.34034555706837244,1,0.4108291997139728,0.30855390131854166,1,0,1.0,1.9570595794675738,0.0,-0.4119930923295874,-0.014768097644052947,-1.7876792361684768,0.016781375775590055,1.6633779198512249,-0.7986465998305751,-0.34498209733122254,0.6225254016695156
-1.2767772297189763,2,0,3,-0.30157916584062866,-0.15344662976232004,1.5127833782687947,1.759426673259986,0.7975112042243035,1,0.4108291997139728,0.896459281152263,0,0,0.0,-0.42535065589112697,2.0,-1.0348766771401166,-0.5237421062774714,0.3739735768777129,0.19743676062868373,-1.3065190463586072,-0.7986465998305751,-0.9041328013698265,-0.9662220902576453
-0.4060061820295245,2,0,1,0.7682586012707817,1.092969171974409,-0.019220203408190112,0.88279428457523,-0.9265141916736904,0,1.3017941511261861,-0.27935147851517966,1,1,1.0,1.9570595794675738,3.0,-0.27357451792724813,-0.1935968033801193,-0.7421739540415617,0.7949891874504559,-0.4777105906721423,-0.8696891944132532,-0.20519442132157134,-1.3806779577169042
1.3355359133493794,2,1,4,0.4903786617613243,0.70007723447044,-0.9244950471264086,-0.8704704927942822,-1.6850853658688079,1,-1.3711007031104538,0.30855390131854166,0,0,0.0,-0.42535065589112697,2.0,-0.9518255324987127,-1.115252440635228,1.2499374619029664,-0.14997744101188132,-1.2374516750514024,1.2615886430670897,1.1227885007701142,1.6586650703176642
-0.4060061820295245,1,4,0,0.6571066254669987,0.32073329481143575,-0.9941315735662716,0.88279428457523,-1.340280286689209,1,1.3017941511261861,-0.867256858348901,0,0,0.0,-0.42535065589112697,2.0,-1.1871371089826905,0.8656193767488863,0.19030373001757925,-0.7336332997680306,-0.06330636282891022,-0.5855188160825406,0.2840624447122078,1.313285180768281
0.4647648656599274,2,0,0,0.1569227343499759,0.009129344377252888,-0.22812978272777917,-0.8704704927942822,0.6940696804704239,1,-0.48013575169824046,1.4843646609859844,0,0,0.0,-0.42535065589112697,2.0,-1.1040859643412866,0.012744010930725833,-0.6715317052492021,-0.789219572030521,-0.1323737341361157,-1.295944761909322,1.4722576907942413,1.2442092028584053
0.17450784976344344,1,3,1,-1.371416932952039,-1.5217944121037297,1.0253276931897544,1.759426673259986,1.1423162834039025,1,0.4108291997139728,0.30855390131854166,0,0,0.0,-0.42535065589112697,2.0,-1.5885509747494757,-0.001012043356663557,0.8825977681826992,-0.7753230039648981,1.0417715780863765,-0.8696891944132532,1.1227885007701142,-1.4497539356267808
-0.4060061820295245,1,4,0,-0.23210918096326458,-0.08570664053749803,0.12005284947153592,-0.8704704927942822,-0.09898200164265329,0,-0.48013575169824046,-1.4551622381826224,0,0,0.0,-0.42535065589112697,2.0,-1.3670812557057321,0.2878650966785198,-0.09226526515185696,0.12795392030057098,0.5582999789359382,-0.8696891944132532,1.4722576907942413,-0.20638633324900313
0.17450784976344344,1,1,3,1.129502522633076,1.0252291827495865,-1.481587258645312,-0.8704704927942822,-0.8230726679198108,0,1.3017941511261861,-0.867256858348901,1,1,1.0,0.7658544617882235,1.0,1.3874483749008293,-1.2665690377965144,-0.4454765091136527,1.1562999571566432,1.5943105485440194,-0.15926324858647253,0.004487092692905432,0.2771455121201332
-0.11574916613304052,2,1,2,0.4764846647858517,0.5781452538657602,1.7216929575883837,-0.8704704927942822,0.4527061250447048,1,1.3017941511261861,-0.27935147851517966,1,1,2.0,1.9570595794675738,1.0,-1.6439184045104116,0.6730346167254313,0.7413132705979808,1.2118862294191337,1.6633779198512249,1.687844210563158,-1.533177343413256,1.106057247038652
1.3355359133493794,2,3,2,0.5042726587367975,0.7542692258502979,0.5378720081107132,-0.8704704927942822,-0.8920336837557306,1,-0.48013575169824046,0.30855390131854166,1,1,0.0,-0.42535065589112697,3.0,-1.5885509747494757,-0.4687178891279126,1.1086529643182481,0.7394029151879654,-0.1323737341361157,-1.580115140240034,-0.27508825932639697,-0.1373103553391265
1.0452788974528953,0,2,1,-0.7878690599821789,-0.6953665435608981,1.5127833782687947,1.759426673259986,-0.06450149372469341,1,-0.48013575169824046,0.896459281152263,1,0,0.0,-0.42535065589112697,0.0,-0.49504423697099137,0.6317664538632618,0.5293865242209035,0.7949891874504559,-0.8230474472081696,-0.6565614106652188,-1.3234958293987793,0.553449423759639
-1.5670342456154605,2,4,1,-1.7048728603633878,-1.413410429344014,0.7467815874303023,0.88279428457523,1.004394251732063,1,0.4108291997139728,0.896459281152263,0,0,0.0,-0.42535065589112697,2.0,1.2767135153789575,0.8105951595993276,-0.04987991587644175,0.29471273708804235,-1.2374516750514024,1.5457590213978016,-0.48476977334087296,-0.20638633324900313
0.17450784976344344,2,4,2,-1.079642996467109,-0.7766545306306849,1.4431468518289317,0.88279428457523,0.4527061250447048,0,1.3017941511261861,-0.867256858348901,0,0,0.0,-0.42535065589112697,2.0,0.36315092432351476,0.4529377481271961,0.049019232432860826,0.33640244128490987,0.6273673502431437,0.9063756701536989,0.7733193107459861,1.2442092028584053
-0.11574916613304052,0,2,4,-0.35715515374252016,-0.6411745521810406,-0.3674028356075052,0.88279428457523,1.004394251732063,0,1.3017941511261861,1.4843646609859844,0,0,0.0,-0.42535065589112697,2.0,-1.0210348196998829,1.718494742567047,0.09140458170827666,-0.7058401636367854,1.7324452911584303,1.6168016159804797,-0.20519442132157134,-0.828070134437892
1.6257929292458633,1,4,3,0.2680747101537589,0.1039653292920044,0.6075085345505763,-0.8704704927942822,-0.5127480966581719,1,0.4108291997139728,-0.867256858348901,0,0,0.0,-0.42535065589112697,2.0,-1.2840301110643282,0.6042543452884824,1.2216805623860227,1.6565764075190574,0.420165236321528,-1.1538595727439658,-1.3933896674036048,1.106057247038652
1.0452788974528953,0,0,4,0.407014679908487,0.21234931205172008,0.6771450609904393,-0.8704704927942822,0.8664722200602234,0,-1.3711007031104538,0.30855390131854166,1,0,0.0,-0.42535065589112697,1.0,1.2213460856180214,-0.7300829205883166,0.4446158256700724,-0.5946676191118044,1.5943105485440194,-1.6511577348227122,0.2840624447122078,-1.1734500239872752
0.17450784976344344,0,0,4,-1.1352189843690004,-0.9256825069252936,-0.019220203408190112,-0.8704704927942822,0.9009527279781833,1,1.3017941511261861,-0.867256858348901,0,0,0.0,-0.42535065589112697,2.0,0.90298336449264,-0.001012043356663557,1.4053504092461564,-1.1783234778679537,0.4892326076287327,-0.9407317889959314,-1.183708153389129,0.6225254016695156
1.3355359133493794,2,2,0,1.1433965196085492,1.120065167664338,1.4431468518289317,0.88279428457523,1.6595239021733006,1,-0.48013575169824046,-0.27935147851517966,0,0,0.0,-0.42535065589112697,2.0,-0.7165139560147352,-0.7025708120135371,-0.5585041071814274,0.2669196009567971,-0.8230474472081696,1.4747164268151234,-0.8342389633650009,1.3823611586781577
-0.4060061820295245,0,2,4,1.5463224318972622,1.7161770728427737,0.398598955230988,0.006161895890473879,-1.06443622334553,0,-1.3711007031104538,0.30855390131854166,0,0,0.0,-0.42535065589112697,2.0,-1.0625603920205846,0.06776822808028461,-0.1629075139442165,-1.4423582711147833,1.110838949393582,-0.5855188160825406,0.2840624447122078,0.06991757839050336
-0.9865202138224924,0,2,0,1.0183505468292935,1.2419971482690177,-1.2726776793257237,-0.8704704927942822,0.07342053794714612,0,1.3017941511261861,0.30855390131854166,1,1,1.0,3.1482646971469244,1.0,1.4704995195422332,1.099472299634511,-0.5585041071814274,0.586540666466117,0.14389575109270616,0.6222052918229863,0.633531634736335,0.4152974679398865
-0.11574916613304052,2,3,3,-1.1491129813444734,-1.0747104832199026,0.050416323031672906,-0.8704704927942822,0.7630306963063437,1,-0.48013575169824046,-1.4551622381826224,1,0,0.0,-0.42535065589112697,1.0,-1.1594533941022225,0.6592785624380413,0.5717718734963186,1.712162679781548,1.6633779198512249,0.6222052918229863,-0.9041328013698265,1.0369812691287754
-0.9865202138224924,2,1,2,-0.9684910206633259,-1.1830944659796183,1.0949642196296174,0.006161895890473879,-1.340280286689209,1,0.4108291997139728,1.4843646609859844,0,0,0.0,-0.42535065589112697,2.0,-0.21820708816631218,-0.6475465948639789,0.8825977681826992,1.5593004310596987,1.525243177236814,-1.1538595727439658,1.33247001478459,0.8297533353991454
-1.5670342456154605,0,1,1,-0.09316921120853583,-0.34311859959182245,-0.7852219942466825,0.88279428457523,0.9354332358961431,1,0.4108291997139728,1.4843646609859844,0,0,0.0,-0.42535065589112697,2.0,0.7645647900903001,-1.6242264492686462,-0.48786185838906854,0.4892646900067584,-1.2374516750514024,1.1195034539017334,-0.9041328013698265,0.553449423759639
-0.9865202138224924,2,1,3,1.2684424923878046,1.4587651137884492,-1.620860311525038,-0.8704704927942822,1.0733552675679827,0,0.4108291997139728,0.30855390131854166,0,0,0.0,-0.42535065589112697,2.0,1.1106112260961496,1.718494742567047,-1.0671282984864137,-0.7753230039648981,0.5582999789359382,1.6168016159804797,1.4722576907942413,0.0008416004806267426
1.6257929292458633,0,0,1,0.44869667083490594,0.11751332713696856,-0.5763124149270935,-0.8704704927942822,-0.6506701283300114,1,-0.48013575169824046,-0.27935147851517966,0,0,0.0,-0.42535065589112697,2.0,-1.380923113145966,-0.7851071377378753,1.0662676150428327,-0.37232253006184257,-1.444653788973018,-0.5855188160825406,1.681939204808718,0.4152974679398865
0.7550218815564114,2,4,2,0.7126826133688903,0.42911727757115087,-1.2726776793257237,-0.8704704927942822,-1.6850853658688079,1,-0.48013575169824046,-1.4551622381826224,1,1,1.0,3.1482646971469244,3.0,0.543095071046557,0.7830830510245482,0.9673684667335303,-0.8448058442930114,-0.6849127045937586,-0.08822065400379436,-1.533177343413256,0.4152974679398865
0.7550218815564114,2,4,0,0.8655165800990916,0.8491052107650487,-1.342314205765586,1.759426673259986,0.14238155378306588,1,-1.3711007031104538,-0.27935147851517966,0,0,0.0,-0.42535065589112697,2.0,-0.0797885137639723,1.0857162453471214,-0.2900635617704628,1.072920548762908,0.35109786501432255,1.332631237649767,-0.27508825932639697,0.34622149003000985
0.17450784976344344,1,1,1,1.4212764591180058,1.6213410879280228,0.398598955230988,0.006161895890473879,-0.16794301747857304,0,-0.48013575169824046,0.896459281152263,1,0,1.0,0.7658544617882235,1.0,-0.9102999601780111,-0.991447952048721,0.783698619873396,-0.5807710510461821,0.00576100847829524,-1.224902167326644,1.6120453668038925,1.2442092028584053
-0.9865202138224924,0,1,4,-0.3293671597915744,-0.49214657588643124,-1.2726776793257237,-0.8704704927942822,-0.3748260649863323,0,-0.48013575169824046,-0.27935147851517966,0,0,0.0,-0.42535065589112697,2.0,-0.14899780096514192,0.06776822808028461,-1.7876792361684768,-0.2194602813399941,0.7655020928575547,-0.23030584316915068,0.8432131487508118,-0.8971461123477686
0.17450784976344344,1,0,2,-0.41273114164441166,-0.18054262545224894,-0.5066758884872304,-0.8704704927942822,1.4181603467475814,1,-1.3711007031104538,-1.4551622381826224,0,0,0.0,-0.42535065589112697,2.0,-0.2874163753674818,-0.8263753006000447,1.2499374619029664,0.6282303706629845,-0.20144110544332117,-0.08822065400379436,-1.0439204773794777,0.4152974679398865
0.17450784976344344,2,4,3,0.01798276459524716,0.06332133575711073,-1.2726776793257237,-0.8704704927942822,-1.5471633341969682,0,-0.48013575169824046,1.4843646609859844,1,1,2.0,1.9570595794675738,0.0,-1.7269695491518156,0.32913325954068917,0.7271848208395086,0.46147155387551314,-1.444653788973018,-1.0117743835786095,-0.8342389633650009,1.1751332249485287
-0.11574916613304052,1,0,4,-0.0514872202821169,-0.34311859959182245,0.4682354816708502,-0.8704704927942822,-0.9609946995916503,0,0.4108291997139728,-0.867256858348901,1,0,2.0,1.9570595794675738,3.0,1.484341376982467,-0.1385725862305605,-1.180155896554188,-0.6363573233086726,-1.5137211602802234,-0.15926324858647253,1.2625761767797654,1.520513114497911
-1.2767772297189763,0,4,1,-1.3158409450501476,-1.1966424638245825,-1.690496837964901,-0.8704704927942822,0.6595891725524641,1,1.3017941511261861,-1.4551622381826224,0,0,0.0,-0.42535065589112697,2.0,0.7507229326500665,-0.24862102052967808,-0.7280455042830896,1.6565764075190574,1.5943105485440194,-0.7986465998305751,-0.06540674531192016,1.6586650703176642
1.6257929292458633,0,4,2,0.39312068293301444,0.11751332713696856,-1.481587258645312,-0.8704704927942822,-0.47826758874021197,1,1.3017941511261861,-0.27935147851517966,1,1,2.0,1.9570595794675738,0.0,0.11399749039930356,1.7047386882796576,1.0097538160089454,1.239679365550379,0.4892326076287327,-1.6511577348227122,-1.0439204773794777,1.4514371365880343
-1.5670342456154605,0,1,4,1.6018984197991535,1.6755330793078806,-0.5763124149270935,-0.8704704927942822,-0.4437870808222521,1,0.4108291997139728,-0.867256858348901,0,0,0.0,-0.42535065589112697,2.0,1.6642855237055092,0.5217180195641443,0.8119555193903396,-1.5813239517710092,-1.3065190463586072,0.48012010265763005,1.4023638527894158,0.4152974679398865
-0.4060061820295245,0,1,4,1.0739265347311844,1.120065167664338,1.5127833782687947,1.759426673259986,-0.2369040333144928,0,1.3017941511261861,0.896459281152263,0,0,0.0,-0.42535065589112697,2.0,0.5984625008074929,0.6455225081506518,-0.6150179062153148,-0.9420818207523695,1.110838949393582,-1.0117743835786095,0.14427476870255662,1.5895890924077876
-0.4060061820295245,1,3,0,-0.74618706905576,-1.0340664896850094,-1.620860311525038,-0.8704704927942822,0.5216671408806246,0,0.4108291997139728,-1.4551622381826224,0,0,0.0,-0.42535065589112697,2.0,-0.7857232432159048,-0.3449134005414057,1.6596625048986495,0.1696436244974385,0.00576100847829524,-0.8696891944132532,0.7034254727411606,-1.6569818693564107
-1.2767772297189763,1,0,1,0.5598486466386889,0.33428129265639994,-1.690496837964901,0.88279428457523,1.1767967913218622,1,1.3017941511261861,0.896459281152263,1,1,1.0,0.7658544617882235,2.0,-1.477816115227604,0.6317664538632618,-0.035751466117970226,0.9617480042379273,-0.06330636282891022,-1.295944761909322,0.4937439587266838,-1.1043740460773985
-0.9865202138224924,2,4,4,0.3792266859575413,0.6052412495556891,1.5824199047086578,0.006161895890473879,1.4871213625835011,1,-0.48013575169824046,1.4843646609859844,1,1,2.0,1.9570595794675738,1.0,-0.7995651006561392,-1.6104703949812564,-1.3920826429312654,0.47536812194113603,1.525243177236814,-1.0828169781612877,0.8432131487508118,1.2442092028584053
-0.6962631979260084,2,3,3,0.1569227343499759,0.4426652754161156,-0.2977663091676422,0.88279428457523,-0.40930657290429223,1,-0.48013575169824046,1.4843646609859844,0,0,0.0,-0.42535065589112697,2.0,-0.8134069580963729,1.2920570596579666,-1.3638257434143217,0.8088857555160782,-1.3755864176658126,0.4090775080749527,-0.48476977334087296,0.9679052912188987
-0.6962631979260084,1,3,0,-1.4130989238784577,-1.2237384595145115,-0.6459489413669565,-0.8704704927942822,-0.9265141916736904,0,-1.3711007031104538,-0.867256858348901,0,0,0.0,-0.42535065589112697,2.0,1.2767135153789575,0.31537720525329915,-1.3638257434143217,-0.20556371327437178,-1.168384303744197,0.6932478864056645,0.9131069867556374,-1.3806779577169042
-1.5670342456154605,1,0,4,-1.4686749117803493,-1.2237384595145115,-0.08885672984805312,-0.8704704927942822,1.0388747596500227,0,-0.48013575169824046,0.896459281152263,0,0,0.0,-0.42535065589112697,2.0,-0.35662566256865147,1.1957646796462391,-0.07813681539338543,-0.05270146455252271,0.00576100847829524,1.1905460484844115,1.1926823387749397,-0.3445382890687564
-1.5670342456154605,2,0,1,1.5046404409708432,1.3232851353388047,1.4431468518289317,1.759426673259986,1.6595239021733006,0,-1.3711007031104538,-0.867256858348901,0,0,0.0,-0.42535065589112697,2.0,-0.5642535241721616,-1.3491053635208525,-0.9682291501771105,1.600990135256567,-0.6849127045937586,-1.224902167326644,-0.13530058331674574,-0.6899181786181388
0.17450784976344344,1,0,3,-0.6211410962765045,-0.6276265543360758,0.18968937591139895,0.006161895890473879,-0.5472286045761318,1,-1.3711007031104538,-0.867256858348901,0,0,0.0,-0.42535065589112697,2.0,-0.5919372390526296,-0.757595029163096,-1.1660274467957163,0.030677943841212977,-0.7539800759009642,0.8353330755710208,-1.4632835054084306,0.553449423759639
-0.11574916613304052,1,4,2,-0.28768516886515605,-0.4650505801965023,-0.5763124149270935,-0.8704704927942822,0.6595891725524641,1,-0.48013575169824046,0.896459281152263,1,1,0.0,-0.42535065589112697,2.0,1.2213460856180214,-1.0327161149108899,1.27819436141991,-0.46959850652120116,0.7655020928575547,-0.6565614106652188,1.4023638527894158,-1.3116019798070275
-1.5670342456154605,2,4,1,0.059664755521665475,0.23944530774164902,-1.342314205765586,0.88279428457523,0.41822561712674494,0,0.4108291997139728,-1.4551622381826224,0,0,0.0,-0.42535065589112697,2.0,-0.6196209539330976,-1.5967143406938669,-1.3638257434143217,1.489817590731586,0.00576100847829524,-0.15926324858647253,-1.6030711814180816,0.7606773574892688
-0.11574916613304052,2,1,3,-1.5659328906086594,-1.2643824530494048,-1.760133364404764,-0.8704704927942822,-0.6851506362479712,1,1.3017941511261861,0.30855390131854166,0,0,0.0,-0.42535065589112697,2.0,0.7922485049707682,-1.3215932549460732,0.26094597880993875,0.6282303706629845,-1.030249561129786,1.332631237649767,-1.0439204773794777,-0.6208422007082621
-0.6962631979260084,2,0,1,-1.385310929927512,-1.2914784487393338,1.5127833782687947,-0.8704704927942822,1.3491993309116617,1,0.4108291997139728,0.30855390131854166,1,0,2.0,3.1482646971469244,0.0,-0.4812023795307577,-1.3491053635208525,1.27819436141991,1.03123084456604,-1.168384303744197,0.053864535161561936,-0.06540674531192016,0.4152974679398865
1.3355359133493794,1,3,4,0.2680747101537589,0.23944530774164902,-1.5512237850851749,1.759426673259986,0.17686206170102575,0,0.4108291997139728,-1.4551622381826224,0,0,0.0,-0.42535065589112697,2.0,0.847615934731704,0.7693269967371588,-1.335568843897378,1.2118862294191337,-1.168384303744197,-0.7276040052478969,-0.9041328013698265,-0.413614266978633
-0.6962631979260084,2,3,2,-1.5381448966577136,-1.4676024207238718,-1.0637681000061345,-0.8704704927942822,-1.02995571542757,0,-0.48013575169824046,-1.4551622381826224,1,1,1.0,1.9570595794675738,2.0,-0.13515594352490826,-0.757595029163096,-0.5161187579060122,-1.136633773671086,1.3180410633151975,-1.7222003294053903,1.33247001478459,0.2771455121201332
-1.2767772297189763,0,3,1,0.7682586012707817,0.7542692258502979,-0.019220203408190112,1.759426673259986,-0.788592160001851,0,1.3017941511261861,1.4843646609859844,0,0,0.0,-0.42535065589112697,2.0,1.0552437963352137,0.989423865335394,-0.7704308535585047,-1.2200131820648215,-1.2374516750514024,0.6932478864056645,0.4937439587266838,0.9679052912188987
1.3355359133493794,0,1,0,0.4764846647858517,0.7136252323154042,1.4431468518289317,0.006161895890473879,0.21134256961898562,1,1.3017941511261861,0.30855390131854166,0,0,0.0,-0.42535065589112697,2.0,-1.7269695491518156,1.3608373310949153,0.020762332915917142,-0.7753230039648981,0.9036368354719655,1.4747164268151234,-0.06540674531192016,-0.6208422007082621
1.6257929292458633,1,0,4,-1.5659328906086594,-1.5217944121037297,-1.342314205765586,0.006161895890473879,1.3836798388296216,0,-1.3711007031104538,-1.4551622381826224,0,0,0.0,-0.42535065589112697,2.0,1.0552437963352137,-1.197788766359566,-0.5161187579060122,-0.4001156661930878,-1.168384303744197,1.0484608593190552,0.7034254727411606,-1.035298068167522
0.17450784976344344,0,2,4,-1.385310929927512,-1.4269584271889784,-1.342314205765586,0.006161895890473879,1.0733552675679827,0,1.3017941511261861,-1.4551622381826224,0,0,0.0,-0.42535065589112697,2.0,0.2800997796821114,1.4158615482444736,0.14791838074216404,-1.0810475014085956,-0.4086432193649376,1.1905460484844115,0.4937439587266838,0.553449423759639
-0.9865202138224924,0,2,3,-0.3849431476934659,-0.47859857804146705,-0.9941315735662716,-0.8704704927942822,-1.0989167312634898,0,-1.3711007031104538,-0.27935147851517966,0,0,0.0,-0.42535065589112697,2.0,0.37699278176374906,-1.1427645492100074,0.9956253662504739,0.8088857555160782,-1.444653788973018,-0.15926324858647253,-1.1138143153843032,-0.5517662227983855
0.4647648656599274,1,2,2,-1.3436289390010934,-1.2237384595145115,-1.620860311525038,0.006161895890473879,1.1767967913218622,1,0.4108291997139728,1.4843646609859844,0,0,0.0,-0.42535065589112697,2.0,-0.9795092473791807,-1.3078372006586834,1.193423662869079,-1.1505303417367088,1.6633779198512249,1.1905460484844115,0.004487092692905432,1.6586650703176642
1.3355359133493794,2,2,4,-0.5655651083746129,-0.8172985241655782,1.5127833782687947,-0.8704704927942822,0.7630306963063437,1,-0.48013575169824046,0.896459281152263,0,0,0.0,-0.42535065589112697,2.0,0.16936492016023952,0.31537720525329915,0.4870011749454876,-0.8031161400961433,-0.4777105906721423,1.1905460484844115,-1.0439204773794777,1.106057247038652
-0.9865202138224924,2,1,3,0.01798276459524716,0.32073329481143575,-0.4370393620473682,1.759426673259986,-0.3748260649863323,0,-1.3711007031104538,-1.4551622381826224,0,0,0.0,-0.42535065589112697,2.0,-0.23204894560654588,1.6084463082679294,-0.21942131297810386,-1.1922200459335763,-0.4086432193649376,1.6168016159804797,-0.6245574493505242,1.2442092028584053
0.7550218815564114,1,2,4,-0.7322930720802874,-0.8308465220105428,0.6771450609904393,-0.8704704927942822,-0.16794301747857304,0,0.4108291997139728,-0.27935147851517966,0,0,0.0,-0.42535065589112697,2.0,0.46004392640515296,-1.1565206034973972,0.17617528025910772,0.05847107997245759,-1.6518559028946345,-0.5144762214998625,0.3539562827170334,1.1751332249485287
-1.5670342456154605,2,2,4,0.07355875249713865,-0.04506264700260435,-0.8548585206865456,-0.8704704927942822,-0.6161896204120515,0,-1.3711007031104538,0.896459281152263,0,0,0.0,-0.42535065589112697,2.0,0.2108904924809412,-0.633790540576589,-1.519238690757512,0.683816642925475,0.6964347215503491,-0.5144762214998625,-1.4632835054084306,-0.27546231115887976
0.4647648656599274,1,2,3,-1.079642996467109,-1.359218437964156,-0.3674028356075052,0.006161895890473879,-1.4092413025251287,1,-1.3711007031104538,-1.4551622381826224,1,0,0.0,-0.42535065589112697,3.0,1.6642855237055092,-0.38618156340357446,-0.869330001867808,-0.23335684940561702,-1.3755864176658126,-1.3669873564919994,-0.27508825932639697,0.898829313309022
1.6257929292458633,2,1,3,-0.8851270388104887,-0.9527785026152226,0.5378720081107132,-0.8704704927942822,1.245757807157782,0,1.3017941511261861,1.4843646609859844,0,0,0.0,-0.42535065589112697,2.0,-0.2874163753674818,0.6730346167254313,-0.869330001867808,1.7816455201096606,-1.0993169324369914,-1.7222003294053903,-1.2536019913939545,0.9679052912188987
1.0452788974528953,0,0,2,0.12913474039903017,0.15815732067186225,1.5127833782687947,0.006161895890473879,1.314718822993702,0,1.3017941511261861,-1.4551622381826224,0,0,0.0,-0.42535065589112697,2.0,0.14168120527977154,0.4391816938398061,-0.9117153511432231,1.0868171168285305,0.4892326076287327,-0.017178059421116217,-1.533177343413256,1.4514371365880343
-0.4060061820295245,1,2,3,-0.5655651083746129,-0.8443945198555072,1.4431468518289317,-0.8704704927942822,-0.8920336837557306,1,0.4108291997139728,0.896459281152263,0,0,0.0,-0.42535065589112697,2.0,0.2800997796821114,1.5396660368309811,-1.6322662888252868,-1.3172891585241797,-1.0993169324369914,0.6932478864056645,0.4937439587266838,1.3823611586781577
0.17450784976344344,2,2,3,0.4348026738594328,0.38847328403625775,0.8164181138701654,0.88279428457523,1.2112772992398222,0,1.3017941511261861,-1.4551622381826224,1,0,2.0,0.7658544617882235,3.0,0.7922485049707682,0.4529377481271961,-1.3214403941389063,-0.14997744101188132,0.21296312239991164,1.1905460484844115,-0.20519442132157134,1.4514371365880343
-1.5670342456154605,0,2,4,0.1569227343499759,-0.04506264700260435,0.25932590235126196,-0.8704704927942822,1.004394251732063,1,1.3017941511261861,1.4843646609859844,1,0,2.0,0.7658544617882235,2.0,-0.30125823280771613,-0.6888147577261478,0.8260839691488118,-0.9698749568836147,-1.030249561129786,-1.1538595727439658,-1.3234958293987793,-0.6208422007082621
0.17450784976344344,2,2,3,0.8933045740500373,0.8762012064549777,1.6520564311485209,-0.8704704927942822,-0.5472286045761318,0,-0.48013575169824046,1.4843646609859844,1,1,2.0,0.7658544617882235,1.0,-1.3670812557057321,0.7968391053119382,-0.4454765091136527,1.03123084456604,0.00576100847829524,-1.1538595727439658,0.8432131487508118,-0.828070134437892
1.6257929292458633,1,3,3,-1.482568908755822,-1.5217944121037297,0.5378720081107132,-0.8704704927942822,0.24582307753694552,1,-1.3711007031104538,1.4843646609859844,0,0,0.0,-0.42535065589112697,2.0,-0.7995651006561392,-1.6517385578434256,0.7413132705979808,-1.5813239517710092,0.35109786501432255,0.12490712974424009,1.6120453668038925,-0.06823437742924988
1.3355359133493794,0,1,3,0.17081673132544847,-0.05861064484756911,1.7216929575883837,-0.8704704927942822,0.383745109208785,1,-0.48013575169824046,1.4843646609859844,0,0,0.0,-0.42535065589112697,2.0,0.404676496644217,-0.33115734625401627,-1.674651638100702,-0.48349507458682345,-0.8230474472081696,0.6222052918229863,1.542151528799067,-0.828070134437892
-0.6962631979260084,0,1,4,0.698788616393417,0.4426652754161156,-0.5066758884872304,1.759426673259986,0.2803035854549054,1,1.3017941511261861,-0.867256858348901,0,0,0.0,-0.42535065589112697,2.0,-0.17668151584560993,1.0169359739101733,0.11966148122522034,0.5587475303348718,0.9036368354719655,0.4090775080749527,0.14427476870255662,0.8297533353991454
0.4647648656599274,1,2,4,0.3097567010801772,0.32073329481143575,0.398598955230988,-0.8704704927942822,-0.13346250956061317,0,1.3017941511261861,-0.867256858348901,0,0,0.0,-0.42535065589112697,2.0,-0.024421084003036338,1.1544965167840697,-1.2366696955880756,-0.7336332997680306,-1.5137211602802234,0.6932478864056645,-0.9041328013698265,-0.413614266978633
-0.4060061820295245,1,1,2,-1.2880529510992018,-1.169546468134654,-1.690496837964901,-0.8704704927942822,1.0388747596500227,1,-0.48013575169824046,-1.4551622381826224,0,0,0.0,-0.42535065589112697,2.0,1.678127381145743,1.1682525710714597,-1.6887800878591739,0.6004372345317393,-0.7539800759009642,0.19594972432691823,-0.7643451253601753,-0.5517662227983855
-0.4060061820295245,0,4,0,-1.5659328906086594,-1.7114663819332316,1.1646007460694805,-0.8704704927942822,-0.6851506362479712,1,1.3017941511261861,1.4843646609859844,0,0,0.0,-0.42535065589112697,2.0,1.1936623707375535,0.7830830510245482,1.645534055140178,-1.1505303417367088,-0.9611821898225805,-1.0117743835786095,1.0528946627652886,-1.1043740460773985
-0.4060061820295245,0,3,0,1.7269443925784091,2.0142330254319916,1.1646007460694805,1.759426673259986,-1.4782023183610484,1,-1.3711007031104538,-0.867256858348901,0,0,0.0,-0.42535065589112697,2.0,-0.9241418176182448,-1.3215932549460732,-0.6574032554907306,-0.9281852526867471,1.4561758059296086,1.2615886430670897,0.004487092692905432,-1.5188299135366574
-1.2767772297189763,2,1,2,0.3653326889820687,0.5781452538657602,1.0253276931897544,0.88279428457523,0.34926460129082515,0,-0.48013575169824046,-1.4551622381826224,0,0,0.0,-0.42535065589112697,2.0,-1.422448685466668,0.2053287709541816,-0.035751466117970226,-1.1922200459335763,-0.20144110544332117,-0.5855188160825406,0.07438093069773102,0.2771455121201332
-0.6962631979260084,1,4,1,-0.8434450478840704,-0.49214657588643124,-0.7852219942466825,-0.8704704927942822,0.14238155378306588,0,-1.3711007031104538,0.30855390131854166,0,0,0.0,-0.42535065589112697,2.0,1.5812343790641052,-0.8951555720369929,-0.6715317052492021,-1.0532543652773503,0.2820304937071171,-1.224902167326644,-0.48476977334087296,0.6916013795793922
-0.11574916613304052,1,3,2,-0.39883714466893844,-0.3295706017468583,0.18968937591139895,0.006161895890473879,-0.6161896204120515,0,1.3017941511261861,0.30855390131854166,0,0,0.0,-0.42535065589112697,2.0,0.47388578384538665,1.6359584168427088,1.0945245145597764,-1.4840479753116511,-0.4086432193649376,1.4747164268151234,0.004487092692905432,0.553449423759639
-1.2767772297189763,1,1,1,0.8238345891726733,1.092969171974409,0.5378720081107132,1.759426673259986,1.3836798388296216,1,-1.3711007031104538,0.896459281152263,1,0,0.0,-0.42535065589112697,3.0,-1.0625603920205846,1.0031799196227833,-0.21942131297810386,-0.6502538913742949,-0.4086432193649376,1.2615886430670897,0.8432131487508118,-0.7589941565280154
1.6257929292458633,2,2,2,-0.8712330418350162,-1.1289024745997605,0.25932590235126196,-0.8704704927942822,1.1767967913218622,1,0.4108291997139728,0.30855390131854166,0,0,0.0,-0.42535065589112697,2.0,-0.993351104819415,0.06776822808028461,-0.1346506144272728,-0.789219572030521,1.110838949393582,1.4036738322324451,0.9830008247604629,-1.035298068167522
1.3355359133493794,0,4,4,0.9071985710255105,1.0658731762844802,-1.620860311525038,1.759426673259986,-0.030020985806733527,0,-1.3711007031104538,-1.4551622381826224,1,1,1.0,1.9570595794675738,3.0,-0.4396768072100554,-0.001012043356663557,0.7413132705979808,-1.303392590458557,-0.3395758480577321,-0.08822065400379436,0.14427476870255662,1.106057247038652
1.6257929292458633,2,2,1,-1.4964629057312948,-1.3456704401191917,0.8164181138701654,-0.8704704927942822,-0.5127480966581719,0,0.4108291997139728,-1.4551622381826224,0,0,0.0,-0.42535065589112697,2.0,1.484341376982467,1.5396660368309811,-1.5757524897913995,-0.10828773681501318,0.35109786501432255,-0.8696891944132532,-0.34498209733122254,0.6225254016695156
-0.9865202138224924,0,4,2,0.33754469503112294,0.19880131420675531,-1.411950732205449,-0.8704704927942822,-1.2368387629353292,1,1.3017941511261861,0.30855390131854166,1,1,1.0,1.9570595794675738,3.0,1.3736065174605956,0.6317664538632618,1.2216805623860227,-1.3867719988522929,1.2489736920079928,-0.6565614106652188,-1.1138143153843032,-0.8971461123477686
1.3355359133493794,2,3,0,-0.8712330418350162,-0.722462539250827,-1.2726776793257237,-0.8704704927942822,0.4871866329626647,0,1.3017941511261861,-1.4551622381826224,1,1,0.0,-0.42535065589112697,2.0,1.0690856537754478,-0.38618156340357446,0.9956253662504739,-0.6363573233086726,-1.444653788973018,1.5457590213978016,-0.34498209733122254,1.0369812691287754
-1.5670342456154605,1,3,1,0.5042726587367975,0.23944530774164902,-1.620860311525038,0.006161895890473879,1.5216018705014611,1,-1.3711007031104538,0.896459281152263,0,0,0.0,-0.42535065589112697,2.0,-0.8549325304170751,0.19157271666679218,0.049019232432860826,0.586540666466117,-0.8921148185153751,1.2615886430670897,-0.6944512873553498,0.6916013795793922
1.0452788974528953,2,4,4,-0.35715515374252016,-0.20763862114217788,0.6075085345505763,-0.8704704927942822,-1.4092413025251287,1,-0.48013575169824046,1.4843646609859844,1,1,0.0,-0.42535065589112697,3.0,-0.2874163753674818,-0.7438389748757065,-0.8128162028339205,-0.011011760355655176,0.7655020928575547,-0.5144762214998625,0.423850120721859,-0.413614266978633
-1.5670342456154605,0,1,1,0.24028671620281314,0.07686933360207548,-0.4370393620473682,-0.8704704927942822,-0.9954752075096102,0,-0.48013575169824046,-1.4551622381826224,0,0,0.0,-0.42535065589112697,2.0,1.04140193889498,-0.7988631920252653,-0.954100700418639,-0.9003921165555019,-0.5467779619793477,-0.017178059421116217,-0.20519442132157134,-0.9662220902576453
1.0452788974528953,0,4,2,1.2267605014613863,1.2555451461139826,-1.481587258645312,1.759426673259986,-1.5126828262790084,0,-1.3711007031104538,-1.4551622381826224,0,0,0.0,-0.42535065589112697,2.0,1.3459228025801278,1.333325222520136,0.8119555193903396,-1.5674273837053865,0.2820304937071171,0.9774182647363772,-1.6729650194229073,0.13899355630038
-1.2767772297189763,0,0,0,1.0600325377557118,1.0658731762844802,-0.9941315735662716,-0.8704704927942822,0.7975112042243035,0,1.3017941511261861,0.30855390131854166,0,0,0.0,-0.42535065589112697,2.0,0.5707787859270249,0.7143027795876,-1.19428434631266,1.392541614272228,-0.20144110544332117,-1.295944761909322,0.9131069867556374,0.9679052912188987
-0.9865202138224924,2,3,0,1.2406544984368588,1.2284491504240536,1.7216929575883837,0.88279428457523,-1.4437218104430887,0,0.4108291997139728,-0.27935147851517966,0,0,0.0,-0.42535065589112697,2.0,-0.3151000902479498,-0.7300829205883166,0.14791838074216404,-0.6363573233086726,-1.444653788973018,-1.7932429239880685,-0.20519442132157134,1.1751332249485287
0.17450784976344344,2,1,1,1.435170456093479,1.4316691180985202,-1.5512237850851749,-0.8704704927942822,0.004459522111226352,0,-0.48013575169824046,0.896459281152263,0,0,0.0,-0.42535065589112697,2.0,-0.7441976708952032,1.0031799196227833,1.3770935097292127,1.698266111715925,-0.8921148185153751,1.332631237649767,-0.6245574493505242,-1.3116019798070275
1.6257929292458633,1,4,2,1.0600325377557118,1.3503811310287335,0.328962428791125,-0.8704704927942822,-0.30586504915041257,1,-1.3711007031104538,-0.867256858348901,0,0,0.0,-0.42535065589112697,2.0,0.3077834945625794,-1.239056929221735,-0.3041920115289349,0.22522989675992897,0.35109786501432255,-0.7986465998305751,-0.34498209733122254,0.9679052912188987
-1.2767772297189763,0,4,3,1.0461385407802386,0.7813652215402268,0.18968937591139895,0.88279428457523,-1.4092413025251287,0,1.3017941511261861,-1.4551622381826224,0,0,0.0,-0.42535065589112697,2.0,-1.353239398265498,0.6455225081506518,-0.8975869013847516,-0.8031161400961433,1.7324452911584303,-1.1538595727439658,-1.2536019913939545,-1.3806779577169042
1.3355359133493794,0,0,0,0.4348026738594328,0.5239532624859023,0.12005284947153592,-0.8704704927942822,0.7630306963063437,0,1.3017941511261861,0.896459281152263,0,0,0.0,-0.42535065589112697,2.0,0.22473234992117547,-1.1014963863478384,-1.4627248917236246,-1.4979445433772738,0.5582999789359382,1.0484608593190552,0.004487092692905432,-1.5188299135366574
-0.6962631979260084,1,1,0,1.4907464439953706,1.214901152579089,0.6771450609904393,0.006161895890473879,0.7975112042243035,0,0.4108291997139728,-0.867256858348901,0,0,0.0,-0.42535065589112697,2.0,1.608918093944573,-0.977691897761331,1.0521391652843606,-1.0115646610804825,-0.9611821898225805,0.6222052918229863,-0.34498209733122254,1.520513114497911
-0.4060061820295245,2,0,0,-0.6211410962765045,-0.8985865112353647,-0.5066758884872304,-0.8704704927942822,-0.4437870808222521,1,0.4108291997139728,0.896459281152263,1,0,0.0,-0.42535065589112697,2.0,-0.7303558134549689,0.2878650966785198,0.2750744285684103,0.8088857555160782,0.8345694641647601,0.053864535161561936,-0.5546636113456985,1.1751332249485287
0.17450784976344344,0,4,0,-0.19042719003684563,-0.24828261467707155,-1.481587258645312,-0.8704704927942822,-1.1678777470994095,1,-1.3711007031104538,-0.27935147851517966,0,0,0.0,-0.42535065589112697,2.0,-1.6577602619506455,-0.5925223777144202,0.40223047639465653,-0.7336332997680306,1.387108434622403,0.48012010265763005,-1.4632835054084306,1.3823611586781577
-0.9865202138224924,2,4,4,1.0878205317066576,1.2419971482690177,-1.0637681000061345,0.88279428457523,1.314718822993702,0,-0.48013575169824046,-1.4551622381826224,1,0,2.0,1.9570595794675738,3.0,1.5812343790641052,0.012744010930725833,-1.519238690757512,0.46147155387551314,-0.5467779619793477,1.2615886430670897,-0.20519442132157134,-1.035298068167522
0.4647648656599274,1,4,3,0.698788616393417,1.0116811849046223,-1.760133364404764,-0.8704704927942822,0.14238155378306588,0,0.4108291997139728,1.4843646609859844,0,0,0.0,-0.42535065589112697,2.0,1.539708806743403,1.4846418196814224,-1.0812567482448852,-0.44180537038995593,-1.2374516750514024,-0.017178059421116217,-0.13530058331674574,1.3823611586781577
-1.2767772297189763,0,1,1,1.1572905165840217,0.9574891935247645,-0.08885672984805312,-0.8704704927942822,-0.30586504915041257,0,1.3017941511261861,-0.867256858348901,0,0,0.0,-0.42535065589112697,2.0,-0.27357451792724813,-0.9364237348991623,-1.109513647761829,-1.5674273837053865,0.4892326076287327,-0.8696891944132532,-1.533177343413256,-0.8971461123477686
-1.5670342456154605,1,2,1,1.032244543804766,1.092969171974409,1.3735103253890688,0.006161895890473879,-0.47826758874021197,0,0.4108291997139728,0.30855390131854166,0,0,0.0,-0.42535065589112697,2.0,-0.9795092473791807,-0.7163268663009271,-1.2084127960711317,-0.37232253006184257,1.4561758059296086,0.4090775080749527,-0.27508825932639697,1.520513114497911
1.3355359133493794,0,4,4,-1.010173011589745,-1.020518491840045,0.398598955230988,0.88279428457523,0.7630306963063437,0,1.3017941511261861,-1.4551622381826224,0,0,0.0,-0.42535065589112697,2.0,0.6953555028891305,0.4804498567019755,-0.6856601550076743,-1.3728754307866702,-0.27050847675052664,-1.3669873564919994,1.542151528799067,-0.06823437742924988
1.0452788974528953,2,4,4,0.22639271922733997,0.307185296966471,0.8860546403100283,0.88279428457523,0.24582307753694552,1,-1.3711007031104538,1.4843646609859844,0,0,0.0,-0.42535065589112697,2.0,0.5984625008074929,-1.5554461778316977,0.19030373001757925,0.9617480042379273,-1.2374516750514024,-1.0117743835786095,1.33247001478459,-1.6569818693564107
-1.2767772297189763,2,2,1,-0.8990210357859619,-1.142450472444725,-1.411950732205449,0.88279428457523,-1.340280286689209,0,1.3017941511261861,1.4843646609859844,0,0,0.0,-0.42535065589112697,2.0,0.14168120527977154,0.6042543452884824,0.6706710218056212,1.628783271387812,0.14389575109270616,-0.372391032334507,1.6120453668038925,0.48437344584976233
1.6257929292458633,1,0,1,-1.3019469480746746,-1.4946984164138006,-0.5066758884872304,1.759426673259986,0.969913743814103,1,0.4108291997139728,0.30855390131854166,0,0,0.0,-0.42535065589112697,2.0,-1.46397425778737,0.26035298810374036,0.4587442754285439,1.253575933616002,-0.6849127045937586,-1.224902167326644,-0.4148759353360481,-0.48269024488850887
0.4647648656599274,1,4,0,-1.6076148815350775,-1.359218437964156,0.12005284947153592,-0.8704704927942822,-0.16794301747857304,1,-0.48013575169824046,-1.4551622381826224,1,0,0.0,-0.42535065589112697,3.0,-0.6749883836940336,-0.24862102052967808,-0.14877906418574433,-1.1505303417367088,-1.582788531587429,1.5457590213978016,-0.9041328013698265,-0.8971461123477686
-0.11574916613304052,1,3,3,-1.190794972270892,-1.4269584271889784,-0.3674028356075052,-0.8704704927942822,0.5561476487985845,0,-1.3711007031104538,-1.4551622381826224,1,0,2.0,1.9570595794675738,1.0,-1.5885509747494757,-1.0739842777730588,1.1227814140767203,0.9756445723035496,-0.4777105906721423,-0.44343362691718513,0.14427476870255662,-1.7260578472662873
-0.6962631979260084,0,0,2,-0.8851270388104887,-0.5327905694213249,-1.2030411528858607,-0.8704704927942822,-1.6850853658688079,1,0.4108291997139728,-0.27935147851517966,0,0,0.0,-0.42535065589112697,2.0,1.2628716579387238,-0.8951555720369929,-1.5333671405159839,-0.45570193845557827,0.8345694641647601,0.19594972432691823,1.1227885007701142,1.5895890924077876
0.7550218815564114,2,4,0,0.6848946194179445,0.7407212280053331,-1.481587258645312,0.006161895890473879,0.5906281567165443,1,1.3017941511261861,0.30855390131854166,1,1,1.0,0.7658544617882235,0.0,-1.6992858342713475,1.058204136772342,-0.8975869013847516,0.5170578261380036,-0.1323737341361157,1.2615886430670897,1.4722576907942413,1.7277410482275408
-0.6962631979260084,0,1,0,-0.8156570539331247,-0.8579425177004714,-0.019220203408190112,-0.8704704927942822,-0.030020985806733527,0,0.4108291997139728,-1.4551622381826224,0,0,0.0,-0.42535065589112697,2.0,0.6538299305684289,0.9756678110480039,0.9956253662504739,-1.2200131820648215,-0.20144110544332117,1.1195034539017334,-0.6944512873553498,-0.1373103553391265
0.7550218815564114,1,1,4,-0.03759322330664434,0.22589730989668425,1.0253276931897544,1.759426673259986,-1.7195658737867676,0,-0.48013575169824046,-1.4551622381826224,1,1,0.0,-0.42535065589112697,1.0,1.539708806743403,0.06776822808028461,0.5717718734963186,1.0173342765004176,-1.2374516750514024,0.33803491349227455,-1.6030711814180816,0.0008416004806267426
1.3355359133493794,0,2,4,1.4629584500444248,1.4181211202535555,-1.690496837964901,0.006161895890473879,-1.2713192708532892,1,-1.3711007031104538,-0.867256858348901,0,0,0.0,-0.42535065589112697,2.0,1.0552437963352137,-1.514178014969529,1.4336073087631,1.35085191007536,0.2820304937071171,-1.7932429239880685,-0.8342389633650009,-0.3445382890687564
1.6257929292458633,2,2,1,-0.7183990751048143,-0.38376259312671557,0.328962428791125,-0.8704704927942822,0.2803035854549054,0,0.4108291997139728,-0.867256858348901,0,0,0.0,-0.42535065589112697,2.0,-1.436290542906902,-1.4041295806704113,1.4477357585215722,0.6977132109910978,-1.3065190463586072,-0.5144762214998625,0.3539562827170334,1.1751332249485287
-1.2767772297189763,0,3,4,0.5320606526877432,0.6729812387805111,1.5824199047086578,0.006161895890473879,0.07342053794714612,0,1.3017941511261861,-0.867256858348901,0,0,0.0,-0.42535065589112697,2.0,-1.0625603920205846,-0.6475465948639789,-0.09226526515185696,0.6143338025973621,0.0748283797855007,1.6168016159804797,0.7733193107459861,-0.9662220902576453
-0.9865202138224924,1,3,1,-0.3293671597915744,-0.11280263622742695,0.050416323031672906,0.006161895890473879,0.5906281567165443,1,-1.3711007031104538,-0.867256858348901,0,0,0.0,-0.42535065589112697,2.0,0.6953555028891305,-1.335349309233463,0.9108546676996429,0.016781375775590055,0.972704206779171,0.2669923189095964,-1.4632835054084306,0.898829313309022
-0.11574916613304052,0,3,4,-0.7739750630067057,-0.6276265543360758,1.5127833782687947,-0.8704704927942822,1.3491993309116617,0,-0.48013575169824046,1.4843646609859844,0,0,0.0,-0.42535065589112697,2.0,-1.1594533941022225,-0.04228020621883234,0.7978270696318681,1.3230587739441146,0.420165236321528,0.5511626972403082,-1.3234958293987793,1.520513114497911
-1.5670342456154605,2,2,2,-0.1070632081840084,-0.15344662976232004,-1.620860311525038,-0.8704704927942822,-0.5472286045761318,1,1.3017941511261861,1.4843646609859844,1,0,2.0,3.1482646971469244,2.0,0.017104488317665322,-1.45915379781997,-0.7280455042830896,0.586540666466117,-0.8921148185153751,-0.7986465998305751,1.1227885007701142,0.2771455121201332
1.3355359133493794,2,4,2,-0.6350350932519776,-0.7766545306306849,-0.7852219942466825,0.006161895890473879,1.6250433942553408,0,-0.48013575169824046,-0.867256858348901,0,0,0.0,-0.42535065589112697,2.0,0.4462020689649187,0.6867906710128207,0.6989279213225649,-1.5118411114428965,1.2489736920079928,-0.15926324858647253,-0.8342389633650009,-0.8971461123477686
1.3355359133493794,2,4,2,1.3379124772651694,1.3910251245636265,0.8164181138701654,-0.8704704927942822,-0.9265141916736904,0,-1.3711007031104538,0.30855390131854166,0,0,0.0,-0.42535065589112697,2.0,0.5292532136063226,-0.15232864051794992,-0.417219609596709,-0.5668744829805592,1.6633779198512249,-1.295944761909322,-0.6245574493505242,-0.06823437742924988
0.7550218815564114,1,0,1,1.4629584500444248,1.3639291288736977,-0.4370393620473682,-0.8704704927942822,0.6595891725524641,0,1.3017941511261861,-0.27935147851517966,0,0,0.0,-0.42535065589112697,2.0,-1.339397540825264,0.8793754310362764,0.8543408686657555,1.1146102529597757,1.3180410633151975,-0.8696891944132532,-0.9740266393746521,-0.1373103553391265
-0.11574916613304052,2,2,0,1.5463224318972622,1.607793090083058,-1.2726776793257237,-0.8704704927942822,0.9354332358961431,1,-1.3711007031104538,-0.27935147851517966,0,0,0.0,-0.42535065589112697,2.0,-1.0902441069010527,-0.8538874091748241,-0.3748342603212938,-0.35842596199622023,1.0417715780863765,-0.15926324858647253,-1.1138143153843032,-0.828070134437892
0.4647648656599274,0,4,0,1.2267605014613863,1.0116811849046223,-1.411950732205449,0.88279428457523,0.21134256961898562,1,1.3017941511261861,-0.27935147851517966,0,0,0.0,-0.42535065589112697,2.0,0.16936492016023952,1.6222023625553195,-0.26180666225351906,0.18354019256306145,1.5943105485440194,-0.8696891944132532,1.2625761767797654,0.13899355630038
-1.5670342456154605,0,1,0,1.5463224318972622,1.567149096548165,-1.760133364404764,0.88279428457523,-1.4092413025251287,1,0.4108291997139728,0.30855390131854166,0,0,0.0,-0.42535065589112697,2.0,-0.09363037120420598,0.3841574766902473,1.2499374619029664,0.6004372345317393,-0.20144110544332117,1.1195034539017334,1.4023638527894158,-1.3116019798070275
-1.2767772297189763,1,3,3,0.6710006224424719,0.4426652754161156,-1.5512237850851749,-0.8704704927942822,0.4871866329626647,0,1.3017941511261861,0.896459281152263,0,0,0.0,-0.42535065589112697,2.0,-0.2043652307260779,1.1407404624966804,1.4618642082800437,0.4892646900067584,-0.3395758480577321,-0.8696891944132532,1.681939204808718,1.6586650703176642
-0.4060061820295245,1,1,4,-0.20432118701231883,-0.03151464915764019,-1.0637681000061345,1.759426673259986,0.6595891725524641,1,-0.48013575169824046,1.4843646609859844,0,0,0.0,-0.42535065589112697,2.0,-1.450132400347136,-1.5554461778316977,-0.23354976273657538,-0.14997744101188132,1.387108434622403,-1.3669873564919994,-1.3234958293987793,-1.2425260018971518
1.0452788974528953,0,4,3,-0.24600317793873713,-0.49214657588643124,-0.7155854678068195,0.006161895890473879,-1.3057997787712492,1,-1.3711007031104538,-1.4551622381826224,1,1,0.0,-0.42535065589112697,1.0,0.25241606480164347,-1.5416901235443083,-1.3214403941389063,0.47536812194113603,-1.030249561129786,-0.017178059421116217,0.14427476870255662,-0.7589941565280154
0.4647648656599274,0,1,4,1.1850785105349673,1.0116811849046223,-1.481587258645312,-0.8704704927942822,0.4871866329626647,1,-1.3711007031104538,-0.867256858348901,0,0,0.0,-0.42535065589112697,2.0,1.6642855237055092,-1.1702766577847867,-0.09226526515185696,-0.42790880232433304,0.4892326076287327,-1.3669873564919994,-0.20519442132157134,-0.7589941565280154
-1.5670342456154605,0,0,1,0.5737426436141615,0.8491052107650487,-0.8548585206865456,-0.8704704927942822,0.21134256961898562,0,1.3017941511261861,-1.4551622381826224,1,1,1.0,1.9570595794675738,2.0,-1.6162346896299435,1.6084463082679294,0.049019232432860826,-0.6363573233086726,-0.4777105906721423,-1.580115140240034,1.681939204808718,-1.587905891446534
-1.2767772297189763,1,0,2,-0.20432118701231883,-0.49214657588643124,-0.9244950471264086,-0.8704704927942822,1.314718822993702,0,-1.3711007031104538,1.4843646609859844,0,0,0.0,-0.42535065589112697,2.0,1.0829275112156815,0.838107268174107,0.5152580744624313,-0.8725989804242567,-1.3755864176658126,0.2669923189095964,0.21416860670738222,-1.1043740460773985
-0.9865202138224924,2,4,0,0.059664755521665475,0.15815732067186225,-0.9244950471264086,0.006161895890473879,1.3836798388296216,0,0.4108291997139728,-1.4551622381826224,1,1,1.0,1.9570595794675738,1.0,0.11399749039930356,1.5259099825435911,-0.417219609596709,0.7116097790567202,-0.06330636282891022,0.053864535161561936,-0.8342389633650009,-0.1373103553391265
-0.4060061820295245,0,3,4,0.7126826133688903,0.40202128188122194,-0.6459489413669565,-0.8704704927942822,-0.5472286045761318,0,1.3017941511261861,0.896459281152263,0,0,0.0,-0.42535065589112697,2.0,-1.1456115366619886,0.8931314853236658,1.6596625048986495,1.587093567190944,-1.030249561129786,1.332631237649767,0.7034254727411606,-0.1373103553391265
-0.6962631979260084,2,3,1,-0.3849431476934659,-0.16699462760728478,0.8164181138701654,0.88279428457523,0.34926460129082515,1,-1.3711007031104538,-0.27935147851517966,0,0,0.0,-0.42535065589112697,2.0,-1.0764022494608185,1.374593385382305,0.5717718734963186,0.5031612580723813,-1.3755864176658126,0.33803491349227455,-1.3234958293987793,-1.4497539356267808
-0.9865202138224924,0,2,2,-0.4822011265217757,-0.3024746060569294,0.6075085345505763,-0.8704704927942822,0.10790104586510599,0,-0.48013575169824046,-0.867256858348901,0,0,0.0,-0.42535065589112697,2.0,1.1798205132973199,0.2741090423911304,0.3739735768777129,-0.7058401636367854,1.387108434622403,-1.7222003294053903,-0.5546636113456985,0.7606773574892688
1.6257929292458633,1,3,2,0.8238345891726733,0.5916932517107244,-1.342314205765586,-0.8704704927942822,-1.5471633341969682,1,-1.3711007031104538,-1.4551622381826224,1,1,0.0,-0.42535065589112697,0.0,-1.505499830108072,0.6592785624380413,0.2044321797760514,-0.2889431216681075,-0.4777105906721423,-1.0117743835786095,0.5636377967315094,1.6586650703176642
0.17450784976344344,0,1,0,-1.4964629057312948,-1.169546468134654,-0.22812978272777917,0.88279428457523,0.8664722200602234,1,-1.3711007031104538,-0.27935147851517966,0,0,0.0,-0.42535065589112697,2.0,-0.05210479888350432,0.1503045538046228,-0.7421739540415617,-1.067150933342973,-1.444653788973018,0.7642904809883426,-1.0439204773794777,0.6916013795793922
1.0452788974528953,0,1,0,0.51816665571227,0.7542692258502979,0.18968937591139895,-0.8704704927942822,0.5561476487985845,0,0.4108291997139728,-0.867256858348901,0,0,0.0,-0.42535065589112697,2.0,0.5707787859270249,-0.7300829205883166,-0.19116441346116017,-1.0254612291461052,-0.9611821898225805,-1.7222003294053903,1.4023638527894158,-0.9662220902576453
0.7550218815564114,1,1,4,-0.7739750630067057,-0.49214657588643124,0.4682354816708502,0.006161895890473879,-1.2713192708532892,0,0.4108291997139728,-1.4551622381826224,0,0,0.0,-0.42535065589112697,2.0,-0.5504116667319273,0.7143027795876,0.14791838074216404,-0.8031161400961433,0.5582999789359382,-1.3669873564919994,0.14427476870255662,-0.20638633324900313
-0.9865202138224924,2,1,0,0.6015306375651073,0.5916932517107244,-1.411950732205449,0.006161895890473879,0.5561476487985845,1,1.3017941511261861,0.896459281152263,1,0,2.0,3.1482646971469244,1.0,-0.6196209539330976,1.7047386882796576,1.1651667633521354,0.4336784177442679,-1.582788531587429,1.4036738322324451,0.21416860670738222,1.2442092028584053
-0.9865202138224924,0,1,1,0.39312068293301444,0.4968572667959734,1.0949642196296174,1.759426673259986,-0.6851506362479712,0,0.4108291997139728,-1.4551622381826224,0,0,0.0,-0.42535065589112697,2.0,0.2939416371223451,0.6867906710128207,1.193423662869079,-1.2061166139991988,0.14389575109270616,-1.7932429239880685,-1.3933896674036048,-1.5188299135366574
-1.5670342456154605,2,0,0,-0.21821518398779138,-0.20763862114217788,-0.3674028356075052,-0.8704704927942822,1.6250433942553408,1,1.3017941511261861,0.896459281152263,0,0,0.0,-0.42535065589112697,2.0,1.5812343790641052,1.319569168232746,1.4759926580385159,1.2952656378128695,0.6964347215503491,-1.1538595727439658,-0.7643451253601753,-0.9662220902576453
-0.4060061820295245,2,3,1,-1.4964629057312948,-1.6979183840882672,-0.9941315735662716,0.006161895890473879,-1.6161243500328881,0,-1.3711007031104538,-1.4551622381826224,1,0,0.0,-0.42535065589112697,1.0,-0.7718813857756711,1.0031799196227833,-1.0247429492109978,0.6699200748598526,-0.8230474472081696,1.332631237649767,0.21416860670738222,-1.1043740460773985
-0.4060061820295245,1,2,0,-0.03759322330664434,-0.34311859959182245,0.8860546403100283,-0.8704704927942822,0.383745109208785,1,1.3017941511261861,-0.867256858348901,0,0,0.0,-0.42535065589112697,2.0,-0.8964581027377767,0.989423865335394,-1.6181378390668149,-0.4140122342587107,0.00576100847829524,0.19594972432691823,0.7733193107459861,-0.48269024488850887
-0.9865202138224924,1,1,0,0.7682586012707817,0.9032972021449066,1.1646007460694805,-0.8704704927942822,0.6940696804704239,0,0.4108291997139728,0.896459281152263,0,0,0.0,-0.42535065589112697,2.0,-1.3117138259447962,-0.9501797891865517,-0.04987991587644175,1.2257827974847566,0.6964347215503491,0.9774182647363772,-0.48476977334087296,-0.3445382890687564
0.7550218815564114,1,0,1,-0.7322930720802874,-0.966326500460187,0.9556911667498914,0.006161895890473879,1.4526408546655414,0,-1.3711007031104538,0.30855390131854166,0,0,0.0,-0.42535065589112697,2.0,-0.8964581027377767,1.5121539282562018,0.3174597778438255,-1.3311857265898024,0.2820304937071171,-0.017178059421116217,1.2625761767797654,0.13899355630038
-0.4060061820295245,2,2,1,-0.19042719003684563,0.03622534006718181,-0.019220203408190112,1.759426673259986,1.3491993309116617,0,1.3017941511261861,1.4843646609859844,0,0,0.0,-0.42535065589112697,2.0,0.5707787859270249,-1.335349309233463,0.7271848208395086,0.044574511906835285,1.387108434622403,1.4747164268151234,-1.533177343413256,1.106057247038652
-0.11574916613304052,0,0,3,-1.4130989238784577,-1.6843703862433028,0.398598955230988,-0.8704704927942822,-1.4092413025251287,0,1.3017941511261861,1.4843646609859844,0,0,0.0,-0.42535065589112697,2.0,-0.9518255324987127,1.4846418196814224,-0.09226526515185696,0.5031612580723813,0.8345694641647601,-0.44343362691718513,0.7733193107459861,0.6225254016695156
1.3355359133493794,0,0,0,0.11524074342355697,-0.0044186534677112714,-0.2977663091676422,-0.8704704927942822,-0.6161896204120515,1,1.3017941511261861,1.4843646609859844,0,0,0.0,-0.42535065589112697,2.0,1.539708806743403,-1.5554461778316977,1.193423662869079,1.7677489520440384,1.3180410633151975,1.1195034539017334,-0.4148759353360481,-0.8971461123477686
1.0452788974528953,1,0,0,-0.7739750630067057,-0.8579425177004714,-1.1334046264459976,0.88279428457523,1.5216018705014611,1,0.4108291997139728,-0.867256858348901,0,0,0.0,-0.42535065589112697,2.0,1.1798205132973199,1.1957646796462391,0.9108546676996429,1.3647484781409829,1.0417715780863765,0.33803491349227455,-0.6944512873553498,1.313285180768281
-0.11574916613304052,0,1,3,-0.1070632081840084,0.21234931205172008,0.4682354816708502,0.006161895890473879,-1.1678777470994095,1,1.3017941511261861,-0.27935147851517966,0,0,0.0,-0.42535065589112697,2.0,-0.2043652307260779,1.2370328425084078,0.17617528025910772,-1.1505303417367088,0.6964347215503491,0.053864535161561936,0.5636377967315094,1.313285180768281
0.7550218815564114,1,1,2,-0.3293671597915744,-0.05861064484756911,0.25932590235126196,0.88279428457523,-1.1678777470994095,0,-0.48013575169824046,1.4843646609859844,1,1,1.0,0.7658544617882235,1.0,1.678127381145743,0.5767422367137031,-1.6605231883422302,-0.5529779149149369,0.420165236321528,-1.580115140240034,-1.6729650194229073,-0.1373103553391265
-1.2767772297189763,2,3,1,-0.5099891204727215,-0.3024746060569294,0.8860546403100283,-0.8704704927942822,1.245757807157782,0,1.3017941511261861,-1.4551622381826224,0,0,0.0,-0.42535065589112697,2.0,-0.6196209539330976,0.31537720525329915,-1.5616240400329275,-1.1783234778679537,-1.444653788973018,1.1195034539017334,0.9131069867556374,0.898829313309022
-0.6962631979260084,1,0,3,-1.3575229359765661,-1.4676024207238718,-1.2030411528858607,1.759426673259986,-1.5126828262790084,1,1.3017941511261861,0.896459281152263,1,0,0.0,-0.42535065589112697,3.0,-0.6888302411342673,-0.633790540576589,0.5576434237378471,-1.5813239517710092,0.7655020928575547,1.1905460484844115,-0.27508825932639697,0.898829313309022
0.4647648656599274,0,0,2,0.08745274947261122,0.07686933360207548,0.25932590235126196,-0.8704704927942822,-0.754111652083891,1,-1.3711007031104538,-1.4551622381826224,0,0,0.0,-0.42535065589112697,2.0,-1.547025402428774,1.4983978739688117,0.049019232432860826,0.4475749858098908,-0.06330636282891022,-1.4380299510746777,0.9131069867556374,0.8297533353991454
-1.5670342456154605,2,0,3,0.407014679908487,0.25299330558661315,0.18968937591139895,0.006161895890473879,1.5216018705014611,1,0.4108291997139728,0.30855390131854166,1,1,2.0,1.9570595794675738,2.0,0.2939416371223451,-1.280325092083904,-0.19116441346116017,1.239679365550379,1.387108434622403,-0.8696891944132532,0.7733193107459861,-1.3806779577169042
1.3355359133493794,2,1,1,0.19860472527639422,0.06332133575711073,1.0253276931897544,-0.8704704927942822,-0.13346250956061317,0,1.3017941511261861,1.4843646609859844,1,0,1.0,3.1482646971469244,3.0,0.12783934783953724,1.1682525710714597,-1.7029085376176456,-0.4140122342587107,-0.8921148185153751,-0.23030584316915068,-1.4632835054084306,1.5895890924077876
-0.11574916613304052,0,2,1,1.4629584500444248,1.485861109478378,1.6520564311485209,-0.8704704927942822,-1.0989167312634898,1,1.3017941511261861,1.4843646609859844,0,0,0.0,-0.42535065589112697,2.0,0.23857420736140916,1.4708857653940324,-1.6181378390668149,-0.23335684940561702,0.6964347215503491,-0.15926324858647253,1.0528946627652886,-1.1043740460773985
1.3355359133493794,1,1,1,-1.7465548512898064,-1.9146863496076982,-1.481587258645312,1.759426673259986,1.1767967913218622,0,0.4108291997139728,-0.27935147851517966,0,0,0.0,-0.42535065589112697,2.0,0.5707787859270249,-1.4453977435325804,0.3174597778438255,-1.1227372056054634,0.8345694641647601,-0.7276040052478969,-0.13530058331674574,0.34622149003000985
0.7550218815564114,1,1,0,-1.579826887584132,-1.210190461669547,1.4431468518289317,0.006161895890473879,0.8664722200602234,1,1.3017941511261861,-1.4551622381826224,0,0,0.0,-0.42535065589112697,2.0,1.3459228025801278,0.06776822808028461,0.17617528025910772,0.6282303706629845,1.5943105485440194,0.33803491349227455,0.21416860670738222,-1.6569818693564107
0.4647648656599274,0,2,4,0.2541807131782857,-0.04506264700260435,1.2342372725093433,-0.8704704927942822,-0.030020985806733527,0,-0.48013575169824046,-0.27935147851517966,1,1,0.0,-0.42535065589112697,0.0,-1.3670812557057321,0.7555709424497689,-0.035751466117970226,0.7671960513192106,-0.8921148185153751,-0.6565614106652188,-0.5546636113456985,-1.6569818693564107
-0.9865202138224924,2,4,0,0.44869667083490594,0.2800893012765421,-0.22812978272777917,-0.8704704927942822,0.5216671408806246,0,1.3017941511261861,0.30855390131854166,0,0,0.0,-0.42535065589112697,2.0,1.3182390876996597,-1.679250666418205,1.518378007313931,0.002884807709967748,-0.5467779619793477,1.4747164268151234,-1.6729650194229073,0.2771455121201332
-0.9865202138224924,2,2,3,-0.8295510509085973,-1.115354476754796,0.328962428791125,-0.8704704927942822,0.03894003002918623,1,0.4108291997139728,0.30855390131854166,1,1,1.0,0.7658544617882235,2.0,1.512025091862935,-1.1565206034973972,-0.9964860496940542,-0.7753230039648981,-1.582788531587429,-1.3669873564919994,1.681939204808718,-0.6208422007082621
-0.4060061820295245,0,3,4,1.6991563986274634,1.8381090534474536,-0.019220203408190112,-0.8704704927942822,1.6595239021733006,0,-1.3711007031104538,-1.4551622381826224,0,0,0.0,-0.42535065589112697,2.0,0.404676496644217,-0.06979231479361173,-0.19116441346116017,-0.42790880232433304,0.2820304937071171,0.4090775080749527,0.5636377967315094,-1.4497539356267808
-1.2767772297189763,2,2,4,-0.4266251386198842,-0.35666659743678664,0.7467815874303023,0.88279428457523,1.6595239021733006,0,1.3017941511261861,-0.27935147851517966,1,1,1.0,3.1482646971469244,0.0,-1.0902441069010527,-0.2211089119548987,-0.43134805935518117,-0.2889431216681075,-1.3065190463586072,1.1195034539017334,-1.6030711814180816,0.06991757839050336
-1.5670342456154605,1,4,1,-1.0240670085652175,-1.2643824530494048,1.1646007460694805,1.759426673259986,0.9354332358961431,1,-0.48013575169824046,-0.27935147851517966,0,0,0.0,-0.42535065589112697,2.0,-0.2043652307260779,-1.4866659063947496,-0.177035963702688,1.1562999571566432,0.420165236321528,1.1905460484844115,0.004487092692905432,-1.3116019798070275
-0.6962631979260084,0,2,1,-1.3297349420256204,-1.386314433654085,-0.8548585206865456,0.006161895890473879,-0.3748260649863323,1,0.4108291997139728,0.896459281152263,0,0,0.0,-0.42535065589112697,2.0,-0.27357451792724813,-0.30364523767923685,-0.9964860496940542,-1.2200131820648215,-1.030249561129786,-1.580115140240034,-1.0439204773794777,-1.7260578472662873
1.6257929292458633,1,2,2,-0.34326115676704755,-0.24828261467707155,-1.1334046264459976,-0.8704704927942822,-1.1333972391814497,0,0.4108291997139728,-1.4551622381826224,0,0,0.0,-0.42535065589112697,2.0,-1.6992858342713475,1.1682525710714597,-1.7029085376176456,1.5731969991253216,1.387108434622403,0.12490712974424009,0.14427476870255662,0.553449423759639
-0.6962631979260084,2,4,4,-0.9684910206633259,-0.8579425177004714,-0.2977663091676422,-0.8704704927942822,-1.374760794607169,0,-1.3711007031104538,0.30855390131854166,0,0,0.0,-0.42535065589112697,2.0,0.22473234992117547,-0.014768097644052947,0.7695701701149245,-0.35842596199622023,1.525243177236814,-0.08822065400379436,0.2840624447122078,1.106057247038652
1.3355359133493794,0,0,3,1.032244543804766,1.0523251784395153,-0.019220203408190112,0.006161895890473879,-1.4437218104430887,0,0.4108291997139728,0.896459281152263,1,1,0.0,-0.42535065589112697,3.0,1.3320809451398934,0.26035298810374036,-1.03887139896947,-0.7614264358992757,1.0417715780863765,-1.6511577348227122,1.7518330428135438,-1.2425260018971518
0.7550218815564114,0,4,1,1.0739265347311844,1.3368331331837693,1.0253276931897544,1.759426673259986,-1.374760794607169,1,0.4108291997139728,-1.4551622381826224,1,0,0.0,-0.42535065589112697,1.0,0.6261462156879608,0.37040142240285795,0.8967262179411707,-0.1360808729462584,-0.06330636282891022,0.48012010265763005,-1.3933896674036048,-0.20638633324900313
-0.11574916613304052,1,3,0,-1.4686749117803493,-1.7250143797781963,-0.8548585206865456,-0.8704704927942822,-0.8230726679198108,1,0.4108291997139728,-1.4551622381826224,1,0,2.0,0.7658544617882235,1.0,-1.3947649705862,0.7830830510245482,-0.6715317052492021,1.698266111715925,-1.582788531587429,-0.23030584316915068,-1.3234958293987793,-0.48269024488850887
-0.11574916613304052,2,1,4,1.3379124772651694,1.6213410879280228,0.18968937591139895,1.759426673259986,-0.34034555706837244,1,-1.3711007031104538,-1.4551622381826224,0,0,0.0,-0.42535065589112697,2.0,1.401290232341063,1.6084463082679294,1.6879194044155932,1.045127412631663,0.5582999789359382,-0.5855188160825406,-1.1138143153843032,-1.4497539356267808
0.4647648656599274,0,0,1,0.9766685559028746,0.7407212280053331,1.4431468518289317,0.006161895890473879,0.6940696804704239,0,0.4108291997139728,-0.867256858348901,0,0,0.0,-0.42535065589112697,2.0,0.9168252219328743,0.30162115096590975,-0.8975869013847516,1.712162679781548,1.387108434622403,-1.3669873564919994,-1.6729650194229073,0.6225254016695156
1.0452788974528953,0,2,2,1.5046404409708432,1.6484370836179516,-1.481587258645312,0.88279428457523,-0.7196311441659311,1,0.4108291997139728,-0.867256858348901,1,0,1.0,3.1482646971469244,0.0,0.0586300606383676,-1.197788766359566,1.4336073087631,0.933954868106682,0.8345694641647601,0.6932478864056645,-1.0439204773794777,-0.9662220902576453
1.3355359133493794,1,1,1,-0.9823850176387992,-0.9121345090803292,0.9556911667498914,0.88279428457523,-0.5472286045761318,1,-0.48013575169824046,0.896459281152263,1,0,1.0,3.1482646971469244,2.0,-1.2563463961838601,0.6455225081506518,1.4053504092461564,0.41978184967864557,0.21296312239991164,1.6168016159804797,0.423850120721859,-0.828070134437892
0.7550218815564114,1,3,2,0.698788616393417,0.5239532624859023,-0.7155854678068195,-0.8704704927942822,1.4526408546655414,1,-0.48013575169824046,-1.4551622381826224,0,0,0.0,-0.42535065589112697,2.0,-0.32894194768818413,-1.5004219606821392,1.0803960648013042,-1.3728754307866702,0.6273673502431437,-1.580115140240034,0.633531634736335,1.1751332249485287
-0.6962631979260084,2,2,4,-0.9823850176387992,-1.0747104832199026,0.9556911667498914,-0.8704704927942822,-1.5471633341969682,1,-0.48013575169824046,-0.867256858348901,0,0,0.0,-0.42535065589112697,2.0,0.7784066475305345,-1.0052040063361105,-0.9399722506601669,-0.5251847787836916,0.2820304937071171,-0.15926324858647253,0.8432131487508118,-0.9662220902576453
-0.6962631979260084,1,0,2,-0.9545970236878534,-0.939230504770258,1.0253276931897544,0.006161895890473879,1.0733552675679827,1,-0.48013575169824046,-1.4551622381826224,0,0,0.0,-0.42535065589112697,2.0,-1.353239398265498,1.0169359739101733,-1.4627248917236246,-0.7475298678336528,1.2489736920079928,-0.5855188160825406,1.681939204808718,1.6586650703176642
1.0452788974528953,2,2,0,-1.6076148815350775,-1.6979183840882672,-0.15849325628791613,1.759426673259986,-0.13346250956061317,1,0.4108291997139728,-1.4551622381826224,0,0,0.0,-0.42535065589112697,2.0,1.2905553728191916,-1.239056929221735,-1.3638257434143217,-1.0810475014085956,1.5943105485440194,0.6932478864056645,1.0528946627652886,-0.3445382890687564
-0.11574916613304052,2,3,3,-1.1074309904180548,-1.169546468134654,-0.6459489413669565,0.006161895890473879,0.03894003002918623,0,-0.48013575169824046,-0.27935147851517966,1,1,2.0,0.7658544617882235,3.0,1.5258669493031694,-1.197788766359566,-1.7876792361684768,-0.8587024123586338,1.110838949393582,-1.0828169781612877,-0.9041328013698265,-1.3116019798070275
1.0452788974528953,0,4,2,-1.5103569027067678,-1.359218437964156,-0.7852219942466825,-0.8704704927942822,1.6250433942553408,0,0.4108291997139728,-0.867256858348901,0,0,0.0,-0.42535065589112697,2.0,-0.4535186646502897,-0.04228020621883234,-0.713917054524618,-1.2061166139991988,-0.9611821898225805,-1.4380299510746777,0.633531634736335,0.553449423759639
-1.5670342456154605,2,0,4,-0.30157916584062866,-0.5327905694213249,-0.9941315735662716,1.759426673259986,-0.9954752075096102,1,1.3017941511261861,0.30855390131854166,1,1,0.0,-0.42535065589112697,1.0,0.2939416371223451,1.6359584168427088,0.06314768219133299,1.4481278865347178,-1.444653788973018,-1.0828169781612877,-0.20519442132157134,0.2771455121201332
1.3355359133493794,1,4,1,1.0600325377557118,0.8626532086100136,-0.4370393620473682,-0.8704704927942822,0.5906281567165443,0,0.4108291997139728,-0.867256858348901,0,0,0.0,-0.42535065589112697,2.0,-1.0348766771401166,-0.014768097644052947,0.8119555193903396,0.9895411403691725,0.00576100847829524,-0.7276040052478969,1.681939204808718,0.553449423759639
-0.11574916613304052,1,3,3,-0.5933531023255587,-0.7360105370957915,-0.6459489413669565,-0.8704704927942822,-1.2023582550173695,0,-1.3711007031104538,-0.867256858348901,0,0,0.0,-0.42535065589112697,2.0,1.691969238585977,0.6180103995758724,1.6596625048986495,-1.5952205198366318,-0.5467779619793477,-1.4380299510746777,-0.8342389633650009,1.1751332249485287
-0.6962631979260084,0,3,3,-0.9407030267123803,-1.1018064789098316,0.328962428791125,0.88279428457523,0.383745109208785,1,1.3017941511261861,1.4843646609859844,0,0,0.0,-0.42535065589112697,2.0,-1.505499830108072,-0.35866945482879503,1.5890202561062907,0.18354019256306145,-0.7539800759009642,-1.3669873564919994,0.7034254727411606,0.48437344584976233
-0.11574916613304052,2,1,3,0.17081673132544847,0.03622534006718181,-1.342314205765586,-0.8704704927942822,0.17686206170102575,1,0.4108291997139728,-1.4551622381826224,1,1,1.0,1.9570595794675738,0.0,-0.8964581027377767,0.5904982910010931,-1.1236420975203008,1.4203347504034733,-1.3755864176658126,0.6932478864056645,0.004487092692905432,1.2442092028584053
1.3355359133493794,0,1,1,0.6015306375651073,0.5375012603308665,-0.08885672984805312,-0.8704704927942822,1.5216018705014611,1,-1.3711007031104538,-1.4551622381826224,0,0,0.0,-0.42535065589112697,2.0,-0.4258349497698217,-0.4687178891279126,-1.6322662888252868,0.683816642925475,-0.20144110544332117,-1.0828169781612877,1.1227885007701142,1.0369812691287754
0.4647648656599274,0,2,4,-0.9129150327614345,-0.9934224961501159,1.3735103253890688,-0.8704704927942822,-1.4782023183610484,1,0.4108291997139728,-0.27935147851517966,0,0,0.0,-0.42535065589112697,2.0,-1.5885509747494757,-1.3903735263830217,-1.7876792361684768,-1.1644269098023312,-1.5137211602802234,1.758886805145836,-0.7643451253601753,-1.2425260018971518
0.17450784976344344,1,4,4,-1.0379610055406907,-0.8985865112353647,-0.5763124149270935,0.006161895890473879,0.6595891725524641,1,-0.48013575169824046,0.896459281152263,0,0,0.0,-0.42535065589112697,2.0,-1.3117138259447962,-0.9226676806117723,-0.5726325569398996,0.933954868106682,0.2820304937071171,0.6222052918229863,0.21416860670738222,0.6225254016695156
1.3355359133493794,1,0,1,-0.3293671597915744,-0.6140785564911116,-0.4370393620473682,0.88279428457523,1.3491993309116617,0,-1.3711007031104538,-1.4551622381826224,0,0,0.0,-0.42535065589112697,2.0,-1.519341687548306,-0.6750587034387584,-1.2649265951050193,-1.0810475014085956,0.9036368354719655,-1.7222003294053903,0.21416860670738222,-0.413614266978633
-0.6962631979260084,2,3,1,-1.371416932952039,-1.4540544228789072,1.6520564311485209,0.88279428457523,-0.30586504915041257,1,-0.48013575169824046,0.896459281152263,1,0,1.0,1.9570595794675738,1.0,-1.0625603920205846,-1.3903735263830217,1.3488366102122695,-0.48349507458682345,0.21296312239991164,-0.5144762214998625,-1.3234958293987793,0.2771455121201332
-0.6962631979260084,1,2,2,-1.0379610055406907,-0.9798744983051515,1.0253276931897544,0.88279428457523,1.5560823784194209,0,-1.3711007031104538,-0.27935147851517966,0,0,0.0,-0.42535065589112697,2.0,1.4151320897812973,-1.376617472095632,-1.6463947385837583,-1.6785999282303674,-0.6158453332865532,0.5511626972403082,0.8432131487508118,-0.1373103553391265
-0.4060061820295245,1,4,1,-0.4960951234972489,-0.5869825608011827,-1.620860311525038,-0.8704704927942822,0.03894003002918623,1,1.3017941511261861,0.30855390131854166,1,1,0.0,-0.42535065589112697,1.0,1.6642855237055092,-1.679250666418205,0.38810202663618504,-0.26114998553686225,1.2489736920079928,-0.8696891944132532,1.681939204808718,0.4152974679398865
-0.4060061820295245,1,0,1,-1.4547809148048763,-1.1966424638245825,0.8860546403100283,0.006161895890473879,1.1078357754859425,1,-0.48013575169824046,0.30855390131854166,0,0,0.0,-0.42535065589112697,2.0,-0.46736052209052337,0.3841574766902473,0.6424141222886782,-0.4973916426524464,-1.3755864176658126,-1.580115140240034,0.2840624447122078,0.06991757839050336
1.0452788974528953,1,0,1,0.01798276459524716,0.07686933360207548,-0.3674028356075052,-0.8704704927942822,-0.5817091124940916,1,1.3017941511261861,-1.4551622381826224,0,0,0.0,-0.42535065589112697,2.0,-1.6439184045104116,0.7693269967371588,1.0521391652843606,1.072920548762908,-1.3065190463586072,1.4036738322324451,0.633531634736335,1.3823611586781577
-0.4060061820295245,2,1,4,1.6157924167746263,1.4452171159434843,-1.481587258645312,0.88279428457523,-0.47826758874021197,1,1.3017941511261861,0.30855390131854166,1,0,1.0,0.7658544617882235,1.0,1.1521367984168518,1.5671781454057605,0.6565425720471497,-0.9698749568836147,-1.6518559028946345,-0.08822065400379436,0.07438093069773102,-0.8971461123477686
1.6257929292458633,2,1,4,0.29586270410470467,0.11751332713696856,1.7216929575883837,-0.8704704927942822,0.5561476487985845,1,-0.48013575169824046,-0.27935147851517966,1,1,1.0,3.1482646971469244,1.0,-0.7857232432159048,-1.6242264492686462,0.3174597778438255,-0.3167362577993521,-0.6849127045937586,1.2615886430670897,0.8432131487508118,1.2442092028584053
-0.6962631979260084,1,2,2,-1.2880529510992018,-1.386314433654085,-1.0637681000061345,1.759426673259986,-0.47826758874021197,0,-1.3711007031104538,-0.27935147851517966,0,0,0.0,-0.42535065589112697,2.0,0.5984625008074929,0.70054672530021,0.16204683050063556,1.4481278865347178,-1.3065190463586072,-1.1538595727439658,-0.27508825932639697,-1.3116019798070275
1.0452788974528953,2,2,4,0.9766685559028746,0.9845851892146934,1.5127833782687947,-0.8704704927942822,-1.1678777470994095,0,-1.3711007031104538,-1.4551622381826224,0,0,0.0,-0.42535065589112697,2.0,0.2662579222418771,-1.1565206034973972,-1.3779541931727937,-1.5952205198366318,-1.6518559028946345,1.332631237649767,-1.6030711814180816,0.8297533353991454
0.4647648656599274,1,2,3,-0.12095720515948158,-0.20763862114217788,1.1646007460694805,-0.8704704927942822,0.7630306963063437,0,1.3017941511261861,-1.4551622381826224,0,0,0.0,-0.42535065589112697,2.0,-1.0487185345803507,-0.633790540576589,-0.8269446525923921,0.15574705643181622,-1.5137211602802234,-1.224902167326644,1.1227885007701142,-1.2425260018971518
-0.6962631979260084,1,2,1,-1.7048728603633878,-1.7385623776231607,0.6771450609904393,0.006161895890473879,-0.4437870808222521,1,1.3017941511261861,-1.4551622381826224,0,0,0.0,-0.42535065589112697,2.0,0.4185183540844507,-1.335349309233463,-1.2649265951050193,-0.17777057714312655,-0.3395758480577321,0.8353330755710208,0.2840624447122078,-0.413614266978633
1.0452788974528953,1,0,4,-0.7878690599821789,-0.7631065327857204,-1.2030411528858607,-0.8704704927942822,-1.1333972391814497,1,-1.3711007031104538,-0.27935147851517966,0,0,0.0,-0.42535065589112697,2.0,-1.491657972667838,1.1269844082092904,0.17617528025910772,0.6421269387286074,0.6964347215503491,-0.7276040052478969,-0.06540674531192016,1.5895890924077876
-0.11574916613304052,2,2,0,1.6157924167746263,1.4181211202535555,-1.1334046264459976,-0.8704704927942822,-0.5127480966581719,0,1.3017941511261861,-0.27935147851517966,1,1,1.0,1.9570595794675738,3.0,-0.7718813857756711,1.058204136772342,-0.5161187579060122,-0.5946676191118044,1.1799063207007874,1.1905460484844115,-0.48476977334087296,1.1751332249485287
0.17450784976344344,2,1,2,-0.2737911718896829,0.03622534006718181,-1.760133364404764,-0.8704704927942822,-1.7195658737867676,0,0.4108291997139728,0.30855390131854166,0,0,0.0,-0.42535065589112697,2.0,-0.5088860944112257,-0.1660846948053399,-1.34969729365585,-1.5257376795085187,0.972704206779171,0.2669923189095964,0.9131069867556374,-1.2425260018971518
-0.4060061820295245,1,3,0,-0.1070632081840084,-0.19409062329721372,1.3735103253890688,1.759426673259986,0.24582307753694552,0,1.3017941511261861,-0.27935147851517966,0,0,0.0,-0.42535065589112697,2.0,0.6815136454488968,-1.7205188292803741,1.2640659116614386,-1.5813239517710092,0.7655020928575547,-1.6511577348227122,-0.8342389633650009,0.0008416004806267426
1.6257929292458633,1,2,1,-0.8851270388104887,-0.8308465220105428,-1.690496837964901,-0.8704704927942822,1.1423162834039025,1,0.4108291997139728,1.4843646609859844,0,0,0.0,-0.42535065589112697,2.0,0.8614577921719384,-1.5416901235443083,0.1055330314667482,-0.789219572030521,0.2820304937071171,-0.8696891944132532,1.681939204808718,-0.6899181786181388
-1.5670342456154605,0,4,2,0.9766685559028746,0.8355572129200847,-1.342314205765586,-0.8704704927942822,0.14238155378306588,1,-1.3711007031104538,-1.4551622381826224,0,0,0.0,-0.42535065589112697,2.0,-1.0487185345803507,1.182008625358849,-1.0953851980033573,0.8922651639098139,0.6273673502431437,0.9063756701536989,0.14427476870255662,0.48437344584976233
-0.4060061820295245,1,1,1,-0.8712330418350162,-0.8037505263206138,0.050416323031672906,-0.8704704927942822,-1.5471633341969682,1,-1.3711007031104538,0.30855390131854166,0,0,0.0,-0.42535065589112697,2.0,-0.7580395283354369,-0.1935968033801193,-1.2084127960711317,1.3369553420097375,0.6964347215503491,-1.5090725456573557,0.5636377967315094,0.553449423759639
-0.11574916613304052,2,4,4,-0.03759322330664434,0.22589730989668425,-0.2977663091676422,0.006161895890473879,-1.3057997787712492,1,1.3017941511261861,0.896459281152263,1,1,2.0,3.1482646971469244,0.0,-1.408606828026434,0.04025611950550523,-0.9964860496940542,-1.067150933342973,1.110838949393582,-1.295944761909322,-0.13530058331674574,1.520513114497911
-1.5670342456154605,1,3,3,1.6435804107255718,1.2690931439589468,0.18968937591139895,-0.8704704927942822,-1.6506048579508479,0,0.4108291997139728,1.4843646609859844,0,0,0.0,-0.42535065589112697,2.0,1.484341376982467,0.5629861824263137,0.6282856725302061,1.045127412631663,-1.3065190463586072,-0.5144762214998625,1.6120453668038925,1.4514371365880343
-0.9865202138224924,2,4,2,0.51816665571227,0.3613772883463288,0.6075085345505763,0.88279428457523,-0.09898200164265329,1,-1.3711007031104538,0.896459281152263,1,0,0.0,-0.42535065589112697,1.0,1.4704995195422332,-0.15232864051794992,1.1792952131106076,-0.1221843048806361,-0.27050847675052664,-1.224902167326644,-0.27508825932639697,0.13899355630038
0.4647648656599274,1,4,0,-0.20432118701231883,-0.38376259312671557,0.6075085345505763,-0.8704704927942822,-1.2368387629353292,1,0.4108291997139728,-1.4551622381826224,0,0,0.0,-0.42535065589112697,2.0,-0.3151000902479498,0.26035298810374036,-1.279055044863491,-1.0810475014085956,-0.7539800759009642,1.6168016159804797,0.8432131487508118,0.553449423759639
-0.6962631979260084,1,0,2,0.6015306375651073,0.38847328403625775,0.5378720081107132,0.006161895890473879,-0.4437870808222521,0,1.3017941511261861,1.4843646609859844,0,0,0.0,-0.42535065589112697,2.0,1.1936623707375535,-1.3215932549460732,1.6031487058647622,1.6426798394534345,-0.4777105906721423,-1.580115140240034,-1.183708153389129,1.7277410482275408
1.0452788974528953,0,3,4,0.3097567010801772,0.11751332713696856,1.0949642196296174,0.88279428457523,0.03894003002918623,1,-1.3711007031104538,0.896459281152263,0,0,0.0,-0.42535065589112697,2.0,0.6399880731281945,1.0031799196227833,-0.7845593033169769,-1.414565134983538,-0.06330636282891022,-0.6565614106652188,-1.0439204773794777,1.5895890924077876
0.7550218815564114,0,4,2,-0.39883714466893844,-0.23473461683210678,-0.8548585206865456,-0.8704704927942822,-1.02995571542757,0,0.4108291997139728,0.896459281152263,1,0,0.0,-0.42535065589112697,3.0,-1.1317696792217546,-0.5374981605648614,-1.6040093893083431,-0.7614264358992757,0.9036368354719655,1.332631237649767,-0.9740266393746521,-0.1373103553391265
0.17450784976344344,1,1,3,1.2823364893632778,1.0794211741294444,0.050416323031672906,-0.8704704927942822,1.1078357754859425,0,0.4108291997139728,1.4843646609859844,1,1,2.0,1.9570595794675738,2.0,-0.32894194768818413,1.4021054939570843,0.7978270696318681,0.19743676062868373,0.0748283797855007,-0.5855188160825406,0.07438093069773102,0.553449423759639
-0.4060061820295245,1,3,4,0.740470607319836,0.4833092689510087,-1.2030411528858607,0.006161895890473879,1.314718822993702,0,-0.48013575169824046,-0.27935147851517966,1,0,0.0,-0.42535065589112697,1.0,-0.8687743878573088,0.4804498567019755,1.27819436141991,-0.23335684940561702,1.4561758059296086,1.758886805145836,-1.3933896674036048,-0.8971461123477686
0.4647648656599274,1,0,4,1.657474407701045,1.4452171159434843,0.050416323031672906,1.759426673259986,-1.7195658737867676,0,0.4108291997139728,0.30855390131854166,1,1,2.0,3.1482646971469244,3.0,0.017104488317665322,1.1957646796462391,-1.7452938868930612,0.4058852816130227,-0.7539800759009642,1.2615886430670897,-0.7643451253601753,0.6225254016695156
1.0452788974528953,1,3,0,-0.9823850176387992,-0.6411745521810406,-0.3674028356075052,1.759426673259986,-0.5472286045761318,1,1.3017941511261861,-0.27935147851517966,0,0,0.0,-0.42535065589112697,2.0,1.5535506641836372,0.012744010930725833,1.3205797106953259,-0.44180537038995593,-0.4086432193649376,-0.30134843775182885,0.14427476870255662,0.20806953421025662
-1.5670342456154605,2,0,2,-0.19042719003684563,-0.13989863191735588,-1.411950732205449,0.006161895890473879,-1.340280286689209,1,0.4108291997139728,0.30855390131854166,0,0,0.0,-0.42535065589112697,2.0,-0.30125823280771613,-0.9364237348991623,0.24681752905146662,-0.4001156661930878,-0.20144110544332117,0.12490712974424009,-1.0439204773794777,-1.1734500239872752
-1.2767772297189763,0,1,1,-0.24600317793873713,-0.18054262545224894,-1.620860311525038,0.006161895890473879,-1.4782023183610484,0,-0.48013575169824046,-0.27935147851517966,0,0,0.0,-0.42535065589112697,2.0,0.7230392177695985,-1.115252440635228,-0.9258438009016953,1.1285068210253981,1.525243177236814,-1.295944761909322,0.004487092692905432,-0.9662220902576453
0.17450784976344344,0,4,1,-1.1491129813444734,-1.115354476754796,0.328962428791125,-0.8704704927942822,-0.788592160001851,1,-1.3711007031104538,0.30855390131854166,0,0,0.0,-0.42535065589112697,2.0,1.7334948109066788,1.6772265797048782,1.2923228111783822,-0.3167362577993521,0.6273673502431437,-0.30134843775182885,0.4937439587266838,-0.6899181786181388
0.17450784976344344,1,1,1,-1.0935369934425818,-1.0069704939950803,0.5378720081107132,0.006161895890473879,-1.6850853658688079,1,1.3017941511261861,-0.867256858348901,1,1,1.0,1.9570595794675738,2.0,-1.7131276917115814,-0.42744972626574385,-1.5898809395498712,1.4759210226659631,-0.27050847675052664,-0.15926324858647253,-0.5546636113456985,0.4152974679398865
0.7550218815564114,0,2,2,0.5042726587367975,0.33428129265639994,1.3735103253890688,1.759426673259986,1.4871213625835011,1,1.3017941511261861,0.896459281152263,0,0,0.0,-0.42535065589112697,2.0,1.0552437963352137,-0.7300829205883166,0.5293865242209035,-0.20556371327437178,1.3180410633151975,1.1905460484844115,0.07438093069773102,0.6916013795793922
-0.4060061820295245,0,0,4,1.3795944681915877,1.1336131655093022,0.6075085345505763,-0.8704704927942822,-0.6851506362479712,0,-1.3711007031104538,1.4843646609859844,0,0,0.0,-0.42535065589112697,2.0,1.2628716579387238,0.7693269967371588,-0.38896271007976596,-0.9420818207523695,-0.4777105906721423,-0.7986465998305751,-1.1138143153843032,0.8297533353991454
0.4647648656599274,2,2,2,-0.16263919608589988,-0.07215864269253328,1.6520564311485209,0.006161895890473879,-1.6850853658688079,1,0.4108291997139728,0.896459281152263,0,0,0.0,-0.42535065589112697,2.0,0.3216253520028131,0.3428893138280785,-0.3324489110458786,-0.19166714520874886,-1.5137211602802234,0.053864535161561936,0.004487092692905432,-1.2425260018971518
-0.9865202138224924,0,2,1,-0.07927521423306265,-0.3702145952817514,0.6771450609904393,0.006161895890473879,0.4527061250447048,0,-1.3711007031104538,1.4843646609859844,1,1,1.0,1.9570595794675738,3.0,1.1521367984168518,-0.48247394341530264,-1.0671282984864137,-0.35842596199622023,0.8345694641647601,-0.30134843775182885,0.8432131487508118,-1.3116019798070275
1.6257929292458633,2,2,3,-0.8712330418350162,-0.6682705478709695,0.328962428791125,0.88279428457523,-1.7195658737867676,1,-1.3711007031104538,0.896459281152263,0,0,0.0,-0.42535065589112697,2.0,-0.3427838051284178,-1.1290084949226178,-0.9117153511432231,-0.7753230039648981,0.21296312239991164,-0.30134843775182885,1.542151528799067,-1.3116019798070275
1.0452788974528953,2,0,0,-1.3575229359765661,-1.169546468134654,0.9556911667498914,-0.8704704927942822,1.4871213625835011,0,1.3017941511261861,-0.867256858348901,0,0,0.0,-0.42535065589112697,2.0,-1.1594533941022225,-0.2211089119548987,-0.21942131297810386,-1.6369102240334996,-1.3065190463586072,-1.1538595727439658,-1.3234958293987793,-0.5517662227983855
-1.5670342456154605,0,1,3,0.01798276459524716,-0.05861064484756911,-0.5066758884872304,0.006161895890473879,0.5216671408806246,0,0.4108291997139728,-0.867256858348901,0,0,0.0,-0.42535065589112697,2.0,-1.2840301110643282,-0.08354836908100173,0.8825977681826992,-0.789219572030521,-0.06330636282891022,1.758886805145836,0.633531634736335,1.1751332249485287
-0.11574916613304052,0,0,2,-0.9823850176387992,-0.966326500460187,-1.2030411528858607,0.88279428457523,0.6940696804704239,0,0.4108291997139728,-0.27935147851517966,0,0,0.0,-0.42535065589112697,2.0,-1.6023928321897096,0.4116695852650267,-0.7704308535585047,-1.3867719988522929,0.9036368354719655,-0.6565614106652188,-0.13530058331674574,-0.8971461123477686
0.4647648656599274,1,3,3,1.6991563986274634,1.9193970405172402,-1.481587258645312,1.759426673259986,-0.4437870808222521,0,1.3017941511261861,-0.27935147851517966,0,0,0.0,-0.42535065589112697,2.0,-0.3981512348893537,0.12279244522984341,1.151038313593664,0.33640244128490987,-1.5137211602802234,0.5511626972403082,-1.7428588574277328,0.9679052912188987
0.17450784976344344,1,3,2,-0.6767170841783959,-0.5192425715763601,1.0253276931897544,0.88279428457523,-0.06450149372469341,1,1.3017941511261861,0.896459281152263,1,1,1.0,0.7658544617882235,3.0,1.2213460856180214,-0.8951555720369929,1.27819436141991,-1.623013655967877,0.8345694641647601,1.5457590213978016,0.5636377967315094,-0.20638633324900313
1.0452788974528953,0,4,0,1.4490644530689516,1.4316691180985202,-1.690496837964901,-0.8704704927942822,1.280238315075742,0,-0.48013575169824046,1.4843646609859844,0,0,0.0,-0.42535065589112697,2.0,1.719652953466445,-0.2761331291044575,0.33158822760229767,-1.3311857265898024,-0.1323737341361157,-0.9407317889959314,1.1926823387749397,0.9679052912188987
1.6257929292458633,0,0,4,-1.7048728603633878,-1.7927543690030185,-0.2977663091676422,-0.8704704927942822,-0.788592160001851,1,-1.3711007031104538,-0.867256858348901,1,1,1.0,3.1482646971469244,0.0,1.4428158046617654,-1.2665690377965144,0.5576434237378471,-1.6785999282303674,1.4561758059296086,-1.3669873564919994,-1.3933896674036048,-0.5517662227983855
-1.5670342456154605,2,4,4,1.4907464439953706,1.160709161199231,1.4431468518289317,0.006161895890473879,0.24582307753694552,0,-0.48013575169824046,1.4843646609859844,1,1,1.0,0.7658544617882235,2.0,0.6953555028891305,-0.6475465948639789,-1.4627248917236246,-0.7475298678336528,1.1799063207007874,1.687844210563158,0.004487092692905432,-1.7260578472662873
0.7550218815564114,0,4,0,-1.5659328906086594,-1.8198503646929474,0.050416323031672906,0.006161895890473879,0.21134256961898562,0,-1.3711007031104538,1.4843646609859844,0,0,0.0,-0.42535065589112697,2.0,0.9721926516938103,0.8793754310362764,0.33158822760229767,0.4892646900067584,0.4892326076287327,0.4090775080749527,0.21416860670738222,1.6586650703176642
-1.2767772297189763,2,2,1,-1.065748999491636,-0.7089145414058626,1.0253276931897544,1.759426673259986,1.5216018705014611,1,-1.3711007031104538,0.896459281152263,0,0,0.0,-0.42535065589112697,2.0,1.1382949409766177,-0.1935968033801193,0.2044321797760514,0.1418504883661933,-1.582788531587429,0.4090775080749527,1.1227885007701142,-1.1734500239872752
-1.5670342456154605,2,0,3,-1.7326608543143334,-1.752110375468125,1.1646007460694805,1.759426673259986,0.3147840933728653,1,1.3017941511261861,0.896459281152263,1,1,1.0,1.9570595794675738,2.0,-0.937983675058479,-1.1290084949226178,0.543514973979375,0.41978184967864557,0.4892326076287327,-1.5090725456573557,1.4023638527894158,-0.413614266978633
1.6257929292458633,1,3,0,-0.13485120213495413,-0.05861064484756911,1.2342372725093433,1.759426673259986,1.245757807157782,0,-1.3711007031104538,-0.27935147851517966,0,0,0.0,-0.42535065589112697,2.0,0.9721926516938103,1.4846418196814224,-0.954100700418639,0.30860930515366464,-0.7539800759009642,1.1195034539017334,-1.7428588574277328,0.20806953421025662
-0.4060061820295245,2,2,4,1.2962304863387504,1.5942450922380937,0.18968937591139895,-0.8704704927942822,1.245757807157782,0,1.3017941511261861,-0.27935147851517966,0,0,0.0,-0.42535065589112697,2.0,-0.16283965840537623,-1.679250666418205,0.14791838074216404,0.6004372345317393,0.35109786501432255,0.8353330755710208,0.2840624447122078,-1.5188299135366574
-1.5670342456154605,2,3,2,0.6154246345405805,0.5375012603308665,-0.3674028356075052,0.88279428457523,-1.06443622334553,1,-1.3711007031104538,0.30855390131854166,1,1,1.0,3.1482646971469244,3.0,-0.5919372390526296,0.7555709424497689,0.4587442754285439,-0.539081346849314,0.9036368354719655,0.48012010265763005,0.4937439587266838,0.20806953421025662
-0.9865202138224924,0,2,2,1.532428434921789,1.2826411418039114,0.25932590235126196,-0.8704704927942822,-0.754111652083891,1,1.3017941511261861,0.896459281152263,0,0,0.0,-0.42535065589112697,2.0,0.2108904924809412,0.4254256395524167,-1.4768533414820966,1.6148867033221892,1.0417715780863765,-0.44343362691718513,0.21416860670738222,-1.587905891446534
-1.2767772297189763,1,3,4,0.07355875249713865,-0.07215864269253328,-0.22812978272777917,-0.8704704927942822,0.6595891725524641,1,1.3017941511261861,-1.4551622381826224,0,0,0.0,-0.42535065589112697,2.0,-0.32894194768818413,-1.1702766577847867,-1.3920826429312654,0.9478514361723044,1.4561758059296086,-0.15926324858647253,0.5636377967315094,1.4514371365880343
1.3355359133493794,1,4,3,0.9349865649764563,0.8355572129200847,0.328962428791125,-0.8704704927942822,-0.9609946995916503,0,0.4108291997139728,-0.27935147851517966,0,0,0.0,-0.42535065589112697,2.0,1.2905553728191916,-0.05603626050622234,-0.7421739540415617,0.10016078416932575,-0.4086432193649376,0.19594972432691823,-1.3234958293987793,1.7277410482275408
0.17450784976344344,2,4,0,-0.5377771144236672,-0.6682705478709695,-0.5066758884872304,-0.8704704927942822,0.34926460129082515,0,-0.48013575169824046,0.896459281152263,1,1,0.0,-0.42535065589112697,1.0,-0.3704675200088858,0.26035298810374036,0.6706710218056212,0.5170578261380036,1.6633779198512249,-1.295944761909322,-0.27508825932639697,-0.27546231115887976
1.6257929292458633,0,4,4,0.5598486466386889,0.5645972560207955,0.050416323031672906,0.006161895890473879,1.6940044100912606,0,-0.48013575169824046,-0.867256858348901,0,0,0.0,-0.42535065589112697,2.0,-0.6611465262537992,-1.335349309233463,1.151038313593664,1.7677489520440384,-0.6849127045937586,-0.5144762214998625,1.542151528799067,0.7606773574892688
0.17450784976344344,0,0,3,0.2680747101537589,-0.03151464915764019,1.0949642196296174,0.006161895890473879,1.004394251732063,0,1.3017941511261861,1.4843646609859844,0,0,0.0,-0.42535065589112697,2.0,-0.8549325304170751,0.012744010930725833,-1.7029085376176456,-1.2339097501304441,1.3180410633151975,0.9063756701536989,-0.27508825932639697,0.06991757839050336
0.4647648656599274,1,0,2,0.8238345891726733,0.6187892474006533,0.8860546403100283,-0.8704704927942822,-1.3057997787712492,1,-0.48013575169824046,0.896459281152263,0,0,0.0,-0.42535065589112697,2.0,-0.5780953816123953,0.8793754310362764,-0.6574032554907306,-1.2061166139991988,-0.3395758480577321,1.687844210563158,-0.9740266393746521,0.4152974679398865
1.6257929292458633,0,1,2,-1.4964629057312948,-1.4405064250339428,0.6771450609904393,0.88279428457523,1.314718822993702,0,1.3017941511261861,-1.4551622381826224,0,0,0.0,-0.42535065589112697,2.0,-1.422448685466668,1.4983978739688117,-0.4737334086305964,0.30860930515366464,1.0417715780863765,-0.6565614106652188,0.7733193107459861,-1.2425260018971518
-1.2767772297189763,0,3,1,1.4907464439953706,1.2555451461139826,-0.22812978272777917,-0.8704704927942822,0.3147840933728653,1,-0.48013575169824046,0.896459281152263,0,0,0.0,-0.42535065589112697,2.0,1.0552437963352137,-0.8951555720369929,-1.674651638100702,0.47536812194113603,0.21296312239991164,-0.372391032334507,0.4937439587266838,0.20806953421025662
-1.2767772297189763,1,2,0,-0.3710491507179927,-0.3024746060569294,1.3038737989492057,-0.8704704927942822,-0.4437870808222521,1,0.4108291997139728,-0.867256858348901,0,0,0.0,-0.42535065589112697,2.0,0.2939416371223451,0.6455225081506518,1.5042495575554595,-0.8309092762273885,0.14389575109270616,0.6222052918229863,0.633531634736335,-0.828070134437892
1.6257929292458633,2,4,0,0.17081673132544847,0.06332133575711073,-0.6459489413669565,0.88279428457523,-0.8230726679198108,0,1.3017941511261861,0.30855390131854166,1,0,2.0,1.9570595794675738,2.0,0.11399749039930356,0.32913325954068917,-1.7029085376176456,-1.0949440694742183,0.4892326076287327,-0.30134843775182885,0.004487092692905432,-1.5188299135366574
-1.2767772297189763,1,1,2,0.9766685559028746,1.174257159044196,0.4682354816708502,0.006161895890473879,1.5905628863373809,0,-1.3711007031104538,0.30855390131854166,0,0,0.0,-0.42535065589112697,2.0,-1.2840301110643282,1.4846418196814224,0.3174597778438255,0.6004372345317393,-0.3395758480577321,1.4036738322324451,0.4937439587266838,0.898829313309022
0.4647648656599274,1,2,4,-0.9823850176387992,-0.9527785026152226,-0.7852219942466825,-0.8704704927942822,0.7285501883883838,1,-1.3711007031104538,0.896459281152263,0,0,0.0,-0.42535065589112697,2.0,-0.8134069580963729,-0.2073528576675087,-1.7029085376176456,0.9895411403691725,0.420165236321528,0.33803491349227455,0.14427476870255662,0.34622149003000985
0.4647648656599274,0,3,0,-1.7187668573388606,-1.359218437964156,-1.0637681000061345,-0.8704704927942822,-0.8575531758377707,1,1.3017941511261861,-0.867256858348901,0,0,0.0,-0.42535065589112697,2.0,-0.13515594352490826,1.6909826339922676,-1.0106144994525263,-0.6085641871774273,1.6633779198512249,1.1905460484844115,-0.13530058331674574,0.20806953421025662
1.0452788974528953,0,4,0,1.0600325377557118,0.8084612172301557,-1.411950732205449,0.006161895890473879,0.383745109208785,0,1.3017941511261861,-0.27935147851517966,1,1,2.0,3.1482646971469244,2.0,0.017104488317665322,-0.30364523767923685,1.27819436141991,-1.2478063181960668,1.3180410633151975,0.053864535161561936,-0.34498209733122254,-1.1734500239872752
-0.11574916613304052,1,1,1,1.0044565498538203,0.9303931978348355,1.3735103253890688,-0.8704704927942822,-0.6161896204120515,1,1.3017941511261861,-0.27935147851517966,1,1,0.0,-0.42535065589112697,3.0,0.46004392640515296,0.32913325954068917,-0.6856601550076743,-0.1221843048806361,-0.8921148185153751,0.9774182647363772,0.4937439587266838,0.13899355630038
-0.6962631979260084,1,3,1,0.1013467464480844,0.26654130343157795,1.3735103253890688,-0.8704704927942822,-0.2713845412324527,0,0.4108291997139728,1.4843646609859844,0,0,0.0,-0.42535065589112697,2.0,-0.17668151584560993,-0.8401313548874341,-1.3920826429312654,-1.345082294655425,0.9036368354719655,-1.0117743835786095,-1.533177343413256,1.0369812691287754
0.4647648656599274,0,2,2,-1.677084866412442,-1.359218437964156,-0.019220203408190112,0.88279428457523,-1.3057997787712492,0,0.4108291997139728,1.4843646609859844,0,0,0.0,-0.42535065589112697,2.0,-1.2425045387436262,-0.9089116263243829,-0.23354976273657538,-1.0393577972117278,-0.8230474472081696,0.12490712974424009,1.1926823387749397,-0.3445382890687564
0.17450784976344344,2,3,1,-0.8851270388104887,-0.722462539250827,0.9556911667498914,-0.8704704927942822,1.3491993309116617,0,-0.48013575169824046,-0.27935147851517966,0,0,0.0,-0.42535065589112697,2.0,1.691969238585977,-0.8126192463126547,-0.9117153511432231,0.9895411403691725,-0.20144110544332117,-0.5855188160825406,-1.1138143153843032,0.898829313309022
-0.9865202138224924,1,0,0,-0.7183990751048143,-0.546338567266289,-1.2726776793257237,1.759426673259986,-0.030020985806733527,0,1.3017941511261861,0.896459281152263,0,0,0.0,-0.42535065589112697,2.0,0.90298336449264,-0.9501797891865517,-1.5474955902744558,1.1285068210253981,1.6633779198512249,0.48012010265763005,-0.7643451253601753,1.7277410482275408
-0.6962631979260084,0,1,4,1.532428434921789,1.3503811310287335,-1.481587258645312,-0.8704704927942822,-0.5127480966581719,1,-0.48013575169824046,0.30855390131854166,0,0,0.0,-0.42535065589112697,2.0,1.1106112260961496,-0.33115734625401627,-1.03887139896947,0.08626421610370281,0.14389575109270616,0.12490712974424009,0.21416860670738222,1.520513114497911
0.7550218815564114,0,0,3,0.4348026738594328,0.7542692258502979,0.12005284947153592,0.006161895890473879,1.6940044100912606,1,1.3017941511261861,-1.4551622381826224,0,0,0.0,-0.42535065589112697,2.0,-0.010579226562802042,1.1957646796462391,-0.035751466117970226,0.9061617319754368,-1.2374516750514024,-0.8696891944132532,0.8432131487508118,-1.1734500239872752
1.3355359133493794,1,4,4,-0.8156570539331247,-0.6818185457159337,0.7467815874303023,-0.8704704927942822,-0.8920336837557306,0,1.3017941511261861,0.896459281152263,1,0,1.0,3.1482646971469244,0.0,-0.024421084003036338,0.9756678110480039,1.5325064570724032,-0.45570193845557827,-0.8921148185153751,0.4090775080749527,0.004487092692905432,1.6586650703176642
1.3355359133493794,1,1,3,-1.482568908755822,-1.7656583733130895,1.1646007460694805,-0.8704704927942822,-1.2713192708532892,0,1.3017941511261861,-1.4551622381826224,0,0,0.0,-0.42535065589112697,2.0,-0.2043652307260779,0.7418148881623794,-0.4454765091136527,-0.9559783888179924,0.4892326076287327,1.687844210563158,-0.6245574493505242,-0.1373103553391265
-0.6962631979260084,2,3,0,0.6571066254669987,0.38847328403625775,-0.08885672984805312,-0.8704704927942822,1.3491993309116617,0,0.4108291997139728,-0.27935147851517966,0,0,0.0,-0.42535065589112697,2.0,0.8752996496121721,1.2507888967957979,0.4870011749454876,1.281369069747247,-1.3065190463586072,-0.5855188160825406,1.33247001478459,-1.035298068167522
1.6257929292458633,1,2,2,0.698788616393417,0.6729812387805111,0.25932590235126196,1.759426673259986,-1.4782023183610484,0,-1.3711007031104538,-0.867256858348901,0,0,0.0,-0.42535065589112697,2.0,0.07247191807860127,1.1407404624966804,-0.3324489110458786,-1.0254612291461052,-0.7539800759009642,-0.017178059421116217,0.14427476870255662,1.0369812691287754
1.0452788974528953,1,1,4,0.2680747101537589,0.07686933360207548,-1.0637681000061345,0.88279428457523,0.8664722200602234,0,0.4108291997139728,-0.867256858348901,0,0,0.0,-0.42535065589112697,2.0,0.22473234992117547,0.5217180195641443,1.4477357585215722,-1.4979445433772738,-1.6518559028946345,-1.1538595727439658,1.681939204808718,0.7606773574892688
0.17450784976344344,2,2,1,0.11524074342355697,-0.13989863191735588,1.4431468518289317,-0.8704704927942822,-1.4092413025251287,0,0.4108291997139728,0.896459281152263,1,0,1.0,3.1482646971469244,0.0,1.5535506641836372,1.718494742567047,-0.9823575999355827,0.8366788916473235,-0.4086432193649376,-1.7932429239880685,-1.7428588574277328,-0.1373103553391265
-0.9865202138224924,0,0,2,0.6432126284915262,0.7678172236952621,0.18968937591139895,-0.8704704927942822,-0.6851506362479712,0,-1.3711007031104538,1.4843646609859844,0,0,0.0,-0.42535065589112697,2.0,-1.3947649705862,-0.7025708120135371,-1.6181378390668149,0.37809214548177805,-1.444653788973018,0.6932478864056645,-1.533177343413256,-1.5188299135366574
0.17450784976344344,1,2,0,-0.12095720515948158,0.1717053185168264,0.328962428791125,1.759426673259986,-1.5471633341969682,1,0.4108291997139728,0.896459281152263,0,0,0.0,-0.42535065589112697,2.0,-0.993351104819415,0.3979135309776373,-0.48786185838906854,1.7260592478471701,-1.582788531587429,1.758886805145836,0.423850120721859,0.20806953421025662
-0.6962631979260084,0,2,2,1.129502522633076,0.8897492042999424,-1.1334046264459976,-0.8704704927942822,0.21134256961898562,1,-0.48013575169824046,-1.4551622381826224,0,0,0.0,-0.42535065589112697,2.0,-0.8134069580963729,0.26035298810374036,0.6424141222886782,-1.1227372056054634,-1.2374516750514024,-0.15926324858647253,-0.4148759353360481,0.7606773574892688
0.17450784976344344,2,3,0,1.6296864137500993,1.9193970405172402,0.328962428791125,-0.8704704927942822,0.07342053794714612,0,1.3017941511261861,-1.4551622381826224,0,0,0.0,-0.42535065589112697,2.0,-0.17668151584560993,0.4391816938398061,-1.2931834946219625,-1.0393577972117278,1.2489736920079928,-0.8696891944132532,-0.4148759353360481,1.313285180768281
-1.5670342456154605,2,3,2,1.6991563986274634,1.946493036207169,0.5378720081107132,0.006161895890473879,0.4871866329626647,0,1.3017941511261861,-0.867256858348901,0,0,0.0,-0.42535065589112697,2.0,1.0829275112156815,1.5671781454057605,1.4477357585215722,1.4620244546003407,0.0748283797855007,-0.5144762214998625,-0.13530058331674574,0.6225254016695156
-1.5670342456154605,0,1,4,-1.0240670085652175,-1.2779304508943692,1.0949642196296174,-0.8704704927942822,0.4871866329626647,1,-0.48013575169824046,0.896459281152263,0,0,0.0,-0.42535065589112697,2.0,0.6538299305684289,0.5904982910010931,-1.2507981453465473,-1.6647033601647447,0.9036368354719655,-1.4380299510746777,-1.4632835054084306,-1.7260578472662873
-0.6962631979260084,0,3,4,-1.3992049269029847,-1.2643824530494048,-0.019220203408190112,0.88279428457523,-0.20242352539653294,0,1.3017941511261861,-0.27935147851517966,0,0,0.0,-0.42535065589112697,2.0,0.25241606480164347,0.2878650966785198,-1.0812567482448852,-1.4284617030491606,-0.1323737341361157,0.4090775080749527,-1.3933896674036048,1.5895890924077876
1.6257929292458633,2,2,0,0.14302873737450272,-0.16699462760728478,-1.1334046264459976,1.759426673259986,-0.030020985806733527,1,-0.48013575169824046,-0.27935147851517966,0,0,0.0,-0.42535065589112697,2.0,-1.1732952515424566,0.1503045538046228,0.06314768219133299,-1.4284617030491606,0.6964347215503491,0.4090775080749527,-1.1138143153843032,-0.1373103553391265
-1.2767772297189763,0,3,1,0.08745274947261122,0.15815732067186225,-0.6459489413669565,0.006161895890473879,-0.13346250956061317,1,1.3017941511261861,-0.27935147851517966,0,0,0.0,-0.42535065589112697,2.0,-0.7441976708952032,-0.4687178891279126,-0.177035963702688,1.712162679781548,-1.0993169324369914,-0.5144762214998625,0.7733193107459861,1.5895890924077876
-0.6962631979260084,0,3,2,-0.4822011265217757,-0.6953665435608981,-0.2977663091676422,-0.8704704927942822,0.8319917121422635,1,-0.48013575169824046,-1.4551622381826224,0,0,0.0,-0.42535065589112697,2.0,-1.6162346896299435,0.31537720525329915,-1.1518989970372444,-0.4973916426524464,-0.5467779619793477,-0.15926324858647253,-0.5546636113456985,-1.3806779577169042
0.17450784976344344,1,4,0,-0.30157916584062866,-0.2618306125220357,1.0949642196296174,-0.8704704927942822,-0.13346250956061317,1,0.4108291997139728,-0.27935147851517966,0,0,0.0,-0.42535065589112697,2.0,0.8060903624110024,0.4666938024145855,0.4587442754285439,1.1840930932878886,-1.3755864176658126,-0.017178059421116217,0.7034254727411606,0.2771455121201332
-0.6962631979260084,0,2,0,-1.4964629057312948,-1.5895344013285515,0.12005284947153592,1.759426673259986,1.3836798388296216,0,-0.48013575169824046,-1.4551622381826224,1,1,0.0,-0.42535065589112697,1.0,-0.2043652307260779,1.182008625358849,-0.09226526515185696,-0.6085641871774273,1.3180410633151975,-1.224902167326644,-1.0439204773794777,0.6225254016695156
-0.11574916613304052,0,4,2,-0.5794591053500862,-0.7089145414058626,0.8164181138701654,-0.8704704927942822,1.6595239021733006,0,-0.48013575169824046,0.896459281152263,0,0,0.0,-0.42535065589112697,2.0,-0.32894194768818413,-0.5650102691396408,-1.7594223366515331,-1.1644269098023312,-0.27050847675052664,-1.580115140240034,0.07438093069773102,-0.1373103553391265
0.4647648656599274,0,4,0,1.0044565498538203,0.9710371913697292,-1.342314205765586,-0.8704704927942822,1.0388747596500227,0,-1.3711007031104538,1.4843646609859844,0,0,0.0,-0.42535065589112697,2.0,1.4428158046617654,-1.5004219606821392,-1.6181378390668149,-1.0393577972117278,1.387108434622403,0.053864535161561936,0.9830008247604629,-0.9662220902576453
0.17450784976344344,0,3,2,0.51816665571227,0.32073329481143575,1.0949642196296174,-0.8704704927942822,0.03894003002918623,0,0.4108291997139728,-0.867256858348901,0,0,0.0,-0.42535065589112697,2.0,1.2490298004984894,-0.11106047765578113,-0.38896271007976596,-0.1360808729462584,1.6633779198512249,1.2615886430670897,0.7034254727411606,-0.6899181786181388
1.0452788974528953,1,3,3,0.7682586012707817,0.9574891935247645,-0.22812978272777917,-0.8704704927942822,-0.09898200164265329,1,-1.3711007031104538,0.896459281152263,0,0,0.0,-0.42535065589112697,2.0,-0.38430937744911947,-0.5787663234270302,0.28920287832688246,1.3369553420097375,-1.582788531587429,-0.44343362691718513,-1.183708153389129,0.6916013795793922
-1.2767772297189763,0,4,2,0.5598486466386889,0.70007723447044,-1.0637681000061345,-0.8704704927942822,-0.4437870808222521,1,-0.48013575169824046,-0.27935147851517966,0,0,0.0,-0.42535065589112697,2.0,1.0552437963352137,1.0031799196227833,-1.1377705472787727,0.6282303706629845,-1.3755864176658126,-0.017178059421116217,-1.183708153389129,-0.27546231115887976
-0.9865202138224924,0,2,2,0.1013467464480844,0.04977333791214657,-1.0637681000061345,-0.8704704927942822,-1.4782023183610484,0,-0.48013575169824046,-0.867256858348901,0,0,0.0,-0.42535065589112697,2.0,0.6953555028891305,1.443373656819253,-0.5019903081475401,1.4481278865347178,1.4561758059296086,1.5457590213978016,-0.7643451253601753,-0.3445382890687564
-0.6962631979260084,2,1,1,-0.8295510509085973,-0.49214657588643124,-0.7155854678068195,1.759426673259986,-0.30586504915041257,1,1.3017941511261861,-0.27935147851517966,0,0,0.0,-0.42535065589112697,2.0,0.2800997796821114,-0.37242550911618505,0.21856062953452293,0.10016078416932575,0.6273673502431437,0.48012010265763005,-0.27508825932639697,-0.27546231115887976
-1.2767772297189763,2,2,0,1.5463224318972622,1.8110130577575245,-0.019220203408190112,-0.8704704927942822,1.5216018705014611,1,-1.3711007031104538,-1.4551622381826224,0,0,0.0,-0.42535065589112697,2.0,-1.46397425778737,1.4296176025318637,-1.7452938868930612,1.6565764075190574,-0.1323737341361157,-0.30134843775182885,-0.8342389633650009,-1.6569818693564107
0.4647648656599274,0,4,3,1.6157924167746263,1.6213410879280228,-0.3674028356075052,-0.8704704927942822,0.9354332358961431,1,-0.48013575169824046,-0.27935147851517966,1,1,2.0,3.1482646971469244,2.0,1.3874483749008293,0.08152428236767462,-1.4062110926897373,-0.30283968973372977,-1.030249561129786,-1.0828169781612877,0.004487092692905432,0.6225254016695156
-0.11574916613304052,0,3,0,1.6018984197991535,1.2690931439589468,1.2342372725093433,0.88279428457523,-1.1333972391814497,0,-1.3711007031104538,-1.4551622381826224,0,0,0.0,-0.42535065589112697,2.0,-0.8410906729768408,-0.9364237348991623,-0.12052216466880064,0.044574511906835285,-0.9611821898225805,-0.7986465998305751,-1.183708153389129,0.7606773574892688
1.0452788974528953,1,0,1,0.740470607319836,0.5645972560207955,-1.2726776793257237,-0.8704704927942822,1.280238315075742,0,-1.3711007031104538,-0.867256858348901,0,0,0.0,-0.42535065589112697,2.0,-1.0764022494608185,-1.2940811463712938,-1.3214403941389063,0.9061617319754368,-0.1323737341361157,0.9774182647363772,0.8432131487508118,0.34622149003000985
0.17450784976344344,2,0,1,0.031876761570719725,-0.04506264700260435,-0.3674028356075052,1.759426673259986,0.5906281567165443,0,1.3017941511261861,-1.4551622381826224,1,1,0.0,-0.42535065589112697,0.0,1.1521367984168518,0.5492301281389237,-0.5867610066983711,0.6421269387286074,0.4892326076287327,1.5457590213978016,1.1926823387749397,0.48437344584976233
-1.2767772297189763,2,2,3,-0.03759322330664434,-0.20763862114217788,-0.9941315735662716,0.006161895890473879,1.1078357754859425,0,-0.48013575169824046,-1.4551622381826224,1,0,2.0,3.1482646971469244,0.0,-1.491657972667838,0.4804498567019755,1.5042495575554595,-1.69249649629599,0.7655020928575547,0.5511626972403082,0.8432131487508118,-0.48269024488850887
-0.11574916613304052,2,2,2,0.8794105770745647,1.0252291827495865,-0.08885672984805312,-0.8704704927942822,-0.5817091124940916,1,-1.3711007031104538,-0.27935147851517966,0,0,0.0,-0.42535065589112697,2.0,0.6261462156879608,0.10903639094245401,0.006633883157445615,-0.8031161400961433,-1.582788531587429,-0.30134843775182885,-1.3933896674036048,1.3823611586781577
0.7550218815564114,2,1,0,0.6710006224424719,0.3613772883463288,0.12005284947153592,0.006161895890473879,-0.5127480966581719,1,0.4108291997139728,-1.4551622381826224,1,1,0.0,-0.42535065589112697,1.0,-1.6577602619506455,-0.8538874091748241,0.006633883157445615,-1.6369102240334996,-0.8230474472081696,0.053864535161561936,0.2840624447122078,1.4514371365880343
0.7550218815564114,2,4,2,-0.6072470993010318,-0.34311859959182245,-0.9244950471264086,-0.8704704927942822,1.4871213625835011,0,1.3017941511261861,-0.867256858348901,1,0,1.0,1.9570595794675738,3.0,0.6123043582477266,0.2053287709541816,0.9673684667335303,0.8783685958441916,0.420165236321528,1.687844210563158,0.14427476870255662,-1.3116019798070275
-1.2767772297189763,2,0,3,-0.8712330418350162,-1.0340664896850094,1.5824199047086578,0.006161895890473879,-0.8920336837557306,1,-0.48013575169824046,0.30855390131854166,0,0,0.0,-0.42535065589112697,2.0,-0.7718813857756711,0.5079619652767549,0.7271848208395086,1.3091622058784924,-0.06330636282891022,1.758886805145836,1.681939204808718,1.313285180768281
1.0452788974528953,1,2,3,0.11524074342355697,-0.07215864269253328,0.5378720081107132,0.006161895890473879,0.4871866329626647,1,-0.48013575169824046,1.4843646609859844,1,0,2.0,1.9570595794675738,3.0,-1.3117138259447962,-1.6654946121308152,1.3347081604537976,-0.8448058442930114,0.7655020928575547,1.1195034539017334,1.2625761767797654,1.7277410482275408
-0.4060061820295245,2,0,1,0.6154246345405805,0.4155692797261867,1.0949642196296174,-0.8704704927942822,0.14238155378306588,1,-1.3711007031104538,-0.867256858348901,0,0,0.0,-0.42535065589112697,2.0,-1.5747091173092416,1.3883494396696943,0.049019232432860826,0.8644720277785687,1.1799063207007874,1.5457590213978016,1.2625761767797654,-0.06823437742924988
0.17450784976344344,1,0,0,-1.204688969246365,-1.3998624314990493,0.050416323031672906,-0.8704704927942822,-1.5471633341969682,0,-0.48013575169824046,1.4843646609859844,1,0,1.0,1.9570595794675738,1.0,0.7922485049707682,0.4942059109893649,-0.629146355973787,-1.5674273837053865,-0.7539800759009642,0.9063756701536989,-1.0439204773794777,0.7606773574892688
-0.11574916613304052,0,4,2,0.33754469503112294,0.6187892474006533,-1.5512237850851749,-0.8704704927942822,0.8319917121422635,1,1.3017941511261861,-0.867256858348901,0,0,0.0,-0.42535065589112697,2.0,0.2662579222418771,1.113228353921901,0.17617528025910772,1.6565764075190574,-0.9611821898225805,0.7642904809883426,-0.48476977334087296,-0.7589941565280154
0.17450784976344344,1,1,1,-1.1074309904180548,-0.939230504770258,0.7467815874303023,1.759426673259986,0.17686206170102575,0,0.4108291997139728,0.30855390131854166,0,0,0.0,-0.42535065589112697,2.0,0.8614577921719384,1.0169359739101733,1.6031487058647622,0.29471273708804235,-0.9611821898225805,1.2615886430670897,0.8432131487508118,-0.27546231115887976
-0.9865202138224924,0,2,3,-0.3154731628161018,-0.5869825608011827,-0.5763124149270935,-0.8704704927942822,0.21134256961898562,0,1.3017941511261861,1.4843646609859844,1,0,0.0,-0.42535065589112697,2.0,-1.6162346896299435,-0.5925223777144202,1.391221959487685,-1.3589788627210475,0.35109786501432255,-0.15926324858647253,1.542151528799067,-1.3116019798070275
-1.5670342456154605,2,2,4,-0.4683071295463031,-0.722462539250827,-0.7155854678068195,0.88279428457523,1.1767967913218622,1,1.3017941511261861,-1.4551622381826224,0,0,0.0,-0.42535065589112697,2.0,0.404676496644217,0.10903639094245401,-1.4909817912405683,-0.14997744101188132,1.7324452911584303,1.1905460484844115,1.4023638527894158,1.106057247038652
-1.5670342456154605,1,2,1,1.657474407701045,1.3503811310287335,1.5824199047086578,-0.8704704927942822,-0.7196311441659311,1,-1.3711007031104538,0.896459281152263,1,1,2.0,1.9570595794675738,0.0,0.6123043582477266,-1.0327161149108899,-1.5333671405159839,1.2118862294191337,-1.444653788973018,-1.4380299510746777,-0.27508825932639697,-1.2425260018971518
1.6257929292458633,2,2,4,-0.1070632081840084,-0.13989863191735588,1.4431468518289317,-0.8704704927942822,-0.13346250956061317,0,1.3017941511261861,-0.867256858348901,1,1,1.0,1.9570595794675738,2.0,-1.1456115366619886,-0.5237421062774714,0.7978270696318681,0.933954868106682,0.5582999789359382,-0.9407317889959314,0.2840624447122078,0.2771455121201332
1.0452788974528953,1,4,2,0.1569227343499759,0.15815732067186225,0.18968937591139895,0.88279428457523,0.5216671408806246,1,-0.48013575169824046,0.896459281152263,0,0,0.0,-0.42535065589112697,2.0,-0.5642535241721616,0.23284087952896096,1.1227814140767203,1.5454038629940765,0.9036368354719655,1.1905460484844115,-0.06540674531192016,-0.413614266978633
-0.11574916613304052,1,3,0,1.5602164288727347,1.4316691180985202,-0.5066758884872304,0.006161895890473879,-0.40930657290429223,0,-0.48013575169824046,-1.4551622381826224,1,1,1.0,1.9570595794675738,2.0,1.2905553728191916,0.2053287709541816,-0.6715317052492021,-0.6780470275055401,-1.582788531587429,1.1195034539017334,-0.13530058331674574,-0.6208422007082621
-0.11574916613304052,2,0,3,-1.3158409450501476,-1.5217944121037297,1.3735103253890688,-0.8704704927942822,0.21134256961898562,1,-1.3711007031104538,0.30855390131854166,1,1,2.0,0.7658544617882235,2.0,-1.1040859643412866,1.4296176025318637,0.8402124189072834,1.5454038629940765,-0.6158453332865532,1.5457590213978016,-0.48476977334087296,-1.5188299135366574
1.3355359133493794,1,2,4,0.698788616393417,0.6187892474006533,-0.08885672984805312,-0.8704704927942822,-1.374760794607169,1,0.4108291997139728,1.4843646609859844,0,0,0.0,-0.42535065589112697,2.0,0.2108904924809412,-0.24862102052967808,1.6031487058647622,0.4058852816130227,0.8345694641647601,1.5457590213978016,0.3539562827170334,-1.6569818693564107
1.3355359133493794,2,0,0,-1.2185829662218377,-1.4676024207238718,1.3735103253890688,-0.8704704927942822,-0.9954752075096102,0,-1.3711007031104538,0.896459281152263,1,1,1.0,1.9570595794675738,0.0,1.678127381145743,1.2920570596579666,1.3488366102122695,0.6004372345317393,-0.5467779619793477,1.4036738322324451,-0.6944512873553498,0.20806953421025662
-1.5670342456154605,1,3,1,-1.260264957148256,-1.0340664896850094,0.18968937591139895,-0.8704704927942822,0.2803035854549054,0,1.3017941511261861,0.896459281152263,0,0,0.0,-0.42535065589112697,2.0,-1.7269695491518156,0.8793754310362764,1.6596625048986495,1.1146102529597757,-0.1323737341361157,1.4036738322324451,-0.34498209733122254,0.06991757839050336
-1.2767772297189763,0,2,3,-0.5655651083746129,-0.3295706017468583,1.0949642196296174,-0.8704704927942822,-1.1678777470994095,1,-1.3711007031104538,-0.867256858348901,0,0,0.0,-0.42535065589112697,2.0,-1.6023928321897096,0.2878650966785198,-1.0106144994525263,-1.1783234778679537,0.5582999789359382,0.6222052918229863,0.9131069867556374,0.0008416004806267426
0.17450784976344344,1,0,2,1.5046404409708432,1.2690931439589468,0.4682354816708502,1.759426673259986,-1.6161243500328881,0,0.4108291997139728,0.30855390131854166,0,0,0.0,-0.42535065589112697,2.0,0.46004392640515296,0.2741090423911304,-0.8975869013847516,1.4620244546003407,-1.6518559028946345,-0.5855188160825406,0.7733193107459861,0.898829313309022
-0.11574916613304052,0,3,3,0.3792266859575413,0.22589730989668425,-0.2977663091676422,-0.8704704927942822,0.383745109208785,1,1.3017941511261861,0.30855390131854166,0,0,0.0,-0.42535065589112697,2.0,-0.5227279518514594,-0.04228020621883234,1.645534055140178,1.6565764075190574,-0.27050847675052664,-0.8696891944132532,-0.6944512873553498,-0.828070134437892
-1.2767772297189763,1,1,0,1.6296864137500993,1.512957105168307,1.6520564311485209,-0.8704704927942822,0.383745109208785,0,1.3017941511261861,1.4843646609859844,1,1,0.0,-0.42535065589112697,2.0,-0.5504116667319273,0.1365484995172334,0.5717718734963186,0.5031612580723813,-0.1323737341361157,0.19594972432691823,-0.7643451253601753,-1.6569818693564107
0.7550218815564114,0,0,3,-1.4130989238784577,-1.1559984702896895,-1.411950732205449,1.759426673259986,0.2803035854549054,0,-1.3711007031104538,0.30855390131854166,0,0,0.0,-0.42535065589112697,2.0,-1.6577602619506455,-0.8676434634622135,1.3347081604537976,0.8088857555160782,-1.444653788973018,1.1195034539017334,0.004487092692905432,1.1751332249485287
-0.11574916613304052,1,2,0,0.4903786617613243,0.5239532624859023,-1.0637681000061345,-0.8704704927942822,1.6940044100912606,1,1.3017941511261861,0.30855390131854166,0,0,0.0,-0.42535065589112697,2.0,-1.6716021193908797,-1.3078372006586834,0.47287272518701606,0.28081616902241946,0.21296312239991164,-1.6511577348227122,-0.13530058331674574,1.4514371365880343
1.6257929292458633,0,1,2,-0.45441313257082994,-0.15344662976232004,1.3735103253890688,-0.8704704927942822,-0.8230726679198108,0,-1.3711007031104538,0.30855390131854166,0,0,0.0,-0.42535065589112697,2.0,-0.3704675200088858,1.333325222520136,-0.9682291501771105,-0.7197367317024076,-1.5137211602802234,1.0484608593190552,-0.27508825932639697,-0.9662220902576453
-0.9865202138224924,0,2,2,1.3795944681915877,1.120065167664338,0.18968937591139895,-0.8704704927942822,-1.340280286689209,1,1.3017941511261861,1.4843646609859844,0,0,0.0,-0.42535065589112697,2.0,1.4428158046617654,-1.2940811463712938,-0.3324489110458786,-0.4973916426524464,0.00576100847829524,-0.15926324858647253,0.07438093069773102,-1.2425260018971518
0.7550218815564114,2,1,3,-0.09316921120853583,-0.03151464915764019,1.2342372725093433,-0.8704704927942822,0.6940696804704239,0,0.4108291997139728,1.4843646609859844,0,0,0.0,-0.42535065589112697,2.0,0.7922485049707682,0.6180103995758724,-0.14877906418574433,-0.34452939393059734,-0.4086432193649376,0.48012010265763005,0.004487092692905432,1.1751332249485287
-0.6962631979260084,1,4,4,-1.7048728603633878,-1.603082399173516,-1.1334046264459976,0.88279428457523,0.4871866329626647,0,-0.48013575169824046,0.30855390131854166,1,0,0.0,-0.42535065589112697,1.0,-0.937983675058479,1.4708857653940324,0.713056371081037,0.9617480042379273,-1.030249561129786,-0.9407317889959314,0.07438093069773102,-1.1043740460773985
-0.6962631979260084,2,0,0,1.212866504485913,1.2419971482690177,1.5824199047086578,-0.8704704927942822,1.004394251732063,1,0.4108291997139728,0.896459281152263,0,0,0.0,-0.42535065589112697,2.0,0.4462020689649187,1.6359584168427088,-0.6432748057322585,-1.275599454327312,0.2820304937071171,1.4036738322324451,0.9830008247604629,0.4152974679398865
-0.4060061820295245,2,0,4,-1.1630069783199461,-1.2643824530494048,-0.7155854678068195,-0.8704704927942822,-1.6506048579508479,1,1.3017941511261861,0.896459281152263,0,0,0.0,-0.42535065589112697,2.0,-0.8272488155366071,-1.6517385578434256,0.1055330314667482,0.7671960513192106,1.0417715780863765,-1.0828169781612877,-0.8342389633650009,0.06991757839050336
-0.4060061820295245,1,0,4,0.29586270410470467,0.19880131420675531,-0.15849325628791613,0.006161895890473879,-0.20242352539653294,0,0.4108291997139728,0.896459281152263,0,0,0.0,-0.42535065589112697,2.0,-0.5780953816123953,1.1407404624966804,-0.8410731023508643,0.21133332869430665,-0.9611821898225805,-0.08822065400379436,-0.6245574493505242,-0.828070134437892
0.7550218815564114,1,2,0,-1.190794972270892,-1.3456704401191917,1.6520564311485209,-0.8704704927942822,1.1767967913218622,1,1.3017941511261861,0.896459281152263,0,0,0.0,-0.42535065589112697,2.0,1.013718224014512,1.457129711106643,0.543514973979375,-0.8725989804242567,1.387108434622403,-1.1538595727439658,-0.9740266393746521,-0.7589941565280154
0.17450784976344344,2,2,4,0.04577075854619291,-0.09925463838246219,1.4431468518289317,0.006161895890473879,1.6595239021733006,0,0.4108291997139728,0.896459281152263,0,0,0.0,-0.42535065589112697,2.0,-0.35662566256865147,-0.6475465948639789,-0.21942131297810386,-0.35842596199622023,-0.20144110544332117,1.687844210563158,-1.4632835054084306,1.4514371365880343
1.0452788974528953,2,0,3,0.28196870712923144,0.5916932517107244,0.328962428791125,1.759426673259986,1.4181603467475814,0,-0.48013575169824046,-0.867256858348901,0,0,0.0,-0.42535065589112697,2.0,-0.4258349497698217,1.457129711106643,1.1086529643182481,-1.3172891585241797,-1.3755864176658126,-0.30134843775182885,-1.3933896674036048,0.4152974679398865
-0.11574916613304052,2,2,0,-1.5381448966577136,-1.603082399173516,1.3038737989492057,0.006161895890473879,0.5216671408806246,1,0.4108291997139728,0.30855390131854166,1,1,2.0,0.7658544617882235,1.0,0.1555230627200052,-1.1840327120721765,-0.9258438009016953,0.8783685958441916,1.0417715780863765,-0.7986465998305751,-0.48476977334087296,-1.4497539356267808
0.7550218815564114,1,1,0,1.4073824621425333,1.5536010987032,1.3735103253890688,-0.8704704927942822,-1.340280286689209,0,-1.3711007031104538,-1.4551622381826224,0,0,0.0,-0.42535065589112697,2.0,1.5673925216238709,-1.5416901235443083,0.6847994715640934,0.15574705643181622,-0.06330636282891022,-1.0117743835786095,0.7034254727411606,-1.035298068167522
-0.11574916613304052,1,4,4,1.032244543804766,1.174257159044196,-0.2977663091676422,1.759426673259986,0.3147840933728653,1,-0.48013575169824046,-0.867256858348901,0,0,0.0,-0.42535065589112697,2.0,1.0829275112156815,-0.6888147577261478,0.13378993098369188,-0.6780470275055401,0.420165236321528,-0.5144762214998625,-0.5546636113456985,-1.587905891446534
1.6257929292458633,0,0,0,0.9905625528783477,1.1336131655093022,-0.2977663091676422,0.006161895890473879,1.245757807157782,0,-0.48013575169824046,1.4843646609859844,0,0,0.0,-0.42535065589112697,2.0,0.8337740772914704,1.6084463082679294,-0.2052928632196317,1.1840930932878886,1.6633779198512249,1.332631237649767,-0.9740266393746521,-1.7260578472662873
-1.2767772297189763,1,0,0,0.1013467464480844,0.307185296966471,-0.7852219942466825,1.759426673259986,-0.3748260649863323,1,1.3017941511261861,-1.4551622381826224,0,0,0.0,-0.42535065589112697,2.0,-1.477816115227604,0.989423865335394,-0.48786185838906854,-1.345082294655425,0.4892326076287327,1.332631237649767,1.33247001478459,1.5895890924077876
0.4647648656599274,0,1,1,-0.41273114164441166,-0.28892660821196464,-0.22812978272777917,0.006161895890473879,0.9354332358961431,0,-0.48013575169824046,0.30855390131854166,1,0,1.0,1.9570595794675738,1.0,-1.297871968504562,1.6222023625553195,0.14791838074216404,-1.0532543652773503,-1.2374516750514024,0.33803491349227455,0.4937439587266838,-1.5188299135366574
-0.9865202138224924,2,3,1,0.9488805619519288,0.7407212280053331,0.6771450609904393,1.759426673259986,-0.2713845412324527,1,0.4108291997139728,-0.27935147851517966,0,0,0.0,-0.42535065589112697,2.0,1.124453083536384,-1.2253008749343453,-0.7280455042830896,0.28081616902241946,-0.8921148185153751,-0.017178059421116217,1.0528946627652886,-0.06823437742924988
1.6257929292458633,1,2,2,-1.5659328906086594,-1.6843703862433028,-0.019220203408190112,-0.8704704927942822,-0.4437870808222521,0,-1.3711007031104538,-0.27935147851517966,0,0,0.0,-0.42535065589112697,2.0,-1.0487185345803507,1.6222023625553195,-1.279055044863491,-0.7614264358992757,0.35109786501432255,0.4090775080749527,-1.183708153389129,1.0369812691287754
-0.6962631979260084,0,1,3,1.5602164288727347,1.8110130577575245,-0.7155854678068195,0.006161895890473879,-0.5127480966581719,1,-0.48013575169824046,0.30855390131854166,1,1,0.0,-0.42535065589112697,0.0,-1.436290542906902,-0.2761331291044575,0.16204683050063556,-1.0393577972117278,-0.20144110544332117,0.33803491349227455,-0.6245574493505242,0.9679052912188987
-0.11574916613304052,2,0,1,-0.5377771144236672,-0.6818185457159337,1.1646007460694805,0.006161895890473879,-1.5816438421149281,0,1.3017941511261861,-0.27935147851517966,0,0,0.0,-0.42535065589112697,2.0,-1.436290542906902,0.4804498567019755,-0.14877906418574433,1.4620244546003407,-0.4777105906721423,-0.7986465998305751,0.004487092692905432,-0.1373103553391265
0.17450784976344344,0,4,3,1.1156085256576034,0.794913219385191,0.398598955230988,1.759426673259986,1.6250433942553408,0,1.3017941511261861,1.4843646609859844,0,0,0.0,-0.42535065589112697,2.0,0.7507229326500665,-0.35866945482879503,0.5717718734963186,-0.03880489648690041,1.7324452911584303,0.7642904809883426,1.6120453668038925,1.1751332249485287
0.7550218815564114,0,4,4,-0.6072470993010318,-0.4379545845065734,-0.8548585206865456,1.759426673259986,-0.754111652083891,0,-1.3711007031104538,0.896459281152263,0,0,0.0,-0.42535065589112697,2.0,0.08631377551883558,0.012744010930725833,0.0348907826743893,1.698266111715925,1.4561758059296086,-1.224902167326644,-0.48476977334087296,-0.27546231115887976
-1.5670342456154605,0,2,4,-1.385310929927512,-1.0476144875299738,-0.22812978272777917,1.759426673259986,-0.13346250956061317,0,1.3017941511261861,-1.4551622381826224,0,0,0.0,-0.42535065589112697,2.0,-1.2701882536240943,0.7280588338749894,-0.2759351120119912,-0.6641504594399171,-1.5137211602802234,-0.08822065400379436,-0.48476977334087296,-0.828070134437892
-0.9865202138224924,2,4,2,-0.8712330418350162,-0.7902025284756493,-1.481587258645312,-0.8704704927942822,0.24582307753694552,0,-0.48013575169824046,0.30855390131854166,1,0,1.0,1.9570595794675738,2.0,0.4462020689649187,-0.6200344862891995,-0.9399722506601669,-1.6647033601647447,-0.8921148185153751,-1.295944761909322,0.423850120721859,-1.1734500239872752
-0.11574916613304052,0,4,4,-0.7045050781293417,-0.3702145952817514,-1.620860311525038,-0.8704704927942822,0.10790104586510599,1,-1.3711007031104538,0.30855390131854166,0,0,0.0,-0.42535065589112697,2.0,0.930667079373108,0.7555709424497689,1.2923228111783822,0.5309543942036266,-1.5137211602802234,-0.8696891944132532,1.0528946627652886,-1.1734500239872752
0.7550218815564114,2,1,4,0.9627745589274019,1.0523251784395153,-0.6459489413669565,-0.8704704927942822,0.6595891725524641,0,-1.3711007031104538,-0.867256858348901,0,0,0.0,-0.42535065589112697,2.0,1.5258669493031694,0.3428893138280785,1.6879194044155932,-1.3867719988522929,-1.3065190463586072,1.1195034539017334,1.2625761767797654,-0.20638633324900313
1.3355359133493794,2,1,1,1.351806474240642,1.634889085772987,0.8164181138701654,1.759426673259986,-1.2368387629353292,0,1.3017941511261861,0.896459281152263,0,0,0.0,-0.42535065589112697,2.0,0.33546720944304737,-0.24862102052967808,-0.6432748057322585,-1.3728754307866702,0.21296312239991164,-0.08822065400379436,-1.3933896674036048,0.4152974679398865
-0.6962631979260084,1,0,0,-1.1491129813444734,-0.9934224961501159,-0.6459489413669565,0.88279428457523,-0.9609946995916503,1,-0.48013575169824046,-0.27935147851517966,0,0,0.0,-0.42535065589112697,2.0,-1.1732952515424566,-0.2211089119548987,-0.40309115983823746,0.30860930515366464,0.2820304937071171,0.8353330755710208,0.004487092692905432,-1.3806779577169042
-1.2767772297189763,0,3,4,-1.677084866412442,-1.6708223883983384,-0.5763124149270935,-0.8704704927942822,1.5216018705014611,0,0.4108291997139728,1.4843646609859844,0,0,0.0,-0.42535065589112697,2.0,0.07247191807860127,1.7047386882796576,0.0348907826743893,0.19743676062868373,-0.3395758480577321,-0.6565614106652188,-0.8342389633650009,-0.5517662227983855
1.3355359133493794,0,0,2,-0.7183990751048143,-0.6005305586461469,1.3735103253890688,1.759426673259986,-0.2713845412324527,0,1.3017941511261861,1.4843646609859844,0,0,0.0,-0.42535065589112697,2.0,1.2351879430582557,-0.7300829205883166,-1.1660274467957163,-0.37232253006184257,1.387108434622403,-1.7932429239880685,0.633531634736335,-0.06823437742924988
1.6257929292458633,0,3,2,-1.482568908755822,-1.7114663819332316,1.0253276931897544,1.759426673259986,-1.5471633341969682,0,0.4108291997139728,0.896459281152263,0,0,0.0,-0.42535065589112697,2.0,-0.3151000902479498,-0.8401313548874341,1.2216805623860227,0.7394029151879654,0.14389575109270616,0.33803491349227455,-1.3933896674036048,-0.06823437742924988
1.0452788974528953,1,4,4,-1.0240670085652175,-1.1018064789098316,1.4431468518289317,-0.8704704927942822,-0.2713845412324527,1,0.4108291997139728,1.4843646609859844,0,0,0.0,-0.42535065589112697,2.0,-1.6439184045104116,-0.6613026491513684,0.543514973979375,1.4064381823378502,-0.8230474472081696,1.5457590213978016,0.3539562827170334,1.0369812691287754
0.7550218815564114,1,3,4,1.4768524470198974,1.1878051568891599,-1.2726776793257237,-0.8704704927942822,-0.5472286045761318,0,-0.48013575169824046,-0.867256858348901,0,0,0.0,-0.42535065589112697,2.0,0.404676496644217,1.3883494396696943,1.5890202561062907,0.572644098400494,1.1799063207007874,0.053864535161561936,-1.0439204773794777,0.06991757839050336
-0.4060061820295245,0,1,4,-0.6906110811538692,-0.7902025284756493,1.1646007460694805,-0.8704704927942822,0.10790104586510599,1,0.4108291997139728,-1.4551622381826224,0,0,0.0,-0.42535065589112697,2.0,0.9168252219328743,-1.1427645492100074,-0.3324489110458786,-0.011011760355655176,-0.8230474472081696,0.053864535161561936,-0.6944512873553498,0.6225254016695156
1.6257929292458633,1,4,3,1.1989725075104405,0.8355572129200847,0.6075085345505763,-0.8704704927942822,-0.40930657290429223,1,-0.48013575169824046,-1.4551622381826224,1,0,1.0,1.9570595794675738,3.0,0.23857420736140916,-0.3999376176909644,1.4901211077969874,-0.19166714520874886,0.14389575109270616,-0.23030584316915068,0.21416860670738222,-0.06823437742924988
-1.5670342456154605,1,3,1,1.3240184802896962,1.3368331331837693,0.25932590235126196,-0.8704704927942822,0.6940696804704239,0,-0.48013575169824046,1.4843646609859844,1,0,1.0,3.1482646971469244,1.0,0.7091973603293642,-1.376617472095632,1.391221959487685,-0.9420818207523695,-1.030249561129786,-1.1538595727439658,-1.6729650194229073,0.9679052912188987
-0.6962631979260084,2,1,3,0.22639271922733997,-0.08570664053749803,0.328962428791125,-0.8704704927942822,0.2803035854549054,1,0.4108291997139728,1.4843646609859844,0,0,0.0,-0.42535065589112697,2.0,1.4704995195422332,-1.3628614178082423,-0.4454765091136527,-0.9003921165555019,1.1799063207007874,-0.7276040052478969,1.7518330428135438,-1.587905891446534
-1.2767772297189763,0,0,4,1.574110425848208,1.7432730685327025,1.3038737989492057,0.88279428457523,0.17686206170102575,0,1.3017941511261861,0.30855390131854166,0,0,0.0,-0.42535065589112697,2.0,0.847615934731704,-1.2665690377965144,-1.34969729365585,-1.6091170879022543,-1.582788531587429,-0.8696891944132532,-1.533177343413256,-0.48269024488850887
-0.9865202138224924,0,3,3,0.4348026738594328,0.40202128188122194,0.5378720081107132,-0.8704704927942822,-0.13346250956061317,1,0.4108291997139728,-1.4551622381826224,0,0,0.0,-0.42535065589112697,2.0,1.5258669493031694,0.9068875396110557,1.6172771556232344,-1.5674273837053865,-0.7539800759009642,-1.0828169781612877,-1.6729650194229073,-0.8971461123477686
1.0452788974528953,0,3,4,-0.9407030267123803,-0.9121345090803292,1.3038737989492057,-0.8704704927942822,1.280238315075742,0,-1.3711007031104538,0.30855390131854166,0,0,0.0,-0.42535065589112697,2.0,0.8060903624110024,0.08152428236767462,1.645534055140178,0.22522989675992897,-1.6518559028946345,0.33803491349227455,-1.2536019913939545,1.0369812691287754
0.7550218815564114,1,4,0,-1.0240670085652175,-1.1830944659796183,-0.08885672984805312,-0.8704704927942822,-1.1678777470994095,1,-1.3711007031104538,1.4843646609859844,0,0,0.0,-0.42535065589112697,2.0,0.39083463920398276,-1.5692022321190875,0.8402124189072834,-1.414565134983538,0.5582999789359382,-1.7222003294053903,1.1926823387749397,-1.1043740460773985
-0.4060061820295245,0,3,4,-1.6909788633879148,-1.5895344013285515,0.328962428791125,-0.8704704927942822,-0.754111652083891,0,-1.3711007031104538,-1.4551622381826224,0,0,0.0,-0.42535065589112697,2.0,0.5154113561660889,-1.0877403320604486,0.8402124189072834,-0.5112882107180687,0.6964347215503491,-1.6511577348227122,-0.34498209733122254,0.6916013795793922
-1.5670342456154605,0,0,1,1.0183505468292935,0.9032972021449066,0.25932590235126196,-0.8704704927942822,0.6595891725524641,0,-0.48013575169824046,-0.27935147851517966,0,0,0.0,-0.42535065589112697,2.0,1.7334948109066788,-0.014768097644052947,0.9108546676996429,-1.6785999282303674,1.3180410633151975,-0.7986465998305751,0.5636377967315094,1.0369812691287754
-0.6962631979260084,1,0,2,1.0183505468292935,1.2013531547341247,1.5824199047086578,0.88279428457523,-1.6506048579508479,1,0.4108291997139728,-0.27935147851517966,1,1,0.0,-0.42535065589112697,3.0,0.7784066475305345,-1.4316416892451906,-1.03887139896947,-1.6647033601647447,0.7655020928575547,-0.5855188160825406,0.9830008247604629,-0.5517662227983855
-0.4060061820295245,1,0,4,0.7126826133688903,0.5781452538657602,-1.0637681000061345,-0.8704704927942822,0.383745109208785,0,0.4108291997139728,0.30855390131854166,1,1,1.0,3.1482646971469244,1.0,0.9168252219328743,-1.3903735263830217,-0.5726325569398996,1.2118862294191337,-1.5137211602802234,1.5457590213978016,1.681939204808718,-1.4497539356267808
1.6257929292458633,1,3,4,-0.7045050781293417,-0.7089145414058626,0.9556911667498914,-0.8704704927942822,-0.8920336837557306,1,0.4108291997139728,1.4843646609859844,0,0,0.0,-0.42535065589112697,2.0,-0.8410906729768408,1.5396660368309811,0.43048737591160025,-1.1505303417367088,0.7655020928575547,0.7642904809883426,0.5636377967315094,-1.2425260018971518
-0.9865202138224924,0,3,0,1.574110425848208,1.7974650599125603,0.6771450609904393,1.759426673259986,-0.8920336837557306,0,-1.3711007031104538,-0.27935147851517966,0,0,0.0,-0.42535065589112697,2.0,-1.0902441069010527,-1.3491053635208525,1.6031487058647622,-0.9976680930148599,-1.5137211602802234,1.6168016159804797,0.14427476870255662,1.0369812691287754
0.7550218815564114,1,3,4,0.2541807131782857,-0.0044186534677112714,0.5378720081107132,0.006161895890473879,0.7285501883883838,0,1.3017941511261861,-1.4551622381826224,1,1,2.0,3.1482646971469244,0.0,1.04140193889498,0.08152428236767462,0.13378993098369188,-1.3589788627210475,-1.2374516750514024,0.6222052918229863,0.633531634736335,1.6586650703176642
-1.2767772297189763,2,4,4,-0.03759322330664434,-0.27537861036700045,-1.411950732205449,0.88279428457523,0.4527061250447048,1,0.4108291997139728,0.896459281152263,0,0,0.0,-0.42535065589112697,2.0,0.7230392177695985,-1.2528129835091246,1.0662676150428327,0.41978184967864557,1.525243177236814,-0.5855188160825406,-1.3933896674036048,0.0008416004806267426
1.6257929292458633,1,3,1,1.0878205317066576,1.2690931439589468,-1.0637681000061345,1.759426673259986,0.17686206170102575,0,-0.48013575169824046,-0.867256858348901,1,0,2.0,1.9570595794675738,2.0,0.7922485049707682,1.718494742567047,1.6879194044155932,0.8922651639098139,0.8345694641647601,-0.9407317889959314,1.1926823387749397,-0.3445382890687564
-0.6962631979260084,0,2,3,-1.4686749117803493,-1.386314433654085,0.18968937591139895,1.759426673259986,1.004394251732063,0,1.3017941511261861,-0.27935147851517966,0,0,0.0,-0.42535065589112697,2.0,0.6815136454488968,-1.5279340692569185,-0.8128162028339205,1.1562999571566432,-1.444653788973018,1.2615886430670897,-1.3933896674036048,1.1751332249485287
-0.11574916613304052,0,4,4,-0.07927521423306265,-0.09925463838246219,-0.7155854678068195,-0.8704704927942822,1.0733552675679827,1,0.4108291997139728,-1.4551622381826224,1,0,0.0,-0.42535065589112697,1.0,1.04140193889498,0.5767422367137031,0.09140458170827666,1.0590239806972852,0.00576100847829524,-0.7276040052478969,-1.183708153389129,0.48437344584976233
-0.4060061820295245,2,3,4,1.1850785105349673,1.3368331331837693,-1.760133364404764,1.759426673259986,0.3147840933728653,0,-1.3711007031104538,1.4843646609859844,1,1,0.0,-0.42535065589112697,2.0,1.2490298004984894,-1.45915379781997,-1.434467992206681,0.030677943841212977,0.35109786501432255,-0.7986465998305751,0.7733193107459861,0.34622149003000985
-1.2767772297189763,2,2,1,-1.7048728603633878,-1.6437263927084094,-0.2977663091676422,-0.8704704927942822,-0.5472286045761318,1,-0.48013575169824046,-1.4551622381826224,1,1,1.0,0.7658544617882235,0.0,0.2662579222418771,1.2783010053705772,1.235809012144495,-0.4001156661930878,-1.030249561129786,0.9774182647363772,-0.20519442132157134,-1.035298068167522
-0.11574916613304052,0,4,3,-1.0518550025161633,-0.6953665435608981,-1.690496837964901,-0.8704704927942822,0.07342053794714612,0,-1.3711007031104538,-0.27935147851517966,1,0,1.0,1.9570595794675738,2.0,1.608918093944573,1.4158615482444736,1.5325064570724032,1.1701965252222661,-0.4777105906721423,1.4036738322324451,1.681939204808718,-0.48269024488850887
1.6257929292458633,1,0,4,0.1569227343499759,0.374925286191293,-1.620860311525038,-0.8704704927942822,1.4181603467475814,1,0.4108291997139728,0.896459281152263,0,0,0.0,-0.42535065589112697,2.0,0.7091973603293642,0.19157271666679218,1.193423662869079,-0.5946676191118044,0.0748283797855007,-0.08822065400379436,-0.48476977334087296,1.3823611586781577
1.0452788974528953,0,1,3,1.4212764591180058,1.6619850814629158,0.7467815874303023,1.759426673259986,1.0388747596500227,0,0.4108291997139728,-0.27935147851517966,1,1,0.0,-0.42535065589112697,1.0,-1.1732952515424566,1.457129711106643,-1.8018076859269485,1.4064381823378502,1.3180410633151975,-0.6565614106652188,0.7034254727411606,-0.828070134437892
0.7550218815564114,1,2,3,0.19860472527639422,0.33428129265639994,-0.3674028356075052,0.006161895890473879,-0.6851506362479712,1,-0.48013575169824046,-1.4551622381826224,1,1,1.0,3.1482646971469244,3.0,-0.8549325304170751,1.0306920281975627,-1.5616240400329275,0.6977132109910978,-1.0993169324369914,0.33803491349227455,1.1926823387749397,0.898829313309022
-0.4060061820295245,2,1,0,-0.857339044859543,-0.8714905155454358,0.12005284947153592,0.006161895890473879,1.0388747596500227,0,0.4108291997139728,-0.27935147851517966,0,0,0.0,-0.42535065589112697,2.0,1.5535506641836372,0.4804498567019755,1.27819436141991,0.6560235067942297,-0.4777105906721423,0.053864535161561936,0.633531634736335,1.5895890924077876
0.17450784976344344,1,1,3,1.2962304863387504,0.9845851892146934,0.6075085345505763,-0.8704704927942822,-1.3057997787712492,1,0.4108291997139728,-0.867256858348901,0,0,0.0,-0.42535065589112697,2.0,-1.547025402428774,0.5629861824263137,-1.5616240400329275,0.7671960513192106,-1.582788531587429,1.1905460484844115,-0.13530058331674574,-1.3806779577169042
0.17450784976344344,0,2,4,-1.6909788633879148,-1.4946984164138006,-1.760133364404764,0.88279428457523,-0.8575531758377707,0,1.3017941511261861,1.4843646609859844,0,0,0.0,-0.42535065589112697,2.0,-1.3947649705862,-0.7988631920252653,0.4163589261531287,0.1418504883661933,-1.5137211602802234,1.6168016159804797,1.33247001478459,-0.828070134437892
0.4647648656599274,2,4,3,1.532428434921789,1.5265051030132712,-0.6459489413669565,0.88279428457523,0.4871866329626647,0,0.4108291997139728,-1.4551622381826224,0,0,0.0,-0.42535065589112697,2.0,-1.6439184045104116,-1.2665690377965144,0.5011296247039597,1.1007136848941528,1.6633779198512249,-0.5855188160825406,0.3539562827170334,1.520513114497911
-0.4060061820295245,0,2,1,-0.45441313257082994,-0.16699462760728478,-0.8548585206865456,0.006161895890473879,-0.9954752075096102,1,-1.3711007031104538,-0.867256858348901,0,0,0.0,-0.42535065589112697,2.0,-0.965667389938947,-1.4453977435325804,-0.7563024038000332,-0.9142886846211242,0.21296312239991164,-0.5144762214998625,1.6120453668038925,1.5895890924077876
-1.2767772297189763,2,2,0,-0.7045050781293417,-0.7089145414058626,-0.3674028356075052,-0.8704704927942822,0.6940696804704239,0,-1.3711007031104538,-0.27935147851517966,1,0,2.0,3.1482646971469244,3.0,-1.519341687548306,-1.1840327120721765,-0.26180666225351906,0.07236764803808052,-0.4086432193649376,-0.23030584316915068,-0.06540674531192016,0.898829313309022
1.6257929292458633,0,0,1,0.921092568000983,0.7813652215402268,0.8164181138701654,0.006161895890473879,-1.2713192708532892,0,0.4108291997139728,-0.27935147851517966,0,0,0.0,-0.42535065589112697,2.0,0.12783934783953724,1.5671781454057605,0.26094597880993875,-1.6508067920991223,-1.5137211602802234,1.758886805145836,-1.4632835054084306,-1.587905891446534
0.17450784976344344,0,3,3,-0.4822011265217757,-0.6276265543360758,-1.411950732205449,-0.8704704927942822,0.8319917121422635,1,1.3017941511261861,-0.867256858348901,0,0,0.0,-0.42535065589112697,2.0,1.3736065174605956,0.06776822808028461,-0.1629075139442165,1.2952656378128695,1.5943105485440194,-0.30134843775182885,-1.1138143153843032,1.106057247038652
0.7550218815564114,1,2,3,0.08745274947261122,-0.08570664053749803,-0.22812978272777917,0.006161895890473879,-1.02995571542757,1,1.3017941511261861,-0.27935147851517966,0,0,0.0,-0.42535065589112697,2.0,0.5154113561660889,-1.5967143406938669,1.3205797106953259,0.5309543942036266,0.4892326076287327,1.4036738322324451,0.004487092692905432,-0.27546231115887976
-1.2767772297189763,0,2,1,-0.74618706905576,-0.6005305586461469,0.6075085345505763,1.759426673259986,0.41822561712674494,0,-1.3711007031104538,-0.867256858348901,0,0,0.0,-0.42535065589112697,2.0,-0.8410906729768408,0.5492301281389237,-0.5302472076644837,1.045127412631663,-1.3065190463586072,-1.3669873564919994,-1.0439204773794777,-1.4497539356267808
0.17450784976344344,0,3,2,0.5876366405896347,0.6052412495556891,-0.5763124149270935,1.759426673259986,-0.6851506362479712,1,-1.3711007031104538,0.896459281152263,0,0,0.0,-0.42535065589112697,2.0,-1.1594533941022225,0.8243512138867176,-0.2900635617704628,-0.8587024123586338,0.420165236321528,-1.1538595727439658,0.9131069867556374,-1.587905891446534
-0.6962631979260084,0,0,2,0.5876366405896347,0.7407212280053331,-0.6459489413669565,0.006161895890473879,0.5561476487985845,0,-0.48013575169824046,1.4843646609859844,0,0,0.0,-0.42535065589112697,2.0,0.11399749039930356,-1.514178014969529,-1.0812567482448852,-0.011011760355655176,-1.444653788973018,1.1905460484844115,0.7733193107459861,1.520513114497911
1.0452788974528953,2,0,3,0.19860472527639422,0.13106132498193332,-0.4370393620473682,-0.8704704927942822,-1.2023582550173695,1,-1.3711007031104538,1.4843646609859844,0,0,0.0,-0.42535065589112697,2.0,0.7784066475305345,1.3883494396696943,0.9956253662504739,0.33640244128490987,0.6273673502431437,1.758886805145836,-1.3933896674036048,0.553449423759639
-0.11574916613304052,1,4,0,0.629318631516053,0.45621327326107974,1.1646007460694805,0.006161895890473879,-0.47826758874021197,0,-1.3711007031104538,0.30855390131854166,1,0,0.0,-0.42535065589112697,1.0,-0.8134069580963729,1.1544965167840697,-0.6574032554907306,0.002884807709967748,1.525243177236814,-1.0117743835786095,-0.4148759353360481,0.34622149003000985
-0.11574916613304052,1,4,0,1.6852624016519908,1.9871370297420627,-0.22812978272777917,-0.8704704927942822,1.4526408546655414,1,1.3017941511261861,1.4843646609859844,0,0,0.0,-0.42535065589112697,2.0,-1.2425045387436262,0.7280588338749894,0.5152580744624313,-1.5396342475741414,1.1799063207007874,-0.9407317889959314,-0.20519442132157134,0.553449423759639
0.4647648656599274,0,0,3,1.4907464439953706,1.607793090083058,-0.2977663091676422,-0.8704704927942822,1.3491993309116617,1,-0.48013575169824046,0.30855390131854166,1,1,0.0,-0.42535065589112697,2.0,-0.30125823280771613,-0.26237707481706746,0.6706710218056212,1.587093567190944,-0.8230474472081696,-0.23030584316915068,1.0528946627652886,0.34622149003000985
0.17450784976344344,2,4,1,1.1572905165840217,1.092969171974409,-1.620860311525038,0.88279428457523,1.5216018705014611,0,0.4108291997139728,1.4843646609859844,1,1,0.0,-0.42535065589112697,2.0,-0.12131408608467396,-0.757595029163096,-0.9964860496940542,1.35085191007536,-1.0993169324369914,-0.30134843775182885,-1.1138143153843032,0.9679052912188987
1.3355359133493794,1,2,1,1.6018984197991535,1.6755330793078806,-0.5763124149270935,1.759426673259986,-0.06450149372469341,1,0.4108291997139728,-1.4551622381826224,1,0,0.0,-0.42535065589112697,3.0,1.3736065174605956,1.374593385382305,-0.6574032554907306,1.6148867033221892,-1.6518559028946345,-0.44343362691718513,1.4023638527894158,-0.7589941565280154
-0.9865202138224924,2,0,1,1.1017145286821302,1.0523251784395153,-0.5763124149270935,1.759426673259986,0.969913743814103,0,0.4108291997139728,0.30855390131854166,0,0,0.0,-0.42535065589112697,2.0,0.6123043582477266,-1.0189600606235005,1.4759926580385159,-0.7753230039648981,-1.2374516750514024,-1.5090725456573557,0.21416860670738222,-1.3116019798070275
0.17450784976344344,2,3,0,1.2684424923878046,1.2826411418039114,-1.620860311525038,0.006161895890473879,1.6595239021733006,1,-0.48013575169824046,-0.867256858348901,1,0,0.0,-0.42535065589112697,0.0,-0.8134069580963729,-0.8813995177496035,1.5890202561062907,-1.6647033601647447,1.3180410633151975,-1.0828169781612877,1.542151528799067,-0.5517662227983855
-0.6962631979260084,0,0,1,0.7126826133688903,0.6458852430905822,-0.6459489413669565,0.88279428457523,-0.2713845412324527,0,0.4108291997139728,0.896459281152263,0,0,0.0,-0.42535065589112697,2.0,-1.6854439768311136,-0.1385725862305605,-1.34969729365585,0.6143338025973621,-0.9611821898225805,-0.23030584316915068,-1.0439204773794777,0.13899355630038
-1.2767772297189763,0,2,3,0.4903786617613243,0.6323372452456181,-0.7155854678068195,-0.8704704927942822,-1.4782023183610484,0,0.4108291997139728,1.4843646609859844,0,0,0.0,-0.42535065589112697,2.0,-1.491657972667838,-1.3491053635208525,-0.02162301635949807,-0.08049460068376794,1.5943105485440194,1.5457590213978016,0.9830008247604629,0.34622149003000985
-0.4060061820295245,0,4,0,0.4764846647858517,0.2800893012765421,1.2342372725093433,0.88279428457523,0.4527061250447048,1,-1.3711007031104538,-1.4551622381826224,1,1,0.0,-0.42535065589112697,2.0,0.7230392177695985,0.4666938024145855,-1.2931834946219625,0.9756445723035496,-1.5137211602802234,1.1195034539017334,-0.8342389633650009,0.6225254016695156
-0.6962631979260084,0,0,1,0.7821525982462543,0.9981331870596581,0.18968937591139895,-0.8704704927942822,0.2803035854549054,0,0.4108291997139728,-0.27935147851517966,0,0,0.0,-0.42535065589112697,2.0,-0.32894194768818413,-0.3449134005414057,-1.2225412458296037,-0.35842596199622023,1.3180410633151975,-0.5144762214998625,1.6120453668038925,1.520513114497911
0.7550218815564114,0,3,2,-1.1352189843690004,-1.3456704401191917,-0.3674028356075052,-0.8704704927942822,-1.6161243500328881,0,0.4108291997139728,-0.27935147851517966,0,0,0.0,-0.42535065589112697,2.0,0.5292532136063226,-1.6517385578434256,-1.3638257434143217,1.03123084456604,1.5943105485440194,-0.6565614106652188,-1.6030711814180816,-0.48269024488850887
-0.6962631979260084,2,3,4,0.8933045740500373,0.9574891935247645,-0.9244950471264086,1.759426673259986,-0.6161896204120515,0,1.3017941511261861,-1.4551622381826224,1,0,2.0,1.9570595794675738,0.0,-0.5227279518514594,1.443373656819253,1.4759926580385159,-0.8587024123586338,1.0417715780863765,-0.23030584316915068,1.4722576907942413,-0.1373103553391265
-0.9865202138224924,0,0,0,-0.12095720515948158,0.07686933360207548,-1.0637681000061345,-0.8704704927942822,0.2803035854549054,1,-0.48013575169824046,-0.867256858348901,0,0,0.0,-0.42535065589112697,2.0,-1.6577602619506455,0.7693269967371588,-0.5867610066983711,-0.6085641871774273,0.35109786501432255,-0.23030584316915068,1.681939204808718,-0.48269024488850887
-0.4060061820295245,0,0,0,-1.1630069783199461,-1.237286457359476,0.398598955230988,1.759426673259986,-0.9609946995916503,0,0.4108291997139728,-0.867256858348901,1,0,1.0,0.7658544617882235,1.0,0.6538299305684289,-0.6062784320018095,0.1055330314667482,-1.1783234778679537,-0.1323737341361157,1.332631237649767,-0.27508825932639697,1.1751332249485287
1.0452788974528953,2,3,2,-1.079642996467109,-1.1018064789098316,-0.019220203408190112,0.006161895890473879,-1.4092413025251287,0,-0.48013575169824046,0.30855390131854166,1,0,0.0,-0.42535065589112697,2.0,-1.380923113145966,1.113228353921901,0.5717718734963186,-1.3867719988522929,0.6273673502431437,0.2669923189095964,0.3539562827170334,-0.6899181786181388
-0.9865202138224924,2,1,3,0.698788616393417,0.8491052107650487,1.5127833782687947,0.006161895890473879,-1.5471633341969682,0,-1.3711007031104538,-1.4551622381826224,0,0,0.0,-0.42535065589112697,2.0,0.3077834945625794,0.6317664538632618,-0.5161187579060122,-0.1360808729462584,-0.6158453332865532,1.0484608593190552,-1.2536019913939545,1.5895890924077876
-1.5670342456154605,1,4,1,0.01798276459524716,0.02267734222221765,1.5127833782687947,0.006161895890473879,-0.47826758874021197,0,0.4108291997139728,1.4843646609859844,1,1,1.0,0.7658544617882235,2.0,0.1555230627200052,-0.9501797891865517,-0.24767821249504754,-0.011011760355655176,1.1799063207007874,1.4036738322324451,-0.27508825932639697,-1.6569818693564107
-1.2767772297189763,0,1,1,-1.1352189843690004,-1.1830944659796183,-1.690496837964901,0.88279428457523,-1.2713192708532892,0,1.3017941511261861,0.30855390131854166,0,0,0.0,-0.42535065589112697,2.0,-0.9241418176182448,-0.11106047765578113,0.16204683050063556,-1.1922200459335763,0.21296312239991164,-0.6565614106652188,-0.34498209733122254,-0.7589941565280154
-1.5670342456154605,1,4,1,0.629318631516053,0.7813652215402268,0.4682354816708502,1.759426673259986,-0.09898200164265329,1,-0.48013575169824046,0.30855390131854166,0,0,0.0,-0.42535065589112697,2.0,-0.9795092473791807,1.718494742567047,-0.2900635617704628,0.7532994832535878,-1.0993169324369914,0.33803491349227455,0.7733193107459861,-0.6208422007082621
1.6257929292458633,0,1,1,-1.3436289390010934,-1.2508344552044404,-0.8548585206865456,0.88279428457523,0.8319917121422635,0,0.4108291997139728,0.30855390131854166,0,0,0.0,-0.42535065589112697,2.0,-0.32894194768818413,-0.5374981605648614,-0.40309115983823746,0.9478514361723044,-0.06330636282891022,1.5457590213978016,-0.6944512873553498,-0.27546231115887976
1.3355359133493794,2,4,3,0.1569227343499759,0.13106132498193332,-1.5512237850851749,-0.8704704927942822,-1.1333972391814497,0,-0.48013575169824046,0.896459281152263,1,1,1.0,0.7658544617882235,3.0,-0.6611465262537992,1.319569168232746,0.5717718734963186,-0.5112882107180687,0.14389575109270616,1.1905460484844115,1.33247001478459,-1.1734500239872752
1.3355359133493794,1,0,2,-0.5794591053500862,-0.24828261467707155,0.328962428791125,1.759426673259986,-0.754111652083891,0,-0.48013575169824046,0.30855390131854166,0,0,0.0,-0.42535065589112697,2.0,-0.4119930923295874,1.044448082484952,1.0097538160089454,1.5593004310596987,-0.3395758480577321,0.6932478864056645,0.004487092692905432,1.0369812691287754
-1.2767772297189763,1,0,0,0.24028671620281314,0.06332133575711073,-1.342314205765586,-0.8704704927942822,1.0388747596500227,0,-0.48013575169824046,0.30855390131854166,0,0,0.0,-0.42535065589112697,2.0,-1.3117138259447962,0.9756678110480039,-0.5726325569398996,-0.9142886846211242,-0.4777105906721423,0.48012010265763005,0.14427476870255662,0.8297533353991454
0.17450784976344344,2,1,0,1.1433965196085492,1.3774771267186625,1.0949642196296174,0.006161895890473879,-1.7195658737867676,0,-0.48013575169824046,-1.4551622381826224,1,0,1.0,3.1482646971469244,0.0,0.030946345757899618,1.5259099825435911,0.11966148122522034,1.6148867033221892,-1.0993169324369914,0.7642904809883426,1.1227885007701142,0.6225254016695156
0.7550218815564114,1,0,4,0.2124987222518674,-0.03151464915764019,1.0949642196296174,0.88279428457523,0.21134256961898562,1,0.4108291997139728,0.896459281152263,1,1,2.0,1.9570595794675738,0.0,1.2767135153789575,-0.2348649662422881,1.038010715525889,-0.7753230039648981,-1.7209232742018399,-0.017178059421116217,-1.3933896674036048,0.898829313309022
0.17450784976344344,1,0,1,0.7682586012707817,0.8491052107650487,-1.620860311525038,1.759426673259986,-0.5472286045761318,0,-1.3711007031104538,0.896459281152263,0,0,0.0,-0.42535065589112697,2.0,1.4428158046617654,0.6180103995758724,1.0521391652843606,-1.3172891585241797,-0.8230474472081696,1.4036738322324451,0.7733193107459861,0.48437344584976233
-0.6962631979260084,2,4,4,-0.5794591053500862,-0.8037505263206138,0.050416323031672906,0.88279428457523,0.07342053794714612,1,-0.48013575169824046,-1.4551622381826224,0,0,0.0,-0.42535065589112697,2.0,1.0829275112156815,0.8931314853236658,-0.8834584516262795,-1.1644269098023312,0.6964347215503491,-0.8696891944132532,1.4722576907942413,-1.3116019798070275
0.7550218815564114,0,3,3,1.5463224318972622,1.3097371374938405,-0.4370393620473682,-0.8704704927942822,0.7630306963063437,1,0.4108291997139728,1.4843646609859844,0,0,0.0,-0.42535065589112697,2.0,-1.2840301110643282,-1.417885634957801,1.151038313593664,1.281369069747247,1.1799063207007874,1.0484608593190552,-0.48476977334087296,-0.9662220902576453
0.17450784976344344,2,1,2,-0.6350350932519776,-0.3024746060569294,1.4431468518289317,-0.8704704927942822,0.41822561712674494,1,1.3017941511261861,-0.867256858348901,0,0,0.0,-0.42535065589112697,2.0,-1.3255556833850302,-1.4729098521073598,0.868469318424227,-0.011011760355655176,-0.5467779619793477,-0.30134843775182885,1.4722576907942413,1.4514371365880343
0.17450784976344344,1,4,2,-1.2463709601727833,-1.3456704401191917,-1.690496837964901,0.88279428457523,0.8664722200602234,1,-0.48013575169824046,0.30855390131854166,0,0,0.0,-0.42535065589112697,2.0,-0.065946656323738,-0.3449134005414057,1.6737909546571217,1.1562999571566432,-0.20144110544332117,0.7642904809883426,-0.8342389633650009,-1.3806779577169042
0.17450784976344344,1,3,0,0.08745274947261122,-0.03151464915764019,-0.7852219942466825,-0.8704704927942822,0.7975112042243035,1,-0.48013575169824046,0.896459281152263,1,1,1.0,3.1482646971469244,1.0,-1.477816115227604,-1.115252440635228,1.3205797106953259,0.41978184967864557,1.5943105485440194,1.758886805145836,-0.4148759353360481,-0.6899181786181388
-0.4060061820295245,1,0,4,1.351806474240642,1.0387771805945512,-0.9941315735662716,0.006161895890473879,-0.8575531758377707,0,0.4108291997139728,0.30855390131854166,0,0,0.0,-0.42535065589112697,2.0,1.1521367984168518,0.6455225081506518,-1.7452938868930612,-0.5251847787836916,-1.2374516750514024,-0.9407317889959314,1.4023638527894158,-1.587905891446534
-0.11574916613304052,2,0,4,-0.6767170841783959,-0.7360105370957915,0.12005284947153592,-0.8704704927942822,0.5216671408806246,0,-0.48013575169824046,-1.4551622381826224,0,0,0.0,-0.42535065589112697,2.0,0.8614577921719384,-0.7438389748757065,1.0521391652843606,-1.275599454327312,0.9036368354719655,-1.4380299510746777,-0.20519442132157134,0.8297533353991454
-0.4060061820295245,0,4,3,0.24028671620281314,0.04977333791214657,1.4431468518289317,-0.8704704927942822,1.245757807157782,1,-1.3711007031104538,-0.27935147851517966,0,0,0.0,-0.42535065589112697,2.0,1.484341376982467,1.374593385382305,-1.5051102409990402,-1.2339097501304441,0.00576100847829524,-1.4380299510746777,-0.5546636113456985,-1.2425260018971518
-1.2767772297189763,1,2,0,-0.41273114164441166,-0.4650505801965023,-1.5512237850851749,-0.8704704927942822,1.6250433942553408,0,1.3017941511261861,-0.27935147851517966,0,0,0.0,-0.42535065589112697,2.0,-1.3255556833850302,0.6455225081506518,-0.3748342603212938,-0.9698749568836147,-0.3395758480577321,-1.5090725456573557,0.7034254727411606,-0.828070134437892
-0.6962631979260084,0,2,0,-1.1769009752954191,-1.3185744444292626,0.8860546403100283,0.006161895890473879,0.7975112042243035,0,-0.48013575169824046,0.896459281152263,0,0,0.0,-0.42535065589112697,2.0,-0.30125823280771613,-1.0602282234856693,0.8119555193903396,-1.2478063181960668,-1.3755864176658126,0.7642904809883426,-1.0439204773794777,-0.6899181786181388
-0.4060061820295245,1,4,0,1.3934884651670603,1.160709161199231,-0.7852219942466825,0.006161895890473879,-0.754111652083891,1,1.3017941511261861,0.896459281152263,0,0,0.0,-0.42535065589112697,2.0,-0.7165139560147352,-0.6062784320018095,-0.2759351120119912,-0.6224607552430497,1.6633779198512249,1.1195034539017334,-1.183708153389129,-1.7260578472662873
-1.2767772297189763,2,3,4,-1.5381448966577136,-1.752110375468125,0.7467815874303023,0.006161895890473879,-0.20242352539653294,0,1.3017941511261861,0.896459281152263,0,0,0.0,-0.42535065589112697,2.0,-0.9795092473791807,-0.3449134005414057,-0.02162301635949807,1.1285068210253981,1.1799063207007874,1.4036738322324451,0.004487092692905432,0.6916013795793922
-0.11574916613304052,0,4,3,1.0878205317066576,0.8220092150751199,0.4682354816708502,-0.8704704927942822,1.004394251732063,1,-1.3711007031104538,-0.867256858348901,1,0,1.0,1.9570595794675738,3.0,-1.547025402428774,-1.679250666418205,-1.7311654371345893,-1.6647033601647447,-1.3065190463586072,-0.9407317889959314,-0.9740266393746521,1.6586650703176642
-0.4060061820295245,0,4,0,-1.5937208845596047,-1.3185744444292626,-0.4370393620473682,1.759426673259986,-1.3057997787712492,1,-1.3711007031104538,0.30855390131854166,1,0,1.0,0.7658544617882235,1.0,0.7091973603293642,0.7280588338749894,-1.4768533414820966,0.8505754597129463,0.8345694641647601,0.5511626972403082,-0.9740266393746521,-0.27546231115887976
-1.5670342456154605,0,2,0,0.5876366405896347,0.4155692797261867,0.25932590235126196,-0.8704704927942822,-0.2369040333144928,0,0.4108291997139728,-0.27935147851517966,0,0,0.0,-0.42535065589112697,2.0,-0.0797885137639723,-1.2665690377965144,-0.417219609596709,-1.0810475014085956,-0.4777105906721423,-0.44343362691718513,1.7518330428135438,1.7277410482275408
-0.9865202138224924,2,1,1,-1.190794972270892,-1.3050264465842982,0.6771450609904393,1.759426673259986,-0.9609946995916503,1,-0.48013575169824046,0.30855390131854166,0,0,0.0,-0.42535065589112697,2.0,-1.1732952515424566,-0.8951555720369929,0.006633883157445615,0.28081616902241946,-0.9611821898225805,0.9063756701536989,-0.6944512873553498,1.4514371365880343
-0.11574916613304052,0,3,1,0.29586270410470467,0.02267734222221765,-1.1334046264459976,0.88279428457523,-0.47826758874021197,1,-0.48013575169824046,1.4843646609859844,0,0,0.0,-0.42535065589112697,2.0,-1.1594533941022225,-1.5692022321190875,-0.2052928632196317,1.0868171168285305,0.972704206779171,1.4747164268151234,0.14427476870255662,-1.3806779577169042
0.17450784976344344,2,4,1,0.4625906678103785,0.22589730989668425,-0.8548585206865456,-0.8704704927942822,-0.6506701283300114,1,-0.48013575169824046,-1.4551622381826224,0,0,0.0,-0.42535065589112697,2.0,1.678127381145743,-1.5004219606821392,1.3770935097292127,1.142403389091021,-0.6158453332865532,1.687844210563158,-0.7643451253601753,1.313285180768281
1.0452788974528953,1,1,4,1.3934884651670603,1.160709161199231,-0.3674028356075052,1.759426673259986,1.4181603467475814,1,-0.48013575169824046,1.4843646609859844,0,0,0.0,-0.42535065589112697,2.0,0.90298336449264,1.4158615482444736,-1.7594223366515331,1.1146102529597757,1.525243177236814,0.9774182647363772,-1.2536019913939545,-1.4497539356267808
0.17450784976344344,2,4,4,0.7821525982462543,0.6323372452456181,0.7467815874303023,-0.8704704927942822,-0.06450149372469341,1,-0.48013575169824046,0.30855390131854166,0,0,0.0,-0.42535065589112697,2.0,1.124453083536384,1.4983978739688117,1.023882265767417,-0.20556371327437178,0.4892326076287327,1.2615886430670897,0.004487092692905432,-0.9662220902576453
-0.6962631979260084,0,3,0,-1.7465548512898064,-1.8469463603828764,-1.342314205765586,-0.8704704927942822,1.1423162834039025,0,-1.3711007031104538,1.4843646609859844,0,0,0.0,-0.42535065589112697,2.0,0.5015694987258547,0.3428893138280785,-0.5726325569398996,-0.14997744101188132,-1.5137211602802234,1.0484608593190552,-0.9041328013698265,-0.1373103553391265
-0.6962631979260084,0,2,2,1.365700471216115,1.2013531547341247,-1.342314205765586,-0.8704704927942822,-1.4092413025251287,1,-1.3711007031104538,0.896459281152263,0,0,0.0,-0.42535065589112697,2.0,-0.2874163753674818,0.6867906710128207,0.8543408686657555,1.0173342765004176,-0.06330636282891022,-0.30134843775182885,-1.6729650194229073,1.4514371365880343
-0.4060061820295245,1,2,2,0.7543646042953086,0.4833092689510087,0.398598955230988,-0.8704704927942822,0.2803035854549054,1,-1.3711007031104538,0.30855390131854166,0,0,0.0,-0.42535065589112697,2.0,-0.8826162452975431,0.8105951595993276,0.6141572227717345,-0.5807710510461821,-1.0993169324369914,-1.4380299510746777,0.8432131487508118,-0.1373103553391265
0.4647648656599274,0,4,3,1.2267605014613863,1.1336131655093022,0.050416323031672906,-0.8704704927942822,1.0388747596500227,0,1.3017941511261861,0.896459281152263,0,0,0.0,-0.42535065589112697,2.0,-0.38430937744911947,-1.0877403320604486,0.9814969164920018,-0.24725341747123933,-1.3755864176658126,-0.08822065400379436,-1.3933896674036048,-1.3116019798070275
-1.5670342456154605,1,2,2,-0.8434450478840704,-0.9934224961501159,-0.4370393620473682,-0.8704704927942822,-0.3748260649863323,1,-1.3711007031104538,1.4843646609859844,0,0,0.0,-0.42535065589112697,2.0,0.16936492016023952,0.7555709424497689,1.6879194044155932,-1.2339097501304441,-1.582788531587429,0.6932478864056645,1.1926823387749397,1.1751332249485287
-0.4060061820295245,1,2,1,-1.4408869178294035,-1.5353424099486936,-0.5066758884872304,0.006161895890473879,1.3836798388296216,1,-1.3711007031104538,-0.27935147851517966,1,1,0.0,-0.42535065589112697,2.0,-0.6611465262537992,-1.0464721691982795,0.11966148122522034,-0.1221843048806361,1.3180410633151975,-1.4380299510746777,-0.8342389633650009,0.898829313309022
-1.5670342456154605,0,4,1,0.6154246345405805,0.3478292905013641,-0.4370393620473682,-0.8704704927942822,-1.374760794607169,1,1.3017941511261861,-0.867256858348901,0,0,0.0,-0.42535065589112697,2.0,-0.17668151584560993,1.4296176025318637,-0.1629075139442165,-0.7336332997680306,-1.2374516750514024,-1.7932429239880685,0.14427476870255662,-1.3806779577169042
-0.4060061820295245,1,1,0,-0.2598971749142103,-0.5598865651112538,0.7467815874303023,-0.8704704927942822,-1.5126828262790084,0,1.3017941511261861,0.896459281152263,0,0,0.0,-0.42535065589112697,2.0,0.6399880731281945,1.1544965167840697,0.6847994715640934,-0.2889431216681075,-1.582788531587429,1.6168016159804797,1.681939204808718,0.13899355630038
-0.11574916613304052,0,3,2,-0.6489290902274502,-0.7360105370957915,-1.481587258645312,0.88279428457523,0.4871866329626647,1,-0.48013575169824046,-0.27935147851517966,0,0,0.0,-0.42535065589112697,2.0,-1.353239398265498,-1.280325092083904,1.3770935097292127,0.12795392030057098,1.0417715780863765,-1.3669873564919994,1.4722576907942413,1.106057247038652
1.0452788974528953,0,0,4,1.1989725075104405,1.3639291288736977,0.398598955230988,-0.8704704927942822,-0.20242352539653294,0,-0.48013575169824046,1.4843646609859844,1,1,1.0,3.1482646971469244,0.0,-0.5919372390526296,0.70054672530021,0.5717718734963186,1.1146102529597757,-0.6849127045937586,0.053864535161561936,0.5636377967315094,-1.6569818693564107
1.3355359133493794,1,3,0,0.6710006224424719,0.8220092150751199,1.5824199047086578,-0.8704704927942822,-0.2369040333144928,1,-1.3711007031104538,-0.27935147851517966,0,0,0.0,-0.42535065589112697,2.0,-1.5608672598690077,-0.7163268663009271,0.9673684667335303,0.9200583000410592,-1.030249561129786,-1.0828169781612877,0.4937439587266838,-0.1373103553391265
1.3355359133493794,0,0,4,-0.17653319306137308,-0.3160226039018936,-1.411950732205449,0.006161895890473879,1.0388747596500227,0,0.4108291997139728,-1.4551622381826224,0,0,0.0,-0.42535065589112697,2.0,-0.9241418176182448,-1.3491053635208525,0.4446158256700724,0.12795392030057098,1.387108434622403,0.7642904809883426,0.004487092692905432,-0.3445382890687564
1.6257929292458633,1,4,1,-0.23210918096326458,0.03622534006718181,0.18968937591139895,-0.8704704927942822,1.2112772992398222,1,0.4108291997139728,-0.867256858348901,0,0,0.0,-0.42535065589112697,2.0,-1.297871968504562,-1.0739842777730588,-1.7029085376176456,0.6560235067942297,-0.3395758480577321,0.19594972432691823,0.4937439587266838,1.6586650703176642
-0.11574916613304052,0,3,1,-1.2324769631973103,-1.508246414258765,-0.3674028356075052,0.006161895890473879,1.280238315075742,0,-0.48013575169824046,-1.4551622381826224,1,0,1.0,0.7658544617882235,2.0,0.5984625008074929,-1.6104703949812564,0.26094597880993875,0.22522989675992897,-0.5467779619793477,-1.0828169781612877,1.0528946627652886,-1.5188299135366574
-0.4060061820295245,2,4,3,-0.21821518398779138,-0.04506264700260435,0.8164181138701654,1.759426673259986,-1.5471633341969682,1,-1.3711007031104538,-0.867256858348901,0,0,0.0,-0.42535065589112697,2.0,1.207504228177788,0.3979135309776373,-1.1518989970372444,-1.0810475014085956,1.3180410633151975,0.8353330755710208,0.5636377967315094,-0.3445382890687564
1.6257929292458633,1,4,3,-1.6492968724614963,-1.3456704401191917,-0.22812978272777917,0.006161895890473879,-0.5817091124940916,0,-0.48013575169824046,-1.4551622381826224,0,0,0.0,-0.42535065589112697,2.0,-0.21820708816631218,1.6084463082679294,1.5607633565893468,0.9895411403691725,1.525243177236814,0.6932478864056645,1.4023638527894158,-0.8971461123477686
1.0452788974528953,1,4,1,-0.1070632081840084,-0.3024746060569294,0.9556911667498914,-0.8704704927942822,0.8319917121422635,0,-1.3711007031104538,1.4843646609859844,0,0,0.0,-0.42535065589112697,2.0,-1.1871371089826905,-0.5650102691396408,0.006633883157445615,-0.9003921165555019,0.2820304937071171,0.2669923189095964,-1.0439204773794777,1.0369812691287754
-0.11574916613304052,0,3,0,-0.8017630569576515,-0.6276265543360758,-1.342314205765586,-0.8704704927942822,-0.4437870808222521,1,0.4108291997139728,1.4843646609859844,0,0,0.0,-0.42535065589112697,2.0,-1.6023928321897096,1.044448082484952,0.3598451271192413,-1.345082294655425,0.2820304937071171,-0.15926324858647253,0.9830008247604629,-1.035298068167522
-0.9865202138224924,1,3,0,0.5042726587367975,0.8220092150751199,-1.690496837964901,-0.8704704927942822,0.7630306963063437,0,-0.48013575169824046,-1.4551622381826224,0,0,0.0,-0.42535065589112697,2.0,-0.2597326604870139,1.457129711106643,-1.5616240400329275,1.1007136848941528,-0.9611821898225805,-0.6565614106652188,0.07438093069773102,0.9679052912188987
-0.11574916613304052,1,1,3,-1.2185829662218377,-1.1018064789098316,0.398598955230988,-0.8704704927942822,-1.2713192708532892,0,-0.48013575169824046,0.896459281152263,0,0,0.0,-0.42535065589112697,2.0,0.39083463920398276,-0.42744972626574385,-1.8159361356854204,-0.1360808729462584,-0.7539800759009642,-1.4380299510746777,-1.4632835054084306,-0.5517662227983855
0.4647648656599274,1,0,1,1.6852624016519908,1.5400531008582359,0.6075085345505763,-0.8704704927942822,1.3491993309116617,1,0.4108291997139728,-1.4551622381826224,0,0,0.0,-0.42535065589112697,2.0,-1.3670812557057321,-0.771351083450486,1.3347081604537976,0.21133332869430665,-0.27050847675052664,-1.5090725456573557,0.7733193107459861,0.6916013795793922
-1.5670342456154605,0,2,1,1.1017145286821302,1.3774771267186625,1.3735103253890688,-0.8704704927942822,-1.5471633341969682,1,-0.48013575169824046,-1.4551622381826224,1,0,0.0,-0.42535065589112697,1.0,1.608918093944573,1.2095207339336285,1.4053504092461564,1.253575933616002,-0.06330636282891022,1.4747164268151234,1.6120453668038925,0.0008416004806267426
-0.4060061820295245,0,0,0,0.9071985710255105,1.1878051568891599,-1.690496837964901,0.88279428457523,-1.4437218104430887,0,0.4108291997139728,-0.27935147851517966,1,1,1.0,3.1482646971469244,0.0,-0.9241418176182448,0.3979135309776373,-0.02162301635949807,1.7538523839784155,1.6633779198512249,0.48012010265763005,-0.20519442132157134,0.0008416004806267426
1.0452788974528953,2,0,2,-1.3992049269029847,-1.237286457359476,-1.481587258645312,-0.8704704927942822,0.6595891725524641,0,-1.3711007031104538,1.4843646609859844,0,0,0.0,-0.42535065589112697,2.0,-0.5642535241721616,-0.4136936719783538,-0.177035963702688,-0.06659803261814563,-0.8230474472081696,1.2615886430670897,-0.48476977334087296,-0.9662220902576453
-0.9865202138224924,1,0,2,-1.3575229359765661,-1.1289024745997605,-0.08885672984805312,0.006161895890473879,0.5906281567165443,0,-0.48013575169824046,1.4843646609859844,0,0,0.0,-0.42535065589112697,2.0,0.10015563295906926,0.9068875396110557,-1.674651638100702,1.5593004310596987,-1.3755864176658126,0.6222052918229863,-1.2536019913939545,1.313285180768281
0.4647648656599274,2,0,3,-1.6354028754860233,-1.3185744444292626,-1.0637681000061345,-0.8704704927942822,0.5561476487985845,1,-1.3711007031104538,0.896459281152263,1,0,0.0,-0.42535065589112697,1.0,0.12783934783953724,1.0169359739101733,0.28920287832688246,-0.5946676191118044,0.21296312239991164,0.12490712974424009,1.1227885007701142,1.6586650703176642
-0.4060061820295245,0,2,0,-0.8990210357859619,-0.8308465220105428,0.8164181138701654,0.88279428457523,0.8664722200602234,1,-1.3711007031104538,-0.867256858348901,0,0,0.0,-0.42535065589112697,2.0,-0.46736052209052337,0.3841574766902473,-1.3920826429312654,1.5176107268628312,-1.444653788973018,1.5457590213978016,0.7034254727411606,-0.6208422007082621
0.4647648656599274,0,3,0,1.3240184802896962,1.0794211741294444,0.398598955230988,-0.8704704927942822,-1.6850853658688079,1,0.4108291997139728,0.30855390131854166,0,0,0.0,-0.42535065589112697,2.0,0.5015694987258547,1.6634705254174882,-1.0671282984864137,0.37809214548177805,0.972704206779171,-0.5855188160825406,-0.4148759353360481,1.313285180768281
1.0452788974528953,0,3,0,-0.3154731628161018,-0.6276265543360758,-0.15849325628791613,-0.8704704927942822,1.3491993309116617,1,-1.3711007031104538,-0.27935147851517966,0,0,0.0,-0.42535065589112697,2.0,0.34930906688328106,-1.3903735263830217,-0.4596049588721248,1.587093567190944,0.2820304937071171,-0.5855188160825406,0.423850120721859,1.4514371365880343
-1.2767772297189763,1,4,0,1.3379124772651694,1.4316691180985202,-0.2977663091676422,0.88279428457523,0.07342053794714612,0,1.3017941511261861,1.4843646609859844,0,0,0.0,-0.42535065589112697,2.0,0.6261462156879608,-0.509986051990082,-0.713917054524618,0.683816642925475,-0.9611821898225805,-0.30134843775182885,-1.1138143153843032,-1.7260578472662873
-1.2767772297189763,0,3,0,-0.24600317793873713,-0.546338567266289,-1.2726776793257237,0.006161895890473879,0.4527061250447048,0,0.4108291997139728,-0.867256858348901,0,0,0.0,-0.42535065589112697,2.0,0.543095071046557,-1.5554461778316977,-1.448596441965153,-1.2478063181960668,-1.3755864176658126,-1.1538595727439658,0.633531634736335,1.1751332249485287
0.4647648656599274,2,2,4,-0.009805229355698587,-0.20763862114217788,-1.2030411528858607,-0.8704704927942822,-0.9265141916736904,1,0.4108291997139728,-0.27935147851517966,0,0,0.0,-0.42535065589112697,2.0,1.539708806743403,1.2507888967957979,-1.5757524897913995,0.572644098400494,-1.3065190463586072,-1.7932429239880685,-1.533177343413256,1.4514371365880343
1.3355359133493794,1,0,0,1.2267605014613863,1.3639291288736977,-0.6459489413669565,0.006161895890473879,-1.6850853658688079,1,-0.48013575169824046,-0.867256858348901,0,0,0.0,-0.42535065589112697,2.0,-1.2286626813033923,-0.12481653194317052,0.9249831174581143,-0.5251847787836916,0.4892326076287327,-1.580115140240034,0.3539562827170334,-1.1734500239872752
0.4647648656599274,0,3,2,1.0739265347311844,1.1065171698193732,0.8860546403100283,-0.8704704927942822,-1.02995571542757,1,-1.3711007031104538,-0.27935147851517966,1,1,2.0,3.1482646971469244,3.0,-0.4396768072100554,-0.7438389748757065,1.4053504092461564,0.9200583000410592,-1.5137211602802234,0.7642904809883426,0.07438093069773102,1.3823611586781577
-1.2767772297189763,2,0,0,0.2541807131782857,0.25299330558661315,-0.08885672984805312,-0.8704704927942822,1.4181603467475814,1,-1.3711007031104538,0.30855390131854166,0,0,0.0,-0.42535065589112697,2.0,1.3182390876996597,0.6180103995758724,0.09140458170827666,1.6426798394534345,-1.3065190463586072,0.8353330755710208,-1.3234958293987793,-0.413614266978633
1.6257929292458633,2,3,0,0.33754469503112294,0.5645972560207955,0.12005284947153592,-0.8704704927942822,-0.09898200164265329,1,-1.3711007031104538,-0.27935147851517966,1,1,2.0,3.1482646971469244,0.0,0.47388578384538665,-0.6750587034387584,0.09140458170827666,-1.0393577972117278,-1.0993169324369914,0.2669923189095964,0.633531634736335,-1.3116019798070275
1.6257929292458633,1,3,2,-1.010173011589745,-1.3050264465842982,-1.2726776793257237,-0.8704704927942822,-0.2713845412324527,0,1.3017941511261861,-1.4551622381826224,0,0,0.0,-0.42535065589112697,2.0,0.9721926516938103,-0.4549618348405232,1.6314056053817059,-0.17777057714312655,-1.168384303744197,-0.15926324858647253,0.633531634736335,1.1751332249485287
-0.4060061820295245,1,0,2,0.18471072830092164,0.1717053185168264,1.2342372725093433,-0.8704704927942822,-1.02995571542757,0,-1.3711007031104538,-0.867256858348901,1,1,1.0,3.1482646971469244,3.0,-1.6716021193908797,-0.6200344862891995,-0.5161187579060122,-0.38621909812746547,1.6633779198512249,-0.7276040052478969,-0.8342389633650009,-1.3116019798070275
-1.5670342456154605,2,3,1,0.39312068293301444,0.6187892474006533,0.25932590235126196,0.006161895890473879,0.17686206170102575,0,1.3017941511261861,-0.867256858348901,0,0,0.0,-0.42535065589112697,2.0,1.013718224014512,-0.11106047765578113,0.19030373001757925,1.0590239806972852,0.21296312239991164,-0.5144762214998625,-1.4632835054084306,0.7606773574892688
-0.9865202138224924,2,2,2,1.6296864137500993,1.3097371374938405,1.0253276931897544,1.759426673259986,-0.5472286045761318,0,0.4108291997139728,1.4843646609859844,0,0,0.0,-0.42535065589112697,2.0,0.33546720944304737,-0.5237421062774714,-0.6574032554907306,0.933954868106682,-0.1323737341361157,-1.0117743835786095,-1.0439204773794777,1.2442092028584053
0.7550218815564114,2,2,0,0.6154246345405805,0.7136252323154042,-0.9941315735662716,1.759426673259986,0.4527061250447048,0,0.4108291997139728,-0.867256858348901,1,1,2.0,0.7658544617882235,3.0,-0.38430937744911947,-0.3999376176909644,-1.7594223366515331,-0.10828773681501318,-1.6518559028946345,0.2669923189095964,0.004487092692905432,1.1751332249485287
-0.4060061820295245,2,2,0,-0.6211410962765045,-0.6140785564911116,0.6771450609904393,-0.8704704927942822,0.17686206170102575,1,1.3017941511261861,-0.867256858348901,0,0,0.0,-0.42535065589112697,2.0,-0.6888302411342673,0.4391816938398061,1.0803960648013042,0.08626421610370281,0.7655020928575547,-0.6565614106652188,-0.6944512873553498,0.553449423759639
-1.2767772297189763,0,0,4,-0.4405191355953574,-0.749558534940756,0.5378720081107132,0.88279428457523,-0.4437870808222521,1,-0.48013575169824046,-0.27935147851517966,0,0,0.0,-0.42535065589112697,2.0,-0.32894194768818413,-0.42744972626574385,-0.8552015521093358,-0.6641504594399171,-0.4777105906721423,1.687844210563158,0.9830008247604629,-1.4497539356267808
-0.4060061820295245,1,3,1,-0.2737911718896829,-0.3295706017468583,-1.5512237850851749,1.759426673259986,1.1078357754859425,1,-1.3711007031104538,0.30855390131854166,0,0,0.0,-0.42535065589112697,2.0,-1.6716021193908797,0.31537720525329915,-1.7735507864100049,-1.69249649629599,0.420165236321528,-1.1538595727439658,-1.0439204773794777,0.553449423759639
1.0452788974528953,0,1,3,0.2124987222518674,0.2800893012765421,-0.3674028356075052,0.88279428457523,-0.20242352539653294,1,1.3017941511261861,0.30855390131854166,1,0,1.0,0.7658544617882235,0.0,1.3459228025801278,0.5629861824263137,0.3598451271192413,0.47536812194113603,-0.6849127045937586,-0.30134843775182885,1.0528946627652886,-0.6899181786181388
0.4647648656599274,0,3,0,-1.677084866412442,-1.7927543690030185,-0.2977663091676422,0.88279428457523,0.34926460129082515,0,0.4108291997139728,-0.867256858348901,0,0,0.0,-0.42535065589112697,2.0,0.11399749039930356,0.6317664538632618,0.43048737591160025,1.3647484781409829,0.2820304937071171,0.9774182647363772,-0.9041328013698265,0.6225254016695156
-0.9865202138224924,1,2,2,0.9766685559028746,0.8491052107650487,1.3735103253890688,1.759426673259986,0.6251086646345042,1,0.4108291997139728,1.4843646609859844,0,0,0.0,-0.42535065589112697,2.0,-1.2701882536240943,1.6084463082679294,1.0521391652843606,-1.3172891585241797,-1.3065190463586072,0.33803491349227455,-0.5546636113456985,-1.587905891446534
1.3355359133493794,0,3,1,0.24028671620281314,0.5104052646409376,-1.2030411528858607,-0.8704704927942822,1.4181603467475814,0,1.3017941511261861,1.4843646609859844,0,0,0.0,-0.42535065589112697,2.0,-0.9795092473791807,-0.8126192463126547,-1.0812567482448852,0.9617480042379273,1.525243177236814,0.7642904809883426,1.33247001478459,0.48437344584976233
1.0452788974528953,2,3,4,0.4209086768839602,0.4155692797261867,-0.7852219942466825,1.759426673259986,-0.09898200164265329,0,0.4108291997139728,0.30855390131854166,0,0,0.0,-0.42535065589112697,2.0,0.5154113561660889,-0.11106047765578113,0.21856062953452293,-0.35842596199622023,-1.3065190463586072,-0.44343362691718513,0.14427476870255662,0.34622149003000985
-0.6962631979260084,1,0,3,1.2684424923878046,0.9710371913697292,-0.7852219942466825,1.759426673259986,-1.4782023183610484,0,-1.3711007031104538,0.30855390131854166,1,1,2.0,3.1482646971469244,1.0,1.4151320897812973,0.5079619652767549,-1.5333671405159839,-1.2200131820648215,-1.168384303744197,0.48012010265763005,0.8432131487508118,1.2442092028584053
-0.6962631979260084,1,0,0,-0.6767170841783959,-0.47859857804146705,-0.5066758884872304,-0.8704704927942822,0.6251086646345042,1,-1.3711007031104538,1.4843646609859844,1,0,2.0,3.1482646971469244,1.0,-0.7303558134549689,-0.6062784320018095,0.17617528025910772,-0.7197367317024076,-1.3755864176658126,-1.224902167326644,-1.1138143153843032,1.1751332249485287
-0.4060061820295245,1,1,4,0.851622583123619,0.9032972021449066,0.6075085345505763,0.88279428457523,-1.2713192708532892,1,-1.3711007031104538,0.896459281152263,1,1,1.0,3.1482646971469244,1.0,-1.1594533941022225,-1.0189600606235005,0.6282856725302061,1.489817590731586,-0.3395758480577321,-1.1538595727439658,-0.7643451253601753,-0.1373103553391265
-1.2767772297189763,0,1,1,-0.9407030267123803,-1.0747104832199026,-1.760133364404764,-0.8704704927942822,0.03894003002918623,0,0.4108291997139728,-0.27935147851517966,0,0,0.0,-0.42535065589112697,2.0,0.36315092432351476,0.5767422367137031,0.5011296247039597,-0.14997744101188132,-0.5467779619793477,1.1905460484844115,0.9131069867556374,-0.6208422007082621
-1.5670342456154605,2,0,2,-0.9823850176387992,-1.020518491840045,0.18968937591139895,-0.8704704927942822,-1.6161243500328881,0,-0.48013575169824046,0.30855390131854166,1,1,0.0,-0.42535065589112697,3.0,0.7645647900903001,-1.197788766359566,1.3064512609368537,-1.1088406375398407,-0.9611821898225805,-1.3669873564919994,-0.20519442132157134,1.313285180768281
-0.11574916613304052,2,1,4,0.059664755521665475,-0.22118661898714262,0.4682354816708502,1.759426673259986,-0.8230726679198108,0,0.4108291997139728,0.30855390131854166,0,0,0.0,-0.42535065589112697,2.0,0.7507229326500665,-0.9364237348991623,1.6737909546571217,0.2530230328911742,0.6964347215503491,-1.3669873564919994,-0.8342389633650009,-1.2425260018971518
0.4647648656599274,1,4,2,1.5046404409708432,1.7161770728427737,-0.08885672984805312,-0.8704704927942822,-1.4782023183610484,1,-0.48013575169824046,1.4843646609859844,0,0,0.0,-0.42535065589112697,2.0,-1.2425045387436262,1.2920570596579666,-1.180155896554188,1.072920548762908,-0.1323737341361157,-0.6565614106652188,-1.183708153389129,-1.1734500239872752
1.0452788974528953,0,4,0,-0.23210918096326458,0.04977333791214657,1.4431468518289317,-0.8704704927942822,0.004459522111226352,1,-1.3711007031104538,0.30855390131854166,0,0,0.0,-0.42535065589112697,2.0,0.7368810752098321,-1.514178014969529,0.16204683050063556,-1.4006685669179155,1.387108434622403,1.4036738322324451,0.7034254727411606,1.4514371365880343
-0.9865202138224924,2,3,0,-1.3297349420256204,-1.1018064789098316,-0.6459489413669565,-0.8704704927942822,-0.9265141916736904,1,0.4108291997139728,-0.867256858348901,0,0,0.0,-0.42535065589112697,2.0,1.608918093944573,1.4846418196814224,0.2044321797760514,0.8644720277785687,1.5943105485440194,-1.5090725456573557,-1.7428588574277328,-1.6569818693564107
-1.5670342456154605,2,3,1,-1.0935369934425818,-1.332122442274227,-0.9244950471264086,1.759426673259986,0.6940696804704239,0,1.3017941511261861,-1.4551622381826224,1,1,2.0,0.7658544617882235,0.0,-1.339397540825264,1.0719601910597316,1.1086529643182481,1.0868171168285305,0.7655020928575547,1.0484608593190552,0.633531634736335,0.553449423759639
0.4647648656599274,2,3,0,0.04577075854619291,0.14460932282689748,0.8164181138701654,0.88279428457523,1.4526408546655414,1,-1.3711007031104538,0.30855390131854166,0,0,0.0,-0.42535065589112697,2.0,-0.7718813857756711,1.6359584168427088,-0.8975869013847516,-0.6224607552430497,-1.168384303744197,1.1195034539017334,0.2840624447122078,0.4152974679398865
-0.11574916613304052,2,1,1,-0.4405191355953574,-0.3973105909716803,-0.2977663091676422,1.759426673259986,0.6251086646345042,0,0.4108291997139728,0.896459281152263,0,0,0.0,-0.42535065589112697,2.0,-1.2286626813033923,-1.3078372006586834,0.40223047639465653,-1.69249649629599,-1.6518559028946345,-0.44343362691718513,0.7034254727411606,0.6916013795793922
1.3355359133493794,2,4,2,-0.16263919608589988,-0.05861064484756911,-0.7155854678068195,-0.8704704927942822,-1.5471633341969682,1,-0.48013575169824046,0.896459281152263,0,0,0.0,-0.42535065589112697,2.0,-0.024421084003036338,-1.0464721691982795,0.8260839691488118,-0.7336332997680306,-0.4086432193649376,-0.44343362691718513,-0.9041328013698265,-0.20638633324900313
-1.5670342456154605,1,1,4,0.6710006224424719,0.9574891935247645,1.0949642196296174,-0.8704704927942822,1.280238315075742,1,-0.48013575169824046,-0.27935147851517966,1,0,2.0,0.7658544617882235,2.0,-0.065946656323738,0.32913325954068917,-0.7986877530754484,0.3641955774161551,-0.6849127045937586,-1.580115140240034,-1.7428588574277328,-1.3806779577169042
-0.6962631979260084,2,0,1,-0.2598971749142103,-0.2618306125220357,-1.2726776793257237,-0.8704704927942822,1.1423162834039025,0,-1.3711007031104538,0.30855390131854166,0,0,0.0,-0.42535065589112697,2.0,-0.6196209539330976,-1.2115448206469557,0.9814969164920018,0.39198871354740034,-1.3755864176658126,1.5457590213978016,-1.4632835054084306,0.4152974679398865
1.6257929292458633,0,4,1,0.18471072830092164,0.374925286191293,0.6075085345505763,-0.8704704927942822,0.004459522111226352,1,1.3017941511261861,1.4843646609859844,0,0,0.0,-0.42535065589112697,2.0,1.2351879430582557,0.24659693381635098,-0.2052928632196317,-1.1783234778679537,-0.20144110544332117,-0.7986465998305751,1.542151528799067,1.313285180768281
-1.2767772297189763,2,1,2,0.11524074342355697,0.11751332713696856,1.0253276931897544,0.006161895890473879,-1.6506048579508479,1,0.4108291997139728,1.4843646609859844,1,1,2.0,3.1482646971469244,2.0,-1.0071929622596487,1.0306920281975627,0.38810202663618504,-0.06659803261814563,-0.9611821898225805,-0.5855188160825406,1.6120453668038925,0.06991757839050336
1.3355359133493794,0,1,1,0.059664755521665475,-0.1263506340723911,-0.5763124149270935,-0.8704704927942822,-1.02995571542757,1,0.4108291997139728,-0.27935147851517966,0,0,0.0,-0.42535065589112697,2.0,0.7368810752098321,1.3058131139453566,-0.5019903081475401,-1.4284617030491606,1.5943105485440194,-0.23030584316915068,0.423850120721859,0.553449423759639
-1.2767772297189763,2,2,2,-1.0379610055406907,-1.1830944659796183,1.0253276931897544,-0.8704704927942822,0.969913743814103,0,-1.3711007031104538,-0.867256858348901,0,0,0.0,-0.42535065589112697,2.0,-1.477816115227604,-0.7988631920252653,-1.5333671405159839,0.9200583000410592,-1.2374516750514024,-1.4380299510746777,0.21416860670738222,-0.27546231115887976
1.6257929292458633,1,2,1,1.657474407701045,1.7026290749978088,-1.411950732205449,-0.8704704927942822,0.4871866329626647,0,0.4108291997139728,0.30855390131854166,0,0,0.0,-0.42535065589112697,2.0,-1.6854439768311136,1.333325222520136,-0.8552015521093358,-1.5535308156397638,1.1799063207007874,1.2615886430670897,0.3539562827170334,0.2771455121201332
0.7550218815564114,0,2,2,0.2680747101537589,0.15815732067186225,-0.6459489413669565,0.006161895890473879,-1.4437218104430887,0,1.3017941511261861,-0.867256858348901,1,1,0.0,-0.42535065589112697,3.0,0.9168252219328743,-0.8813995177496035,1.151038313593664,-0.38621909812746547,0.14389575109270616,1.5457590213978016,0.633531634736335,0.48437344584976233
-0.4060061820295245,2,3,0,-0.2598971749142103,-0.546338567266289,-0.2977663091676422,0.006161895890473879,-0.16794301747857304,1,1.3017941511261861,0.30855390131854166,1,1,1.0,3.1482646971469244,1.0,-1.297871968504562,-0.6062784320018095,0.17617528025910772,1.3647484781409829,1.0417715780863765,0.19594972432691823,-1.4632835054084306,-0.7589941565280154
-0.4060061820295245,2,1,3,-1.5520388936331864,-1.2779304508943692,-0.7852219942466825,0.006161895890473879,0.21134256961898562,1,1.3017941511261861,-1.4551622381826224,1,0,0.0,-0.42535065589112697,2.0,0.6261462156879608,-1.0052040063361105,-1.420339542448209,1.1840930932878886,0.6964347215503491,0.2669923189095964,-1.1138143153843032,0.34622149003000985
-0.11574916613304052,1,2,2,1.1989725075104405,1.092969171974409,-0.7155854678068195,-0.8704704927942822,-1.5126828262790084,0,0.4108291997139728,-1.4551622381826224,0,0,0.0,-0.42535065589112697,2.0,1.3597646600203614,-0.5374981605648614,1.7161763039325368,-1.6785999282303674,-1.6518559028946345,1.1195034539017334,-1.0439204773794777,-1.5188299135366574
0.17450784976344344,1,2,2,0.29586270410470467,0.25299330558661315,1.6520564311485209,-0.8704704927942822,-1.7195658737867676,1,-0.48013575169824046,0.896459281152263,0,0,0.0,-0.42535065589112697,2.0,1.096769368655916,-0.6062784320018095,1.6596625048986495,0.7671960513192106,-1.5137211602802234,-1.6511577348227122,-1.183708153389129,0.7606773574892688
-1.2767772297189763,0,0,0,-1.1491129813444734,-0.8172985241655782,-0.22812978272777917,1.759426673259986,-0.8920336837557306,1,-0.48013575169824046,0.30855390131854166,0,0,0.0,-0.42535065589112697,2.0,1.3874483749008293,-1.3078372006586834,-0.713917054524618,1.0173342765004176,0.14389575109270616,1.1905460484844115,-1.3234958293987793,1.4514371365880343
-1.5670342456154605,2,0,3,1.5185344379463164,1.3503811310287335,1.2342372725093433,0.88279428457523,0.24582307753694552,0,-1.3711007031104538,-0.867256858348901,0,0,0.0,-0.42535065589112697,2.0,0.9998763665742783,1.0719601910597316,-1.1377705472787727,-0.8725989804242567,1.3180410633151975,1.1195034539017334,0.423850120721859,1.7277410482275408
0.7550218815564114,1,3,0,0.2124987222518674,0.11751332713696856,0.8164181138701654,0.88279428457523,-1.02995571542757,1,-1.3711007031104538,1.4843646609859844,1,0,2.0,1.9570595794675738,0.0,1.207504228177788,0.1365484995172334,-0.3465773608043501,1.698266111715925,0.2820304937071171,1.2615886430670897,1.6120453668038925,0.6225254016695156
1.3355359133493794,1,0,0,-1.7326608543143334,-1.3727664358091205,-1.0637681000061345,-0.8704704927942822,1.245757807157782,1,0.4108291997139728,-0.867256858348901,1,1,1.0,3.1482646971469244,2.0,-0.8272488155366071,-0.08354836908100173,-0.7563024038000332,-0.5668744829805592,-0.8230474472081696,0.9063756701536989,-0.48476977334087296,0.7606773574892688
-1.5670342456154605,1,2,3,0.1569227343499759,0.13106132498193332,1.6520564311485209,1.759426673259986,-1.4782023183610484,0,-1.3711007031104538,0.30855390131854166,0,0,0.0,-0.42535065589112697,2.0,0.5015694987258547,-1.115252440635228,0.16204683050063556,1.712162679781548,0.0748283797855007,1.4747164268151234,-0.34498209733122254,1.7277410482275408
-0.11574916613304052,0,4,2,-1.260264957148256,-1.142450472444725,0.6771450609904393,0.006161895890473879,-0.40930657290429223,1,1.3017941511261861,0.896459281152263,1,1,1.0,3.1482646971469244,3.0,-0.7718813857756711,1.0169359739101733,-0.7986877530754484,-1.0115646610804825,1.6633779198512249,-0.5144762214998625,0.3539562827170334,0.34622149003000985
1.6257929292458633,0,2,3,0.01798276459524716,0.18525331636179115,0.050416323031672906,-0.8704704927942822,1.280238315075742,0,1.3017941511261861,-0.867256858348901,1,1,1.0,1.9570595794675738,0.0,1.5673925216238709,0.4254256395524167,1.0662676150428327,0.572644098400494,1.1799063207007874,1.5457590213978016,-0.7643451253601753,-1.1734500239872752
1.3355359133493794,2,0,1,-0.4960951234972489,-0.20763862114217788,0.8860546403100283,1.759426673259986,-0.06450149372469341,1,1.3017941511261861,1.4843646609859844,0,0,0.0,-0.42535065589112697,2.0,-0.49504423697099137,-1.1427645492100074,-1.434467992206681,1.4620244546003407,1.7324452911584303,-1.224902167326644,-1.533177343413256,-0.6208422007082621
-0.9865202138224924,2,1,2,-0.5238831174481946,-0.4515025823515381,1.0949642196296174,0.88279428457523,0.969913743814103,1,1.3017941511261861,0.896459281152263,0,0,0.0,-0.42535065589112697,2.0,0.47388578384538665,-0.38618156340357446,1.391221959487685,1.6704729755846797,-1.0993169324369914,-1.0117743835786095,0.07438093069773102,-1.3806779577169042
0.4647648656599274,0,0,1,-0.07927521423306265,-0.22118661898714262,0.18968937591139895,1.759426673259986,1.6940044100912606,0,1.3017941511261861,-0.27935147851517966,0,0,0.0,-0.42535065589112697,2.0,1.4981832344227013,-1.2115448206469557,0.6282856725302061,1.4759210226659631,0.00576100847829524,-0.5144762214998625,-1.1138143153843032,1.2442092028584053
0.4647648656599274,2,4,1,0.698788616393417,0.8897492042999424,0.5378720081107132,-0.8704704927942822,0.7285501883883838,0,-0.48013575169824046,-0.867256858348901,0,0,0.0,-0.42535065589112697,2.0,-0.8134069580963729,0.7280588338749894,0.5717718734963186,-0.46959850652120116,1.0417715780863765,-0.9407317889959314,-0.13530058331674574,-0.06823437742924988
-0.11574916613304052,0,0,4,-0.41273114164441166,-0.1263506340723911,-1.342314205765586,1.759426673259986,1.6250433942553408,0,-0.48013575169824046,-1.4551622381826224,0,0,0.0,-0.42535065589112697,2.0,-0.4396768072100554,0.5904982910010931,1.4477357585215722,1.142403389091021,-0.6849127045937586,-0.23030584316915068,-1.4632835054084306,-1.3806779577169042
1.3355359133493794,2,4,4,-1.1213249873935276,-0.8308465220105428,1.4431468518289317,0.006161895890473879,0.21134256961898562,0,-0.48013575169824046,-0.27935147851517966,0,0,0.0,-0.42535065589112697,2.0,-1.380923113145966,-0.6200344862891995,-1.6322662888252868,-0.3167362577993521,-1.0993169324369914,0.19594972432691823,0.7034254727411606,0.13899355630038
1.3355359133493794,2,3,1,1.1433965196085492,0.9710371913697292,1.0253276931897544,0.88279428457523,0.17686206170102575,0,-1.3711007031104538,-0.27935147851517966,0,0,0.0,-0.42535065589112697,2.0,-0.27357451792724813,-0.7025708120135371,-0.14877906418574433,-1.3728754307866702,-1.582788531587429,-1.3669873564919994,-1.1138143153843032,0.0008416004806267426
-0.11574916613304052,0,4,0,-0.9268090297369077,-1.1966424638245825,1.5824199047086578,1.759426673259986,0.8319917121422635,1,-0.48013575169824046,0.30855390131854166,0,0,0.0,-0.42535065589112697,2.0,1.1106112260961496,-1.4453977435325804,-0.6997886047661458,1.6704729755846797,-1.168384303744197,0.8353330755710208,-0.48476977334087296,0.2771455121201332
-0.6962631979260084,0,3,4,0.18471072830092164,-0.03151464915764019,-0.019220203408190112,-0.8704704927942822,0.03894003002918623,0,-0.48013575169824046,-0.27935147851517966,0,0,0.0,-0.42535065589112697,2.0,-1.2148208238631582,1.2232767882210185,0.5717718734963186,-1.0949440694742183,-1.0993169324369914,1.4747164268151234,-1.6030711814180816,-0.1373103553391265
-0.6962631979260084,0,4,0,-1.0518550025161633,-1.3185744444292626,0.8860546403100283,0.006161895890473879,1.1767967913218622,0,-0.48013575169824046,-0.867256858348901,0,0,0.0,-0.42535065589112697,2.0,1.2905553728191916,-1.7067627749929843,-0.4454765091136527,-0.7336332997680306,0.2820304937071171,-0.8696891944132532,-0.6245574493505242,1.2442092028584053
-0.4060061820295245,0,0,4,-0.24600317793873713,-0.4515025823515381,-1.690496837964901,-0.8704704927942822,-0.5817091124940916,0,1.3017941511261861,-1.4551622381826224,0,0,0.0,-0.42535065589112697,2.0,-0.7857232432159048,-0.3999376176909644,0.783698619873396,1.5593004310596987,0.0748283797855007,-1.7932429239880685,-0.5546636113456985,-0.3445382890687564
-0.4060061820295245,2,2,3,0.6015306375651073,0.70007723447044,-1.2030411528858607,-0.8704704927942822,1.3836798388296216,1,1.3017941511261861,-0.27935147851517966,1,0,1.0,3.1482646971469244,0.0,-0.7165139560147352,-0.991447952048721,-0.8834584516262795,-1.3589788627210475,-0.5467779619793477,-1.6511577348227122,-1.1138143153843032,0.8297533353991454
-0.9865202138224924,1,0,3,0.5737426436141615,0.4155692797261867,0.25932590235126196,-0.8704704927942822,1.6595239021733006,1,0.4108291997139728,0.896459281152263,1,1,0.0,-0.42535065589112697,2.0,0.1555230627200052,1.6772265797048782,-0.2900635617704628,0.5309543942036266,1.5943105485440194,-1.295944761909322,-0.27508825932639697,1.2442092028584053
1.3355359133493794,0,4,4,0.12913474039903017,-0.0044186534677112714,-0.2977663091676422,0.88279428457523,-0.4437870808222521,1,-1.3711007031104538,0.896459281152263,0,0,0.0,-0.42535065589112697,2.0,-0.4258349497698217,-0.1798407490927293,0.9814969164920018,1.1007136848941528,0.7655020928575547,-1.7222003294053903,0.21416860670738222,0.8297533353991454
-1.2767772297189763,0,2,3,0.1013467464480844,0.3613772883463288,0.12005284947153592,-0.8704704927942822,0.9354332358961431,0,-1.3711007031104538,0.896459281152263,1,1,1.0,3.1482646971469244,2.0,1.428973947221531,-0.4136936719783538,1.151038313593664,-0.6085641871774273,0.2820304937071171,0.48012010265763005,0.633531634736335,1.313285180768281
-0.11574916613304052,0,2,1,0.44869667083490594,0.4155692797261867,1.4431468518289317,-0.8704704927942822,0.383745109208785,0,-1.3711007031104538,0.896459281152263,0,0,0.0,-0.42535065589112697,2.0,0.6261462156879608,0.851863322461497,-1.4062110926897373,-0.9003921165555019,-1.3755864176658126,-0.23030584316915068,-1.3234958293987793,-0.20638633324900313
-1.2767772297189763,2,3,3,0.22639271922733997,0.1039653292920044,-0.5763124149270935,-0.8704704927942822,1.3491993309116617,1,-0.48013575169824046,0.30855390131854166,1,1,1.0,1.9570595794675738,3.0,-0.5919372390526296,0.24659693381635098,-0.954100700418639,0.572644098400494,1.1799063207007874,-0.15926324858647253,0.633531634736335,0.553449423759639
-1.5670342456154605,1,0,4,-1.1074309904180548,-1.3456704401191917,1.5127833782687947,0.88279428457523,-0.34034555706837244,0,-0.48013575169824046,0.896459281152263,0,0,0.0,-0.42535065589112697,2.0,-0.8687743878573088,-0.3999376176909644,-1.6181378390668149,1.1146102529597757,1.6633779198512249,1.1195034539017334,0.21416860670738222,-0.6899181786181388
-1.5670342456154605,0,1,2,-0.24600317793873713,-0.23473461683210678,1.3735103253890688,0.88279428457523,1.3836798388296216,1,-1.3711007031104538,0.30855390131854166,0,0,0.0,-0.42535065589112697,2.0,-1.3670812557057321,-1.2665690377965144,0.5717718734963186,-0.886495548489879,1.0417715780863765,0.33803491349227455,-0.9740266393746521,-0.06823437742924988
1.6257929292458633,0,0,4,1.2823364893632778,1.567149096548165,1.3735103253890688,0.88279428457523,-0.09898200164265329,1,0.4108291997139728,0.896459281152263,0,0,0.0,-0.42535065589112697,2.0,0.12783934783953724,0.9756678110480039,0.14791838074216404,1.281369069747247,-0.8921148185153751,1.0484608593190552,-1.1138143153843032,1.106057247038652
1.3355359133493794,1,4,1,0.9071985710255105,1.174257159044196,-1.2030411528858607,-0.8704704927942822,0.7975112042243035,0,0.4108291997139728,0.30855390131854166,0,0,0.0,-0.42535065589112697,2.0,-0.4812023795307577,1.2783010053705772,1.27819436141991,0.7394029151879654,0.5582999789359382,0.8353330755710208,-0.48476977334087296,-0.3445382890687564
-1.5670342456154605,2,2,2,1.5185344379463164,1.3368331331837693,0.18968937591139895,-0.8704704927942822,-0.030020985806733527,0,0.4108291997139728,-1.4551622381826224,0,0,0.0,-0.42535065589112697,2.0,-1.6992858342713475,1.6772265797048782,0.5152580744624313,-0.42790880232433304,-0.06330636282891022,-0.8696891944132532,-0.5546636113456985,0.48437344584976233
0.17450784976344344,0,3,2,1.365700471216115,1.4316691180985202,1.5824199047086578,-0.8704704927942822,-0.5127480966581719,1,-1.3711007031104538,-1.4551622381826224,0,0,0.0,-0.42535065589112697,2.0,-1.0210348196998829,-1.4729098521073598,0.7554417203564523,0.08626421610370281,0.6964347215503491,-0.08822065400379436,-0.6245574493505242,-0.7589941565280154
-0.4060061820295245,2,3,4,1.1572905165840217,1.0116811849046223,1.2342372725093433,0.88279428457523,-1.4092413025251287,1,1.3017941511261861,-0.867256858348901,0,0,0.0,-0.42535065589112697,2.0,-1.0210348196998829,0.6317664538632618,0.16204683050063556,-0.9837715249492376,1.387108434622403,-0.7986465998305751,-0.27508825932639697,-1.035298068167522
1.3355359133493794,2,1,0,-0.03759322330664434,0.1039653292920044,0.8860546403100283,0.88279428457523,-0.5472286045761318,0,-0.48013575169824046,0.896459281152263,0,0,0.0,-0.42535065589112697,2.0,1.428973947221531,0.8793754310362764,-1.0106144994525263,1.392541614272228,-0.4086432193649376,0.2669923189095964,1.1926823387749397,-1.1043740460773985
0.17450784976344344,1,4,4,0.3236506980556504,0.04977333791214657,-1.1334046264459976,-0.8704704927942822,0.6595891725524641,1,0.4108291997139728,0.30855390131854166,0,0,0.0,-0.42535065589112697,2.0,-0.7165139560147352,0.32913325954068917,-1.7170369873761175,-1.4701514072460284,0.8345694641647601,-0.6565614106652188,-0.5546636113456985,-1.035298068167522
1.6257929292458633,0,3,1,1.1850785105349673,1.3368331331837693,-0.22812978272777917,1.759426673259986,0.8319917121422635,1,0.4108291997139728,0.30855390131854166,0,0,0.0,-0.42535065589112697,2.0,-0.38430937744911947,-0.38618156340357446,-0.035751466117970226,-1.0254612291461052,1.3180410633151975,0.2669923189095964,-1.0439204773794777,1.0369812691287754
-0.9865202138224924,2,2,3,0.39312068293301444,0.659433240935547,0.9556911667498914,0.006161895890473879,1.4871213625835011,1,0.4108291997139728,1.4843646609859844,0,0,0.0,-0.42535065589112697,2.0,-0.8964581027377767,-0.014768097644052947,1.518378007313931,-0.14997744101188132,0.5582999789359382,0.6222052918229863,1.33247001478459,-1.587905891446534
-1.5670342456154605,0,0,1,1.4768524470198974,1.7161770728427737,-0.4370393620473682,-0.8704704927942822,0.5216671408806246,0,0.4108291997139728,-1.4551622381826224,0,0,0.0,-0.42535065589112697,2.0,-1.1594533941022225,-1.5279340692569185,-1.3920826429312654,1.5315072949284536,0.21296312239991164,1.0484608593190552,-0.5546636113456985,0.34622149003000985
-1.2767772297189763,1,3,3,1.2267605014613863,1.4045731224085913,-1.2030411528858607,1.759426673259986,1.314718822993702,1,0.4108291997139728,-0.867256858348901,0,0,0.0,-0.42535065589112697,2.0,1.5258669493031694,1.6084463082679294,1.6172771556232344,-1.5535308156397638,1.525243177236814,1.758886805145836,1.542151528799067,0.6225254016695156
0.17450784976344344,2,4,4,1.2406544984368588,0.9845851892146934,-0.7852219942466825,0.006161895890473879,-1.0989167312634898,0,-0.48013575169824046,0.896459281152263,0,0,0.0,-0.42535065589112697,2.0,-0.2597326604870139,-1.2665690377965144,1.6031487058647622,1.7260592478471701,-1.0993169324369914,1.2615886430670897,-0.34498209733122254,-0.413614266978633
0.17450784976344344,1,2,3,-0.6906110811538692,-0.6411745521810406,1.3038737989492057,-0.8704704927942822,-1.7195658737867676,1,-0.48013575169824046,-0.867256858348901,1,1,2.0,3.1482646971469244,0.0,0.6261462156879608,0.2878650966785198,0.13378993098369188,1.2952656378128695,-1.3755864176658126,-0.5855188160825406,0.14427476870255662,1.106057247038652
-0.11574916613304052,1,3,1,1.0461385407802386,1.092969171974409,-1.1334046264459976,0.88279428457523,1.1078357754859425,0,1.3017941511261861,-0.867256858348901,0,0,0.0,-0.42535065589112697,2.0,-1.505499830108072,-0.496229997702692,0.30333132808535396,0.2391264648255519,-0.3395758480577321,-0.30134843775182885,-0.9740266393746521,-0.1373103553391265
-0.6962631979260084,1,2,1,1.5185344379463164,1.5536010987032,0.7467815874303023,-0.8704704927942822,0.004459522111226352,1,1.3017941511261861,0.30855390131854166,1,0,2.0,1.9570595794675738,1.0,0.9721926516938103,-0.633790540576589,-0.12052216466880064,1.6704729755846797,0.6273673502431437,-1.224902167326644,-1.2536019913939545,-1.035298068167522
-1.2767772297189763,0,3,3,-0.4960951234972489,-0.41085858881664444,1.3735103253890688,-0.8704704927942822,1.3836798388296216,1,-0.48013575169824046,0.30855390131854166,0,0,0.0,-0.42535065589112697,2.0,1.1106112260961496,1.6222023625553195,-1.6040093893083431,-1.1505303417367088,-1.3755864176658126,0.6222052918229863,0.3539562827170334,-0.48269024488850887
1.0452788974528953,1,2,1,1.5185344379463164,1.7026290749978088,-1.0637681000061345,-0.8704704927942822,1.0388747596500227,1,0.4108291997139728,-1.4551622381826224,0,0,0.0,-0.42535065589112697,2.0,-1.2148208238631582,-0.4136936719783538,0.6000287730132623,-0.9003921165555019,-0.27050847675052664,0.19594972432691823,1.33247001478459,-0.6208422007082621
-0.4060061820295245,2,2,2,1.7269443925784091,1.6619850814629158,1.0949642196296174,-0.8704704927942822,-1.02995571542757,0,1.3017941511261861,1.4843646609859844,0,0,0.0,-0.42535065589112697,2.0,-1.3255556833850302,-1.239056929221735,1.193423662869079,0.3502990093505328,1.3180410633151975,0.9774182647363772,0.633531634736335,0.34622149003000985
0.4647648656599274,1,1,3,1.351806474240642,0.9845851892146934,-1.1334046264459976,-0.8704704927942822,0.10790104586510599,1,0.4108291997139728,0.30855390131854166,1,1,1.0,3.1482646971469244,3.0,1.207504228177788,0.8656193767488863,-0.23354976273657538,0.4336784177442679,0.6273673502431437,0.053864535161561936,-0.06540674531192016,0.48437344584976233
-0.6962631979260084,0,0,2,0.4903786617613243,0.40202128188122194,0.7467815874303023,-0.8704704927942822,1.6250433942553408,1,-0.48013575169824046,0.30855390131854166,0,0,0.0,-0.42535065589112697,2.0,-1.2286626813033923,1.2783010053705772,-0.8128162028339205,0.3641955774161551,0.14389575109270616,0.19594972432691823,0.7733193107459861,-0.413614266978633
0.17450784976344344,2,1,4,-1.4964629057312948,-1.6437263927084094,-0.9244950471264086,0.88279428457523,0.5906281567165443,0,-0.48013575169824046,-0.867256858348901,1,1,0.0,-0.42535065589112697,0.0,0.07247191807860127,0.1365484995172334,-0.9117153511432231,-1.4423582711147833,0.8345694641647601,0.9063756701536989,1.7518330428135438,1.3823611586781577
-1.5670342456154605,1,3,3,1.032244543804766,0.9303931978348355,-1.342314205765586,0.006161895890473879,-1.2713192708532892,1,0.4108291997139728,-0.867256858348901,0,0,0.0,-0.42535065589112697,2.0,-0.065946656323738,0.6730346167254313,-1.6322662888252868,0.1696436244974385,-0.6849127045937586,-0.7986465998305751,-0.4148759353360481,-1.7260578472662873
0.4647648656599274,0,1,1,1.0183505468292935,0.9981331870596581,-1.620860311525038,1.759426673259986,-0.13346250956061317,0,-0.48013575169824046,-0.867256858348901,0,0,0.0,-0.42535065589112697,2.0,-0.09363037120420598,-0.014768097644052947,1.038010715525889,-0.5112882107180687,-0.4086432193649376,0.9063756701536989,-1.4632835054084306,1.2442092028584053
1.3355359133493794,0,0,2,-0.009805229355698587,0.009129344377252888,-1.342314205765586,1.759426673259986,0.7630306963063437,1,1.3017941511261861,1.4843646609859844,1,1,2.0,1.9570595794675738,0.0,-0.30125823280771613,-1.197788766359566,0.9532400169750581,-1.2617028862616892,-1.0993169324369914,-1.0117743835786095,0.21416860670738222,0.9679052912188987
1.3355359133493794,0,4,4,-1.4547809148048763,-1.386314433654085,0.8164181138701654,0.88279428457523,0.10790104586510599,0,1.3017941511261861,0.896459281152263,1,0,0.0,-0.42535065589112697,1.0,1.5812343790641052,1.6909826339922676,1.038010715525889,-1.0393577972117278,-0.9611821898225805,-0.5855188160825406,-0.6245574493505242,1.5895890924077876
-0.9865202138224924,1,1,0,-1.0240670085652175,-0.749558534940756,-0.2977663091676422,-0.8704704927942822,-0.13346250956061317,1,-0.48013575169824046,-0.867256858348901,1,1,2.0,0.7658544617882235,1.0,0.543095071046557,0.9756678110480039,0.11966148122522034,0.6699200748598526,1.525243177236814,0.48012010265763005,-0.48476977334087296,-0.20638633324900313
0.4647648656599274,2,0,1,-1.2880529510992018,-1.1289024745997605,0.25932590235126196,-0.8704704927942822,-1.7195658737867676,1,-0.48013575169824046,-0.867256858348901,0,0,0.0,-0.42535065589112697,2.0,0.2662579222418771,-0.5925223777144202,1.0803960648013042,-1.0532543652773503,-0.1323737341361157,-1.7222003294053903,-0.06540674531192016,-1.5188299135366574
-1.5670342456154605,2,4,2,-0.4405191355953574,-0.27537861036700045,1.2342372725093433,1.759426673259986,0.6251086646345042,0,0.4108291997139728,0.896459281152263,0,0,0.0,-0.42535065589112697,2.0,0.23857420736140916,1.0857162453471214,0.8967262179411707,1.1007136848941528,1.3180410633151975,1.5457590213978016,-0.34498209733122254,0.20806953421025662
-0.9865202138224924,1,0,1,-1.0240670085652175,-1.2779304508943692,-0.9941315735662716,1.759426673259986,-1.1333972391814497,0,-0.48013575169824046,-1.4551622381826224,0,0,0.0,-0.42535065589112697,2.0,1.1106112260961496,0.9756678110480039,1.4618642082800437,0.933954868106682,-1.5137211602802234,1.1905460484844115,1.542151528799067,1.7277410482275408
0.17450784976344344,1,2,3,1.2962304863387504,1.0252291827495865,1.5824199047086578,0.006161895890473879,-1.2713192708532892,0,-0.48013575169824046,-0.867256858348901,0,0,0.0,-0.42535065589112697,2.0,1.3736065174605956,-1.679250666418205,1.5890202561062907,-0.05270146455252271,1.0417715780863765,-1.3669873564919994,-0.34498209733122254,-0.7589941565280154
1.3355359133493794,1,3,3,0.08745274947261122,0.23944530774164902,1.3735103253890688,-0.8704704927942822,-1.2023582550173695,1,-0.48013575169824046,-1.4551622381826224,0,0,0.0,-0.42535065589112697,2.0,0.3077834945625794,-0.8401313548874341,-0.8975869013847516,0.002884807709967748,0.5582999789359382,-1.3669873564919994,-1.1138143153843032,-0.8971461123477686
1.6257929292458633,2,1,0,-1.010173011589745,-0.6818185457159337,0.12005284947153592,-0.8704704927942822,1.6595239021733006,0,1.3017941511261861,0.30855390131854166,1,1,1.0,3.1482646971469244,3.0,-0.3427838051284178,-1.2528129835091246,0.6141572227717345,1.7538523839784155,-0.3395758480577321,0.4090775080749527,1.6120453668038925,1.1751332249485287
0.4647648656599274,0,1,4,0.8099405921972,1.0523251784395153,0.050416323031672906,-0.8704704927942822,-0.6506701283300114,1,0.4108291997139728,0.896459281152263,1,0,1.0,3.1482646971469244,2.0,0.6953555028891305,-0.15232864051794992,0.06314768219133299,-1.1783234778679537,-1.2374516750514024,0.2669923189095964,1.681939204808718,-1.3806779577169042
0.7550218815564114,0,4,3,1.2684424923878046,1.5265051030132712,1.3038737989492057,1.759426673259986,1.6940044100912606,1,0.4108291997139728,-0.27935147851517966,1,1,2.0,3.1482646971469244,3.0,0.8752996496121721,1.4158615482444736,1.1227814140767203,-0.8170127081617662,-0.5467779619793477,-0.017178059421116217,-1.6729650194229073,1.3823611586781577
-0.11574916613304052,1,1,3,0.22639271922733997,0.21234931205172008,0.5378720081107132,-0.8704704927942822,0.07342053794714612,0,-1.3711007031104538,-0.27935147851517966,0,0,0.0,-0.42535065589112697,2.0,-0.5365698092916936,0.5904982910010931,1.5466349068308747,-0.011011760355655176,-0.1323737341361157,0.5511626972403082,-1.3933896674036048,-0.828070134437892
-0.11574916613304052,0,3,3,-1.2324769631973103,-1.169546468134654,-1.620860311525038,0.006161895890473879,0.9354332358961431,0,-0.48013575169824046,0.896459281152263,0,0,0.0,-0.42535065589112697,2.0,1.1798205132973199,-0.7163268663009271,1.4759926580385159,0.22522989675992897,0.6964347215503491,0.33803491349227455,-1.3234958293987793,1.5895890924077876
0.7550218815564114,0,1,2,-0.857339044859543,-1.0476144875299738,0.398598955230988,0.88279428457523,1.4526408546655414,0,-0.48013575169824046,-0.27935147851517966,0,0,0.0,-0.42535065589112697,2.0,1.456657662101999,-1.5967143406938669,1.2075521126275512,-0.886495548489879,1.1799063207007874,-1.295944761909322,0.2840624447122078,1.313285180768281
-0.9865202138224924,0,2,1,0.07355875249713865,-0.09925463838246219,-0.5763124149270935,0.88279428457523,1.1767967913218622,1,1.3017941511261861,1.4843646609859844,0,0,0.0,-0.42535065589112697,2.0,-1.5608672598690077,-0.8676434634622135,-1.3073119443804344,0.2391264648255519,-1.0993169324369914,-1.6511577348227122,-1.6030711814180816,1.1751332249485287
-0.11574916613304052,1,0,2,-1.663190869436969,-1.7250143797781963,-0.9941315735662716,-0.8704704927942822,-0.4437870808222521,1,0.4108291997139728,-0.867256858348901,0,0,0.0,-0.42535065589112697,2.0,-1.0902441069010527,0.6180103995758724,0.8825977681826992,-0.20556371327437178,1.2489736920079928,-1.224902167326644,-0.7643451253601753,-1.3806779577169042
-0.4060061820295245,0,2,3,0.8377285861481458,1.1471611633542669,1.5824199047086578,-0.8704704927942822,0.6940696804704239,0,-1.3711007031104538,-0.27935147851517966,0,0,0.0,-0.42535065589112697,2.0,0.7091973603293642,-1.417885634957801,-1.4062110926897373,0.7949891874504559,-1.444653788973018,1.4747164268151234,0.8432131487508118,-0.5517662227983855
0.7550218815564114,2,1,0,-0.5238831174481946,-0.35666659743678664,0.25932590235126196,-0.8704704927942822,1.3491993309116617,0,1.3017941511261861,0.30855390131854166,1,0,0.0,-0.42535065589112697,3.0,-0.17668151584560993,-0.9501797891865517,0.4870011749454876,0.683816642925475,0.6273673502431437,-1.7222003294053903,1.4023638527894158,-0.5517662227983855
-0.6962631979260084,1,4,1,0.8933045740500373,0.7678172236952621,-0.3674028356075052,-0.8704704927942822,0.34926460129082515,1,-0.48013575169824046,-0.867256858348901,0,0,0.0,-0.42535065589112697,2.0,-0.35662566256865147,-1.3628614178082423,1.1369098638351918,0.22522989675992897,0.6964347215503491,0.6222052918229863,1.1926823387749397,-1.2425260018971518
-1.5670342456154605,2,2,4,-1.385310929927512,-1.0611624853749382,0.328962428791125,-0.8704704927942822,-1.2368387629353292,0,-1.3711007031104538,-0.27935147851517966,1,1,0.0,-0.42535065589112697,0.0,-0.2597326604870139,1.4296176025318637,-0.06400836563491329,-0.30283968973372977,0.9036368354719655,-1.5090725456573557,-1.4632835054084306,0.553449423759639
0.17450784976344344,1,1,4,-1.0518550025161633,-0.7360105370957915,-1.690496837964901,0.88279428457523,0.8664722200602234,1,-0.48013575169824046,0.896459281152263,0,0,0.0,-0.42535065589112697,2.0,1.4981832344227013,0.8105951595993276,0.6282856725302061,-0.5251847787836916,-1.3755864176658126,0.2669923189095964,0.2840624447122078,1.5895890924077876
1.0452788974528953,0,0,0,-1.2324769631973103,-1.413410429344014,-0.7852219942466825,0.88279428457523,1.1078357754859425,1,-0.48013575169824046,0.30855390131854166,1,0,2.0,1.9570595794675738,3.0,-0.024421084003036338,0.04025611950550523,-1.2366696955880756,-0.08049460068376794,0.35109786501432255,-0.08822065400379436,-0.06540674531192016,-1.4497539356267808
1.0452788974528953,2,4,2,-0.6350350932519776,-0.5598865651112538,0.328962428791125,0.88279428457523,0.2803035854549054,0,-0.48013575169824046,-0.867256858348901,1,1,1.0,0.7658544617882235,0.0,-1.2563463961838601,-1.6379825035560358,-1.279055044863491,0.4892646900067584,-1.444653788973018,-1.1538595727439658,-0.5546636113456985,-1.4497539356267808
0.17450784976344344,2,4,2,0.5876366405896347,0.45621327326107974,-0.8548585206865456,0.88279428457523,1.5905628863373809,1,0.4108291997139728,1.4843646609859844,0,0,0.0,-0.42535065589112697,2.0,1.207504228177788,-0.028524151931442948,1.0945245145597764,-0.27504655360248453,1.6633779198512249,0.9774182647363772,1.6120453668038925,0.06991757839050336
-0.6962631979260084,1,4,2,0.1569227343499759,-0.11280263622742695,-0.7155854678068195,-0.8704704927942822,0.14238155378306588,0,-1.3711007031104538,1.4843646609859844,0,0,0.0,-0.42535065589112697,2.0,0.10015563295906926,-0.771351083450486,1.235809012144495,0.41978184967864557,-1.7209232742018399,1.0484608593190552,-0.5546636113456985,-0.6208422007082621
-0.6962631979260084,0,2,2,-0.6211410962765045,-0.6411745521810406,-1.1334046264459976,-0.8704704927942822,1.4871213625835011,0,-0.48013575169824046,0.30855390131854166,0,0,0.0,-0.42535065589112697,2.0,-0.14899780096514192,0.851863322461497,-0.8269446525923921,-1.623013655967877,0.14389575109270616,1.6168016159804797,-0.34498209733122254,-0.27546231115887976
0.4647648656599274,0,2,1,0.6710006224424719,0.5104052646409376,0.18968937591139895,-0.8704704927942822,-1.4437218104430887,0,-0.48013575169824046,1.4843646609859844,0,0,0.0,-0.42535065589112697,2.0,-0.4535186646502897,1.1269844082092904,-1.2649265951050193,-0.4973916426524464,0.7655020928575547,-1.7222003294053903,-0.7643451253601753,0.48437344584976233
-0.9865202138224924,2,3,0,-1.3575229359765661,-1.5353424099486936,0.328962428791125,0.006161895890473879,-0.9265141916736904,0,-0.48013575169824046,-1.4551622381826224,0,0,0.0,-0.42535065589112697,2.0,-1.5747091173092416,0.851863322461497,-1.5616240400329275,-0.06659803261814563,-1.0993169324369914,-1.295944761909322,-1.3234958293987793,-0.1373103553391265
-0.6962631979260084,0,3,2,0.5876366405896347,0.42911727757115087,0.6771450609904393,-0.8704704927942822,-1.2368387629353292,1,-1.3711007031104538,0.30855390131854166,1,1,2.0,1.9570595794675738,3.0,0.8891415070524064,0.06776822808028461,-0.8128162028339205,-0.8309092762273885,0.9036368354719655,-1.3669873564919994,-0.48476977334087296,-1.1734500239872752
-0.11574916613304052,0,4,4,-1.2185829662218377,-1.4405064250339428,0.8164181138701654,1.759426673259986,-0.8575531758377707,1,0.4108291997139728,-1.4551622381826224,1,0,0.0,-0.42535065589112697,1.0,0.0447882031981333,0.4666938024145855,0.5152580744624313,-0.6919435955711624,-1.2374516750514024,-1.224902167326644,0.4937439587266838,1.313285180768281
0.4647648656599274,0,1,2,-1.385310929927512,-1.5217944121037297,-0.6459489413669565,-0.8704704927942822,1.1078357754859425,1,0.4108291997139728,-0.867256858348901,0,0,0.0,-0.42535065589112697,2.0,1.2490298004984894,-1.6654946121308152,-1.434467992206681,-1.3728754307866702,0.7655020928575547,-1.580115140240034,0.004487092692905432,-0.06823437742924988
1.3355359133493794,0,3,2,-1.7048728603633878,-1.5488904077936583,-1.2726776793257237,0.006161895890473879,-0.5127480966581719,1,0.4108291997139728,1.4843646609859844,0,0,0.0,-0.42535065589112697,2.0,1.096769368655916,1.4846418196814224,1.27819436141991,-0.5807710510461821,0.2820304937071171,-1.5090725456573557,-0.8342389633650009,-1.3806779577169042
1.3355359133493794,1,0,2,1.657474407701045,1.7161770728427737,-0.15849325628791613,0.006161895890473879,-0.5472286045761318,0,0.4108291997139728,0.30855390131854166,0,0,0.0,-0.42535065589112697,2.0,-0.7026720985745009,0.4391816938398061,-0.3324489110458786,-1.4840479753116511,-0.06330636282891022,1.1195034539017334,-1.3933896674036048,-1.5188299135366574
-1.5670342456154605,1,3,0,0.39312068293301444,0.5645972560207955,0.12005284947153592,-0.8704704927942822,-1.340280286689209,0,-0.48013575169824046,-0.867256858348901,0,0,0.0,-0.42535065589112697,2.0,-0.49504423697099137,-0.8401313548874341,-0.869330001867808,-0.2889431216681075,0.6964347215503491,-1.6511577348227122,1.6120453668038925,-1.587905891446534
0.7550218815564114,1,0,3,1.2823364893632778,1.3368331331837693,-1.342314205765586,1.759426673259986,-1.6506048579508479,1,1.3017941511261861,-1.4551622381826224,0,0,0.0,-0.42535065589112697,2.0,1.2351879430582557,0.1778166623794022,-0.36070581056282225,1.2257827974847566,1.6633779198512249,0.48012010265763005,1.33247001478459,0.34622149003000985
-1.2767772297189763,2,4,0,-1.7187668573388606,-1.332122442274227,-1.411950732205449,-0.8704704927942822,-1.02995571542757,1,0.4108291997139728,-0.27935147851517966,0,0,0.0,-0.42535065589112697,2.0,-0.6334628113733313,-0.5237421062774714,0.8825977681826992,0.33640244128490987,-1.2374516750514024,1.1905460484844115,1.33247001478459,-0.1373103553391265
-0.6962631979260084,1,1,0,1.3379124772651694,1.0658731762844802,-0.22812978272777917,-0.8704704927942822,0.7285501883883838,1,1.3017941511261861,-0.867256858348901,0,0,0.0,-0.42535065589112697,2.0,0.6123043582477266,-1.115252440635228,-0.00749456660102654,-0.2194602813399941,1.387108434622403,-0.30134843775182885,0.14427476870255662,1.5895890924077876
0.4647648656599274,2,3,0,-0.74618706905576,-0.9256825069252936,-0.7852219942466825,0.88279428457523,-0.8920336837557306,1,1.3017941511261861,-0.27935147851517966,0,0,0.0,-0.42535065589112697,2.0,0.14168120527977154,0.7555709424497689,-1.0247429492109978,-1.1088406375398407,1.1799063207007874,-0.5144762214998625,-0.13530058331674574,-1.6569818693564107
1.6257929292458633,0,4,4,-0.2737911718896829,-0.04506264700260435,-0.5066758884872304,-0.8704704927942822,-1.2713192708532892,1,0.4108291997139728,-0.27935147851517966,0,0,0.0,-0.42535065589112697,2.0,1.0275600814547463,0.23284087952896096,1.3347081604537976,0.5170578261380036,0.6273673502431437,0.5511626972403082,-0.20519442132157134,0.6225254016695156
-1.5670342456154605,1,4,3,1.6435804107255718,1.4723131116334134,1.1646007460694805,1.759426673259986,-0.13346250956061317,1,0.4108291997139728,-0.867256858348901,0,0,0.0,-0.42535065589112697,2.0,-1.0902441069010527,-1.4729098521073598,-1.0247429492109978,0.15574705643181622,0.6964347215503491,0.9774182647363772,-1.6030711814180816,-0.27546231115887976
0.7550218815564114,1,0,4,-1.4547809148048763,-1.1966424638245825,-0.08885672984805312,0.88279428457523,1.004394251732063,0,0.4108291997139728,1.4843646609859844,0,0,0.0,-0.42535065589112697,2.0,-1.0210348196998829,-0.8951555720369929,-1.0106144994525263,-0.3167362577993521,0.5582999789359382,-0.23030584316915068,0.9830008247604629,0.7606773574892688
-0.6962631979260084,1,4,0,1.5046404409708432,1.3232851353388047,-1.620860311525038,0.88279428457523,-0.16794301747857304,1,-0.48013575169824046,0.896459281152263,0,0,0.0,-0.42535065589112697,2.0,0.2939416371223451,1.6772265797048782,1.3205797106953259,-0.26114998553686225,-0.4086432193649376,-0.7276040052478969,-1.183708153389129,-1.2425260018971518
-0.4060061820295245,1,0,1,0.8238345891726733,0.8491052107650487,1.3038737989492057,-0.8704704927942822,-1.5471633341969682,0,0.4108291997139728,1.4843646609859844,0,0,0.0,-0.42535065589112697,2.0,1.691969238585977,-0.4412057805531332,-0.2052928632196317,-0.5668744829805592,-1.0993169324369914,-1.295944761909322,1.542151528799067,1.6586650703176642
0.4647648656599274,2,1,2,0.29586270410470467,0.14460932282689748,-0.2977663091676422,0.88279428457523,1.6940044100912606,0,0.4108291997139728,-0.867256858348901,0,0,0.0,-0.42535065589112697,2.0,-0.14899780096514192,-0.7851071377378753,-0.5726325569398996,-1.3589788627210475,-0.27050847675052664,1.687844210563158,-0.6245574493505242,1.313285180768281
1.0452788974528953,1,4,2,-1.6076148815350775,-1.779206371158054,0.328962428791125,0.006161895890473879,0.10790104586510599,1,-1.3711007031104538,-0.27935147851517966,0,0,0.0,-0.42535065589112697,2.0,1.691969238585977,0.9206435938984452,1.5890202561062907,1.0173342765004176,1.3180410633151975,0.6932478864056645,0.9131069867556374,0.06991757839050336
1.0452788974528953,1,4,3,1.1156085256576034,0.8626532086100136,0.6075085345505763,0.006161895890473879,-0.47826758874021197,1,-0.48013575169824046,-1.4551622381826224,0,0,0.0,-0.42535065589112697,2.0,0.5569369284867906,0.1778166623794022,-1.0812567482448852,-0.5112882107180687,0.35109786501432255,1.4747164268151234,1.4722576907942413,-0.7589941565280154
-0.9865202138224924,0,4,2,-0.6906110811538692,-0.3295706017468583,1.1646007460694805,0.006161895890473879,0.6940696804704239,0,-1.3711007031104538,0.896459281152263,0,0,0.0,-0.42535065589112697,2.0,0.10015563295906926,1.4708857653940324,-1.7029085376176456,0.9895411403691725,-1.5137211602802234,-1.6511577348227122,-0.27508825932639697,-1.5188299135366574
-0.11574916613304052,1,0,0,-1.0240670085652175,-0.8308465220105428,-0.22812978272777917,-0.8704704927942822,-0.40930657290429223,0,-0.48013575169824046,0.30855390131854166,0,0,0.0,-0.42535065589112697,2.0,-1.339397540825264,0.37040142240285795,-0.24767821249504754,-1.4979445433772738,0.14389575109270616,-1.5090725456573557,1.1227885007701142,0.48437344584976233
0.17450784976344344,1,1,3,1.5602164288727347,1.4994091073233422,0.6075085345505763,1.759426673259986,1.3491993309116617,1,0.4108291997139728,0.896459281152263,0,0,0.0,-0.42535065589112697,2.0,-1.6992858342713475,-0.5374981605648614,-0.10639371491032912,-1.0532543652773503,0.00576100847829524,-0.5855188160825406,-0.13530058331674574,-0.5517662227983855
0.7550218815564114,0,0,3,-0.5238831174481946,-0.6547225500260048,-0.22812978272777917,-0.8704704927942822,-0.8920336837557306,0,-0.48013575169824046,-0.27935147851517966,0,0,0.0,-0.42535065589112697,2.0,-0.2597326604870139,-1.2253008749343453,1.1227814140767203,-0.48349507458682345,-0.3395758480577321,1.4036738322324451,0.004487092692905432,0.13899355630038
-1.5670342456154605,0,3,3,-1.1630069783199461,-1.115354476754796,1.6520564311485209,0.006161895890473879,1.1767967913218622,0,-0.48013575169824046,0.896459281152263,0,0,0.0,-0.42535065589112697,2.0,-1.3255556833850302,0.8243512138867176,0.9108546676996429,1.6704729755846797,0.972704206779171,-0.9407317889959314,-1.6030711814180816,1.6586650703176642
-0.4060061820295245,0,4,2,1.212866504485913,1.1065171698193732,1.4431468518289317,1.759426673259986,-0.9954752075096102,0,-1.3711007031104538,-0.27935147851517966,0,0,0.0,-0.42535065589112697,2.0,1.7058110960262107,-1.417885634957801,1.235809012144495,-0.330632825864975,0.0748283797855007,1.4747164268151234,1.681939204808718,-0.828070134437892
-0.4060061820295245,1,3,4,-1.4686749117803493,-1.4676024207238718,-1.690496837964901,0.006161895890473879,-0.9609946995916503,1,-1.3711007031104538,-0.27935147851517966,0,0,0.0,-0.42535065589112697,2.0,1.428973947221531,0.7418148881623794,-1.448596441965153,-0.8587024123586338,-1.0993169324369914,-0.5144762214998625,-0.9041328013698265,-0.8971461123477686
1.3355359133493794,1,0,2,0.740470607319836,0.794913219385191,0.8860546403100283,1.759426673259986,1.6940044100912606,0,1.3017941511261861,-0.867256858348901,1,1,2.0,3.1482646971469244,2.0,1.401290232341063,-1.5554461778316977,0.0348907826743893,-1.5813239517710092,-0.1323737341361157,1.332631237649767,-0.48476977334087296,1.520513114497911
0.7550218815564114,2,0,3,1.1850785105349673,1.3774771267186625,-1.5512237850851749,0.006161895890473879,0.5216671408806246,0,-0.48013575169824046,0.30855390131854166,0,0,0.0,-0.42535065589112697,2.0,-0.010579226562802042,-0.09730442336839112,1.5607633565893468,-0.19166714520874886,0.972704206779171,1.5457590213978016,1.33247001478459,-1.035298068167522
-0.4060061820295245,1,4,1,-0.2598971749142103,-0.2618306125220357,0.25932590235126196,0.006161895890473879,-1.374760794607169,1,-1.3711007031104538,0.30855390131854166,0,0,0.0,-0.42535065589112697,2.0,-0.2043652307260779,-1.2253008749343453,0.4446158256700724,0.9895411403691725,0.4892326076287327,0.2669923189095964,-0.9740266393746521,0.48437344584976233
0.7550218815564114,2,4,3,1.4490644530689516,1.3097371374938405,-0.7852219942466825,1.759426673259986,-0.09898200164265329,1,-0.48013575169824046,-0.867256858348901,0,0,0.0,-0.42535065589112697,2.0,-0.5088860944112257,0.08152428236767462,0.30333132808535396,0.28081616902241946,0.5582999789359382,-0.7276040052478969,-1.3234958293987793,0.898829313309022
1.6257929292458633,1,4,0,-0.857339044859543,-0.7631065327857204,-0.019220203408190112,1.759426673259986,1.280238315075742,1,1.3017941511261861,0.896459281152263,0,0,0.0,-0.42535065589112697,2.0,1.207504228177788,0.8931314853236658,0.30333132808535396,-0.48349507458682345,-1.0993169324369914,-0.5855188160825406,0.633531634736335,-0.828070134437892
0.7550218815564114,0,4,3,-0.3154731628161018,-0.08570664053749803,1.5127833782687947,0.006161895890473879,-0.754111652083891,0,0.4108291997139728,0.30855390131854166,0,0,0.0,-0.42535065589112697,2.0,-0.23204894560654588,-1.2253008749343453,-1.2225412458296037,-1.1227372056054634,-1.2374516750514024,-1.1538595727439658,-1.0439204773794777,-1.3116019798070275
0.17450784976344344,0,4,2,-0.28768516886515605,-0.4650505801965023,-0.5066758884872304,1.759426673259986,0.21134256961898562,1,-0.48013575169824046,-0.867256858348901,1,0,1.0,0.7658544617882235,0.0,1.207504228177788,0.31537720525329915,1.4759926580385159,1.35085191007536,0.6273673502431437,0.5511626972403082,-0.9740266393746521,-1.3116019798070275
0.4647648656599274,1,4,4,1.6991563986274634,1.8923010448273112,-0.8548585206865456,-0.8704704927942822,1.5216018705014611,1,0.4108291997139728,1.4843646609859844,0,0,0.0,-0.42535065589112697,2.0,1.608918093944573,0.2741090423911304,0.0348907826743893,-1.6647033601647447,-0.06330636282891022,1.1905460484844115,-0.9740266393746521,-0.48269024488850887
1.3355359133493794,1,2,0,1.6435804107255718,1.905849042672276,1.3735103253890688,0.88279428457523,-0.754111652083891,1,1.3017941511261861,0.896459281152263,1,1,2.0,1.9570595794675738,0.0,-0.4535186646502897,1.333325222520136,-0.177035963702688,0.10016078416932575,-0.5467779619793477,-0.7986465998305751,0.5636377967315094,-1.3116019798070275
1.6257929292458633,2,4,1,0.5737426436141615,0.5104052646409376,-0.6459489413669565,0.006161895890473879,-1.3057997787712492,1,0.4108291997139728,-0.867256858348901,1,1,0.0,-0.42535065589112697,2.0,-0.6473046688135655,-0.8813995177496035,0.8402124189072834,-1.6369102240334996,-0.8230474472081696,-0.44343362691718513,1.33247001478459,1.5895890924077876
-0.4060061820295245,1,1,4,1.3101244833142236,1.2013531547341247,1.0949642196296174,0.88279428457523,-0.6506701283300114,0,0.4108291997139728,-1.4551622381826224,0,0,0.0,-0.42535065589112697,2.0,-0.4396768072100554,0.6730346167254313,-0.1346506144272728,1.2118862294191337,0.6273673502431437,0.6222052918229863,-0.9740266393746521,1.6586650703176642
1.0452788974528953,1,3,1,-0.6906110811538692,-0.9934224961501159,-0.7852219942466825,1.759426673259986,0.7975112042243035,0,0.4108291997139728,-1.4551622381826224,0,0,0.0,-0.42535065589112697,2.0,0.1832067776004732,0.5079619652767549,-0.43134805935518117,0.044574511906835285,1.3180410633151975,-1.4380299510746777,1.0528946627652886,-1.1043740460773985
1.0452788974528953,0,0,4,0.18471072830092164,-0.0044186534677112714,-1.342314205765586,-0.8704704927942822,0.8319917121422635,0,-0.48013575169824046,-1.4551622381826224,0,0,0.0,-0.42535065589112697,2.0,-0.6611465262537992,0.2053287709541816,1.4759926580385159,-0.6363573233086726,-1.582788531587429,0.6222052918229863,0.9830008247604629,1.5895890924077876
-0.9865202138224924,0,4,3,-0.3849431476934659,-0.6005305586461469,1.0253276931897544,0.88279428457523,0.7285501883883838,0,-1.3711007031104538,0.30855390131854166,0,0,0.0,-0.42535065589112697,2.0,-0.3981512348893537,-1.0189600606235005,0.4587442754285439,1.7677489520440384,-1.6518559028946345,0.12490712974424009,0.2840624447122078,1.4514371365880343
-1.5670342456154605,0,3,0,-0.39883714466893844,-0.22118661898714262,-0.3674028356075052,0.006161895890473879,0.5561476487985845,0,-0.48013575169824046,-0.27935147851517966,0,0,0.0,-0.42535065589112697,2.0,-1.547025402428774,0.1778166623794022,-0.7280455042830896,0.15574705643181622,-1.2374516750514024,1.5457590213978016,1.4023638527894158,-1.1043740460773985
0.17450784976344344,0,4,4,-0.35715515374252016,-0.6682705478709695,-0.5763124149270935,-0.8704704927942822,-1.2023582550173695,1,-1.3711007031104538,0.896459281152263,1,1,2.0,0.7658544617882235,2.0,0.6953555028891305,-1.197788766359566,-1.434467992206681,0.1696436244974385,0.21296312239991164,-1.4380299510746777,1.6120453668038925,0.2771455121201332
0.17450784976344344,2,0,4,-0.6628230872029234,-0.8443945198555072,0.050416323031672906,1.759426673259986,-1.1333972391814497,0,-0.48013575169824046,-0.867256858348901,1,1,1.0,3.1482646971469244,1.0,1.3597646600203614,0.31537720525329915,1.023882265767417,-0.20556371327437178,-1.3065190463586072,-0.23030584316915068,-0.13530058331674574,0.20806953421025662
0.4647648656599274,2,2,2,0.3097567010801772,0.374925286191293,-0.019220203408190112,0.006161895890473879,0.2803035854549054,1,1.3017941511261861,1.4843646609859844,0,0,0.0,-0.42535065589112697,2.0,-1.2425045387436262,1.1269844082092904,0.868469318424227,0.030677943841212977,-0.7539800759009642,0.6222052918229863,-1.6030711814180816,0.20806953421025662
-0.11574916613304052,2,2,1,1.4768524470198974,1.5400531008582359,-0.15849325628791613,0.88279428457523,0.5216671408806246,0,1.3017941511261861,0.896459281152263,0,0,0.0,-0.42535065589112697,2.0,1.2767135153789575,-0.09730442336839112,0.006633883157445615,1.2118862294191337,0.8345694641647601,-0.8696891944132532,-1.6729650194229073,-0.06823437742924988
-0.6962631979260084,1,2,2,1.5880044228236805,1.2419971482690177,0.398598955230988,-0.8704704927942822,-0.9265141916736904,0,0.4108291997139728,-0.867256858348901,1,1,0.0,-0.42535065589112697,3.0,0.9583507942535759,0.8243512138867176,0.09140458170827666,-1.3867719988522929,1.4561758059296086,-0.15926324858647253,-0.48476977334087296,0.4152974679398865
0.17450784976344344,1,2,1,-1.0935369934425818,-1.0882584810648672,-0.9941315735662716,-0.8704704927942822,-1.5126828262790084,0,0.4108291997139728,-0.867256858348901,0,0,0.0,-0.42535065589112697,2.0,0.8060903624110024,1.5946902539805399,1.038010715525889,1.5731969991253216,-1.2374516750514024,-1.5090725456573557,0.21416860670738222,-0.6899181786181388
-0.4060061820295245,0,2,2,-1.2880529510992018,-1.142450472444725,0.6075085345505763,1.759426673259986,-1.2713192708532892,1,0.4108291997139728,-0.867256858348901,0,0,0.0,-0.42535065589112697,2.0,1.719652953466445,-0.38618156340357446,1.3770935097292127,-0.6780470275055401,0.9036368354719655,-1.0117743835786095,0.004487092692905432,1.106057247038652
1.6257929292458633,0,1,0,-0.6767170841783959,-0.505694573731396,-0.3674028356075052,0.006161895890473879,-0.8575531758377707,0,1.3017941511261861,-0.867256858348901,0,0,0.0,-0.42535065589112697,2.0,1.3597646600203614,-0.7025708120135371,1.4759926580385159,-0.1221843048806361,0.5582999789359382,-0.8696891944132532,-0.27508825932639697,0.6916013795793922
1.3355359133493794,2,0,0,1.4907464439953706,1.2961891396488756,0.18968937591139895,-0.8704704927942822,0.17686206170102575,1,-1.3711007031104538,0.30855390131854166,0,0,0.0,-0.42535065589112697,2.0,-0.8687743878573088,-0.35866945482879503,0.6000287730132623,1.4064381823378502,-0.6158453332865532,-1.0117743835786095,0.3539562827170334,-1.5188299135366574
0.7550218815564114,2,1,0,0.7821525982462543,0.6052412495556891,-1.0637681000061345,1.759426673259986,0.10790104586510599,1,-1.3711007031104538,0.896459281152263,1,1,2.0,1.9570595794675738,3.0,0.6399880731281945,0.30162115096590975,1.1651667633521354,-0.7058401636367854,0.2820304937071171,-1.3669873564919994,0.7034254727411606,0.8297533353991454
-1.5670342456154605,0,4,3,-0.30157916584062866,-0.03151464915764019,-0.2977663091676422,-0.8704704927942822,-1.02995571542757,0,-1.3711007031104538,0.30855390131854166,0,0,0.0,-0.42535065589112697,2.0,0.8337740772914704,0.9481557024732246,0.33158822760229767,-1.6091170879022543,1.525243177236814,0.6222052918229863,-1.6030711814180816,1.106057247038652
0.7550218815564114,2,2,2,-0.7739750630067057,-0.4650505801965023,1.5127833782687947,-0.8704704927942822,0.969913743814103,0,1.3017941511261861,0.30855390131854166,1,0,2.0,1.9570595794675738,0.0,1.5535506641836372,1.443373656819253,0.6000287730132623,-0.06659803261814563,-1.3755864176658126,1.0484608593190552,-1.4632835054084306,-1.5188299135366574
-1.2767772297189763,0,4,0,-1.190794972270892,-0.8172985241655782,-0.2977663091676422,0.006161895890473879,0.3147840933728653,1,-0.48013575169824046,0.30855390131854166,1,0,0.0,-0.42535065589112697,3.0,-1.0625603920205846,0.5217180195641443,-1.7170369873761175,-0.6780470275055401,0.14389575109270616,-0.7986465998305751,0.21416860670738222,-1.3116019798070275
1.0452788974528953,0,2,1,0.14302873737450272,-0.01796665131267543,0.328962428791125,-0.8704704927942822,1.1423162834039025,1,-1.3711007031104538,0.896459281152263,0,0,0.0,-0.42535065589112697,2.0,0.5846206433672586,-0.6062784320018095,-0.02162301635949807,0.6421269387286074,0.2820304937071171,0.2669923189095964,-1.533177343413256,-0.8971461123477686
-0.6962631979260084,1,3,0,-0.8295510509085973,-1.1018064789098316,-0.15849325628791613,1.759426673259986,1.004394251732063,1,-0.48013575169824046,0.896459281152263,0,0,0.0,-0.42535065589112697,2.0,0.017104488317665322,0.2053287709541816,-0.629146355973787,-1.4423582711147833,1.525243177236814,0.9774182647363772,1.1926823387749397,-0.48269024488850887
1.6257929292458633,0,3,2,-0.9129150327614345,-0.6953665435608981,1.5824199047086578,1.759426673259986,-1.06443622334553,0,-1.3711007031104538,-1.4551622381826224,0,0,0.0,-0.42535065589112697,2.0,0.0447882031981333,0.4391816938398061,-0.3324489110458786,-0.23335684940561702,-1.582788531587429,-0.23030584316915068,0.633531634736335,-0.27546231115887976
-0.11574916613304052,1,2,0,0.740470607319836,0.46976127110604454,1.1646007460694805,1.759426673259986,0.8664722200602234,0,-0.48013575169824046,0.30855390131854166,0,0,0.0,-0.42535065589112697,2.0,0.12783934783953724,-0.3449134005414057,1.5042495575554595,0.41978184967864557,-1.168384303744197,-0.017178059421116217,1.2625761767797654,0.6225254016695156
1.0452788974528953,0,0,2,0.3514386920065955,0.009129344377252888,-0.019220203408190112,0.88279428457523,-1.4782023183610484,0,-0.48013575169824046,-0.867256858348901,0,0,0.0,-0.42535065589112697,2.0,1.3459228025801278,0.4666938024145855,1.193423662869079,-0.44180537038995593,-1.2374516750514024,-0.5855188160825406,-0.13530058331674574,0.13899355630038
1.3355359133493794,0,3,1,0.1569227343499759,-0.07215864269253328,-1.1334046264459976,-0.8704704927942822,-0.9265141916736904,1,1.3017941511261861,-1.4551622381826224,0,0,0.0,-0.42535065589112697,2.0,0.2939416371223451,-0.06979231479361173,0.11966148122522034,-0.9976680930148599,0.14389575109270616,1.758886805145836,0.21416860670738222,-1.587905891446534
1.0452788974528953,0,0,2,0.629318631516053,0.7813652215402268,-0.019220203408190112,0.88279428457523,-1.2023582550173695,1,1.3017941511261861,0.30855390131854166,0,0,0.0,-0.42535065589112697,2.0,-0.2043652307260779,0.838107268174107,0.11966148122522034,-0.8031161400961433,0.6273673502431437,1.6168016159804797,0.9131069867556374,0.34622149003000985
-0.6962631979260084,0,4,3,1.6713684046765176,1.6619850814629158,1.2342372725093433,-0.8704704927942822,-0.9265141916736904,1,-1.3711007031104538,-0.27935147851517966,0,0,0.0,-0.42535065589112697,2.0,0.47388578384538665,1.3883494396696943,0.6424141222886782,-0.4001156661930878,-1.0993169324369914,1.4747164268151234,-1.3933896674036048,0.13899355630038
-1.5670342456154605,0,4,3,-0.6906110811538692,-0.7766545306306849,-0.08885672984805312,-0.8704704927942822,0.6251086646345042,1,-1.3711007031104538,0.896459281152263,0,0,0.0,-0.42535065589112697,2.0,0.6123043582477266,0.7830830510245482,0.6000287730132623,1.4481278865347178,-0.8921148185153751,-1.5090725456573557,-1.533177343413256,1.313285180768281
-0.9865202138224924,1,4,1,0.11524074342355697,0.4426652754161156,-1.2030411528858607,0.88279428457523,-1.6506048579508479,0,0.4108291997139728,0.896459281152263,0,0,0.0,-0.42535065589112697,2.0,-1.505499830108072,-0.11106047765578113,0.5293865242209035,0.9617480042379273,-0.1323737341361157,0.48012010265763005,0.14427476870255662,-1.5188299135366574
-0.9865202138224924,0,0,1,-0.1070632081840084,-0.2618306125220357,-1.2726776793257237,-0.8704704927942822,0.6940696804704239,0,-0.48013575169824046,-1.4551622381826224,1,1,0.0,-0.42535065589112697,1.0,-1.6854439768311136,-1.3491053635208525,-0.5302472076644837,0.3225058732192876,-1.030249561129786,1.0484608593190552,0.9131069867556374,0.6916013795793922
0.7550218815564114,2,0,2,-1.260264957148256,-1.5217944121037297,1.5127833782687947,0.88279428457523,1.5560823784194209,0,1.3017941511261861,1.4843646609859844,1,0,2.0,1.9570595794675738,1.0,1.4981832344227013,0.08152428236767462,-1.6605231883422302,-0.4973916426524464,-1.444653788973018,-0.372391032334507,0.5636377967315094,-0.1373103553391265
-0.6962631979260084,1,4,1,-1.010173011589745,-1.020518491840045,-1.342314205765586,-0.8704704927942822,-1.1333972391814497,1,1.3017941511261861,-0.867256858348901,1,0,0.0,-0.42535065589112697,0.0,-0.9518255324987127,0.4804498567019755,-0.2052928632196317,-0.30283968973372977,0.35109786501432255,-0.017178059421116217,-0.6944512873553498,0.20806953421025662
0.17450784976344344,1,2,1,-1.6492968724614963,-1.575986403483587,-1.5512237850851749,-0.8704704927942822,-0.5472286045761318,0,0.4108291997139728,0.896459281152263,0,0,0.0,-0.42535065589112697,2.0,-0.9518255324987127,0.09528033665506401,-1.3638257434143217,-0.03880489648690041,0.21296312239991164,-0.23030584316915068,-1.533177343413256,-0.06823437742924988
1.6257929292458633,2,2,2,-1.7187668573388606,-1.4811504185688362,1.0949642196296174,0.88279428457523,0.6251086646345042,0,-0.48013575169824046,0.896459281152263,0,0,0.0,-0.42535065589112697,2.0,-0.6196209539330976,-1.115252440635228,-0.3748342603212938,-1.303392590458557,-0.20144110544332117,-0.5144762214998625,-0.9740266393746521,0.48437344584976233
1.0452788974528953,1,2,0,-0.12095720515948158,-0.35666659743678664,-0.5763124149270935,-0.8704704927942822,-1.4782023183610484,0,-0.48013575169824046,-0.867256858348901,0,0,0.0,-0.42535065589112697,2.0,-1.6300765470701777,0.9343996481858352,-1.420339542448209,-1.5952205198366318,-0.7539800759009642,-0.8696891944132532,1.1227885007701142,0.7606773574892688
1.6257929292458633,1,4,4,-1.3297349420256204,-1.575986403483587,-1.481587258645312,-0.8704704927942822,0.6251086646345042,0,-0.48013575169824046,-0.867256858348901,0,0,0.0,-0.42535065589112697,2.0,-0.4396768072100554,-1.45915379781997,0.28920287832688246,0.5587475303348718,-0.4086432193649376,0.8353330755710208,0.004487092692905432,-0.20638633324900313
-1.5670342456154605,2,4,1,0.33754469503112294,0.4968572667959734,-0.5763124149270935,1.759426673259986,-1.4782023183610484,0,-1.3711007031104538,-0.867256858348901,0,0,0.0,-0.42535065589112697,2.0,-1.297871968504562,-0.08354836908100173,0.8402124189072834,-0.38621909812746547,1.2489736920079928,-0.44343362691718513,-0.5546636113456985,1.7277410482275408
-0.6962631979260084,0,4,3,0.851622583123619,0.9710371913697292,1.5824199047086578,-0.8704704927942822,1.004394251732063,1,1.3017941511261861,0.896459281152263,0,0,0.0,-0.42535065589112697,2.0,0.08631377551883558,-1.4453977435325804,-1.4062110926897373,-1.0810475014085956,0.972704206779171,0.053864535161561936,-1.6729650194229073,0.6225254016695156
0.17450784976344344,2,4,2,-1.204688969246365,-1.3456704401191917,0.7467815874303023,-0.8704704927942822,-1.02995571542757,0,1.3017941511261861,1.4843646609859844,0,0,0.0,-0.42535065589112697,2.0,-0.6057790964928633,1.113228353921901,0.9532400169750581,1.4064381823378502,0.21296312239991164,-0.5144762214998625,0.3539562827170334,-1.4497539356267808
-0.11574916613304052,0,1,3,0.059664755521665475,0.1039653292920044,-1.0637681000061345,-0.8704704927942822,-0.5127480966581719,1,-1.3711007031104538,-1.4551622381826224,0,0,0.0,-0.42535065589112697,2.0,1.719652953466445,-1.115252440635228,0.11966148122522034,-1.275599454327312,1.525243177236814,-0.7276040052478969,1.33247001478459,-0.7589941565280154
0.4647648656599274,0,1,0,-0.7322930720802874,-0.505694573731396,-0.8548585206865456,0.006161895890473879,-0.2369040333144928,0,-1.3711007031104538,-1.4551622381826224,1,0,2.0,3.1482646971469244,3.0,1.595076236504339,-1.7067627749929843,-1.6463947385837583,-1.1783234778679537,-0.5467779619793477,1.1195034539017334,1.4023638527894158,-1.1043740460773985
-0.4060061820295245,2,1,2,-0.39883714466893844,-0.722462539250827,1.6520564311485209,-0.8704704927942822,-0.30586504915041257,1,-1.3711007031104538,1.4843646609859844,0,0,0.0,-0.42535065589112697,2.0,-0.2043652307260779,-1.6654946121308152,1.6879194044155932,0.19743676062868373,-0.06330636282891022,1.6168016159804797,-1.183708153389129,-1.1043740460773985
-0.6962631979260084,2,1,0,1.0600325377557118,0.7271732301603689,-0.5066758884872304,0.006161895890473879,-1.2023582550173695,1,-0.48013575169824046,0.896459281152263,0,0,0.0,-0.42535065589112697,2.0,-1.0487185345803507,0.8793754310362764,0.4446158256700724,1.5176107268628312,0.972704206779171,-1.1538595727439658,1.0528946627652886,0.48437344584976233
-0.4060061820295245,2,1,0,1.1433965196085492,1.0658731762844802,-0.15849325628791613,-0.8704704927942822,-0.2369040333144928,1,-0.48013575169824046,1.4843646609859844,1,1,2.0,1.9570595794675738,0.0,0.404676496644217,-0.9226676806117723,-1.5333671405159839,-1.69249649629599,0.35109786501432255,-0.5144762214998625,0.9131069867556374,-0.413614266978633
-1.5670342456154605,0,2,0,-0.3293671597915744,-0.42440658666160924,-0.5066758884872304,-0.8704704927942822,-1.02995571542757,0,-0.48013575169824046,0.896459281152263,0,0,0.0,-0.42535065589112697,2.0,1.456657662101999,-0.1798407490927293,0.07727613194980451,0.8922651639098139,0.6964347215503491,1.4036738322324451,0.7733193107459861,1.7277410482275408
-1.5670342456154605,2,4,3,0.5042726587367975,0.5645972560207955,1.3735103253890688,-0.8704704927942822,0.41822561712674494,1,1.3017941511261861,0.30855390131854166,0,0,0.0,-0.42535065589112697,2.0,1.3874483749008293,-0.9639358434739417,0.38810202663618504,-0.330632825864975,1.6633779198512249,-0.08822065400379436,-0.9740266393746521,-0.413614266978633
0.7550218815564114,2,4,0,-1.190794972270892,-1.1830944659796183,-0.5763124149270935,-0.8704704927942822,-0.09898200164265329,0,-0.48013575169824046,0.896459281152263,1,1,0.0,-0.42535065589112697,2.0,0.1555230627200052,-1.0602282234856693,0.07727613194980451,-0.7197367317024076,-0.7539800759009642,0.8353330755710208,-1.6729650194229073,-0.413614266978633
1.3355359133493794,1,3,2,0.29586270410470467,0.1039653292920044,0.8164181138701654,-0.8704704927942822,-0.5127480966581719,1,0.4108291997139728,-0.867256858348901,0,0,0.0,-0.42535065589112697,2.0,1.6642855237055092,-1.6517385578434256,0.11966148122522034,-0.5112882107180687,-0.7539800759009642,-0.5855188160825406,0.4937439587266838,-1.035298068167522
0.17450784976344344,2,4,1,0.6848946194179445,0.659433240935547,1.1646007460694805,-0.8704704927942822,-1.2023582550173695,1,1.3017941511261861,0.896459281152263,1,0,1.0,1.9570595794675738,2.0,-1.46397425778737,0.70054672530021,-0.43134805935518117,-0.7475298678336528,-1.7209232742018399,0.7642904809883426,1.1926823387749397,-0.3445382890687564
-0.9865202138224924,1,4,4,0.4348026738594328,0.45621327326107974,-1.481587258645312,1.759426673259986,-1.3057997787712492,0,1.3017941511261861,1.4843646609859844,0,0,0.0,-0.42535065589112697,2.0,0.9168252219328743,0.32913325954068917,1.4618642082800437,-0.30283968973372977,-0.6158453332865532,1.332631237649767,-1.6030711814180816,-1.2425260018971518
-1.5670342456154605,2,0,1,1.1850785105349673,1.485861109478378,1.2342372725093433,1.759426673259986,0.6251086646345042,0,0.4108291997139728,-1.4551622381826224,1,1,2.0,1.9570595794675738,2.0,-1.2148208238631582,-0.09730442336839112,0.9814969164920018,-0.7197367317024076,1.1799063207007874,0.48012010265763005,-0.34498209733122254,-0.27546231115887976
-0.9865202138224924,2,1,3,-0.9962790146142717,-1.1018064789098316,0.6771450609904393,-0.8704704927942822,1.004394251732063,1,0.4108291997139728,1.4843646609859844,0,0,0.0,-0.42535065589112697,2.0,0.543095071046557,-0.9226676806117723,-0.9258438009016953,-0.06659803261814563,1.387108434622403,-1.295944761909322,1.1227885007701142,-0.6899181786181388
1.0452788974528953,0,2,2,0.17081673132544847,0.32073329481143575,-0.9244950471264086,-0.8704704927942822,1.5560823784194209,1,-1.3711007031104538,-0.27935147851517966,0,0,0.0,-0.42535065589112697,2.0,0.6399880731281945,0.4254256395524167,-1.279055044863491,1.239679365550379,-1.030249561129786,1.5457590213978016,-0.8342389633650009,0.8297533353991454
1.0452788974528953,2,1,4,-1.1352189843690004,-1.1289024745997605,-0.5066758884872304,-0.8704704927942822,0.7975112042243035,1,0.4108291997139728,1.4843646609859844,1,0,0.0,-0.42535065589112697,3.0,-1.6577602619506455,-1.3628614178082423,-0.5867610066983711,-1.5396342475741414,-0.3395758480577321,-1.295944761909322,-0.5546636113456985,1.0369812691287754
-1.5670342456154605,0,3,0,-0.9962790146142717,-1.1018064789098316,1.5127833782687947,-0.8704704927942822,0.2803035854549054,0,1.3017941511261861,0.30855390131854166,0,0,0.0,-0.42535065589112697,2.0,1.2628716579387238,-0.7438389748757065,0.3598451271192413,1.712162679781548,0.35109786501432255,0.7642904809883426,-0.20519442132157134,-1.5188299135366574
1.3355359133493794,1,4,3,-1.6215088785105505,-1.7114663819332316,-1.690496837964901,0.006161895890473879,-0.16794301747857304,0,-0.48013575169824046,0.30855390131854166,0,0,0.0,-0.42535065589112697,2.0,0.6676717880086626,1.1269844082092904,-1.6887800878591739,-0.5668744829805592,1.5943105485440194,1.5457590213978016,-1.6729650194229073,-1.035298068167522
0.4647648656599274,1,3,3,-0.9268090297369077,-1.2237384595145115,-0.019220203408190112,1.759426673259986,-0.40930657290429223,1,-0.48013575169824046,-1.4551622381826224,0,0,0.0,-0.42535065589112697,2.0,-1.0764022494608185,-0.9364237348991623,1.4336073087631,0.7532994832535878,0.9036368354719655,-0.44343362691718513,1.4023638527894158,0.9679052912188987
1.0452788974528953,1,2,4,1.3795944681915877,1.2690931439589468,0.8164181138701654,0.88279428457523,0.03894003002918623,1,-0.48013575169824046,-0.867256858348901,0,0,0.0,-0.42535065589112697,2.0,0.39083463920398276,-1.4866659063947496,-0.02162301635949807,-1.4006685669179155,0.8345694641647601,0.12490712974424009,1.6120453668038925,-1.1043740460773985
-1.2767772297189763,2,2,2,-1.4408869178294035,-1.3185744444292626,-1.411950732205449,1.759426673259986,0.5216671408806246,0,-0.48013575169824046,-1.4551622381826224,0,0,0.0,-0.42535065589112697,2.0,-0.5780953816123953,0.1365484995172334,1.4336073087631,0.18354019256306145,0.6964347215503491,-0.5144762214998625,0.9131069867556374,0.4152974679398865
0.4647648656599274,0,3,0,-1.079642996467109,-0.9121345090803292,0.398598955230988,0.88279428457523,0.41822561712674494,1,-1.3711007031104538,-1.4551622381826224,0,0,0.0,-0.42535065589112697,2.0,-1.477816115227604,0.30162115096590975,1.3205797106953259,-0.42790880232433304,0.4892326076287327,-0.9407317889959314,0.21416860670738222,0.9679052912188987
-0.11574916613304052,1,0,0,-0.7322930720802874,-0.8985865112353647,1.3735103253890688,-0.8704704927942822,-1.340280286689209,1,-1.3711007031104538,1.4843646609859844,0,0,0.0,-0.42535065589112697,2.0,0.10015563295906926,-0.7300829205883166,1.0662676150428327,-0.6780470275055401,1.7324452911584303,1.1195034539017334,0.7034254727411606,-1.5188299135366574
-0.9865202138224924,2,1,2,1.0044565498538203,1.174257159044196,-0.3674028356075052,-0.8704704927942822,1.2112772992398222,0,0.4108291997139728,0.30855390131854166,0,0,0.0,-0.42535065589112697,2.0,0.9998763665742783,-0.15232864051794992,-1.0953851980033573,-0.9698749568836147,-1.168384303744197,0.12490712974424009,1.4722576907942413,1.7277410482275408
1.0452788974528953,1,0,3,-0.30157916584062866,-0.15344662976232004,-1.620860311525038,0.006161895890473879,1.245757807157782,1,-1.3711007031104538,0.896459281152263,1,0,0.0,-0.42535065589112697,2.0,1.539708806743403,0.70054672530021,0.8543408686657555,-0.8448058442930114,-1.168384303744197,-0.372391032334507,0.9131069867556374,1.520513114497911
1.0452788974528953,1,2,2,-0.5377771144236672,-0.722462539250827,1.4431468518289317,0.006161895890473879,-0.754111652083891,1,0.4108291997139728,0.30855390131854166,0,0,0.0,-0.42535065589112697,2.0,-1.0210348196998829,-0.6750587034387584,-0.06400836563491329,-1.0393577972117278,1.4561758059296086,0.33803491349227455,-1.3234958293987793,-1.1043740460773985
0.17450784976344344,2,4,0,-1.204688969246365,-1.142450472444725,1.3038737989492057,0.88279428457523,-1.6506048579508479,1,-1.3711007031104538,-0.867256858348901,0,0,0.0,-0.42535065589112697,2.0,1.595076236504339,-1.376617472095632,-0.10639371491032912,-1.5257376795085187,0.00576100847829524,-0.8696891944132532,1.4722576907942413,-0.3445382890687564
1.0452788974528953,2,4,0,0.17081673132544847,0.42911727757115087,-0.7852219942466825,0.88279428457523,1.6250433942553408,0,1.3017941511261861,-1.4551622381826224,1,1,1.0,0.7658544617882235,2.0,-1.6854439768311136,0.37040142240285795,-1.5898809395498712,-0.37232253006184257,-1.7209232742018399,0.4090775080749527,-0.27508825932639697,-1.3116019798070275
-1.5670342456154605,0,0,4,0.22639271922733997,0.11751332713696856,-0.15849325628791613,-0.8704704927942822,-1.4092413025251287,1,-0.48013575169824046,0.896459281152263,0,0,0.0,-0.42535065589112697,2.0,-1.5747091173092416,0.12279244522984341,0.6847994715640934,-1.2339097501304441,0.4892326076287327,-0.08822065400379436,1.681939204808718,0.7606773574892688
0.7550218815564114,0,3,3,-0.8017630569576515,-0.6818185457159337,1.3038737989492057,-0.8704704927942822,-0.2369040333144928,1,0.4108291997139728,0.896459281152263,0,0,0.0,-0.42535065589112697,2.0,-0.12131408608467396,-0.24862102052967808,0.06314768219133299,-0.7475298678336528,1.4561758059296086,-0.017178059421116217,1.1926823387749397,-0.06823437742924988
1.3355359133493794,0,3,3,-0.5794591053500862,-0.6411745521810406,-0.019220203408190112,0.88279428457523,0.3147840933728653,0,-1.3711007031104538,1.4843646609859844,0,0,0.0,-0.42535065589112697,2.0,1.6504436662652748,0.6042543452884824,-0.3748342603212938,-1.5952205198366318,0.21296312239991164,-1.4380299510746777,1.1926823387749397,0.898829313309022
1.6257929292458633,1,0,4,-0.2598971749142103,-0.5192425715763601,-0.7852219942466825,0.88279428457523,-0.06450149372469341,1,0.4108291997139728,-1.4551622381826224,0,0,0.0,-0.42535065589112697,2.0,1.1106112260961496,-1.0464721691982795,-1.3073119443804344,-1.5952205198366318,-0.8921148185153751,0.9774182647363772,-0.9041328013698265,0.7606773574892688
1.3355359133493794,2,1,4,-1.5937208845596047,-1.874042356072805,1.0253276931897544,-0.8704704927942822,1.4871213625835011,0,-1.3711007031104538,-1.4551622381826224,0,0,0.0,-0.42535065589112697,2.0,-1.353239398265498,-0.04228020621883234,-0.4737334086305964,0.7255063471223431,1.110838949393582,0.12490712974424009,-1.6030711814180816,0.4152974679398865
1.3355359133493794,1,0,0,1.5046404409708432,1.5400531008582359,-0.3674028356075052,1.759426673259986,1.0388747596500227,1,-1.3711007031104538,0.896459281152263,0,0,0.0,-0.42535065589112697,2.0,1.0829275112156815,-0.6750587034387584,0.26094597880993875,1.489817590731586,-0.6158453332865532,1.1195034539017334,-1.7428588574277328,-1.7260578472662873
-0.11574916613304052,0,2,4,1.6713684046765176,1.6619850814629158,0.328962428791125,-0.8704704927942822,0.17686206170102575,0,-1.3711007031104538,-0.27935147851517966,0,0,0.0,-0.42535065589112697,2.0,0.16936492016023952,0.9756678110480039,-0.869330001867808,0.572644098400494,-0.6849127045937586,0.2669923189095964,0.3539562827170334,-1.3116019798070275
-0.11574916613304052,1,3,4,0.407014679908487,0.40202128188122194,-0.7155854678068195,-0.8704704927942822,1.5905628863373809,0,0.4108291997139728,1.4843646609859844,0,0,0.0,-0.42535065589112697,2.0,1.5258669493031694,-1.3491053635208525,1.5325064570724032,-1.3172891585241797,-0.1323737341361157,1.5457590213978016,-0.9041328013698265,-1.587905891446534
1.6257929292458633,0,1,4,1.2267605014613863,1.5400531008582359,1.3038737989492057,0.88279428457523,-1.1678777470994095,0,1.3017941511261861,-0.867256858348901,0,0,0.0,-0.42535065589112697,2.0,0.8337740772914704,-0.3449134005414057,-1.5616240400329275,0.9756445723035496,-1.444653788973018,1.4747164268151234,-1.533177343413256,-0.06823437742924988
-1.5670342456154605,2,3,2,0.2541807131782857,0.5645972560207955,-0.3674028356075052,-0.8704704927942822,-0.5817091124940916,0,1.3017941511261861,-0.27935147851517966,0,0,0.0,-0.42535065589112697,2.0,-0.0797885137639723,0.3428893138280785,0.2044321797760514,-1.5535308156397638,0.9036368354719655,1.5457590213978016,-0.5546636113456985,-1.1043740460773985
-0.6962631979260084,0,3,4,0.698788616393417,0.5645972560207955,0.398598955230988,-0.8704704927942822,1.1767967913218622,1,1.3017941511261861,-0.27935147851517966,0,0,0.0,-0.42535065589112697,2.0,-1.3947649705862,-1.5967143406938669,-0.2052928632196317,1.1701965252222661,-0.6158453332865532,-0.44343362691718513,1.4023638527894158,1.1751332249485287
0.7550218815564114,0,0,4,0.5320606526877432,0.5510492581758313,1.3038737989492057,1.759426673259986,-1.1678777470994095,0,-0.48013575169824046,-1.4551622381826224,0,0,0.0,-0.42535065589112697,2.0,-1.505499830108072,-1.2528129835091246,-1.180155896554188,0.5031612580723813,0.420165236321528,0.19594972432691823,-0.8342389633650009,-0.413614266978633
1.0452788974528953,0,4,3,-0.9545970236878534,-1.1966424638245825,1.6520564311485209,-0.8704704927942822,-1.6506048579508479,0,1.3017941511261861,1.4843646609859844,1,1,0.0,-0.42535065589112697,3.0,1.539708806743403,0.04025611950550523,-1.420339542448209,0.4892646900067584,0.8345694641647601,-0.372391032334507,0.7733193107459861,-0.6208422007082621
1.3355359133493794,1,4,1,-0.5794591053500862,-0.4515025823515381,1.5824199047086578,-0.8704704927942822,1.5216018705014611,1,1.3017941511261861,-0.867256858348901,1,0,2.0,1.9570595794675738,0.0,1.0829275112156815,-1.1840327120721765,-1.0671282984864137,-0.4140122342587107,1.3180410633151975,-1.295944761909322,-1.3234958293987793,0.0008416004806267426
0.7550218815564114,0,0,0,0.22639271922733997,0.25299330558661315,-0.22812978272777917,1.759426673259986,-1.340280286689209,0,0.4108291997139728,-1.4551622381826224,1,0,1.0,1.9570595794675738,2.0,-0.6473046688135655,0.2878650966785198,0.7695701701149245,-0.4973916426524464,0.5582999789359382,1.4036738322324451,0.7733193107459861,0.7606773574892688
-1.5670342456154605,1,4,3,-1.5242508996822406,-1.2779304508943692,-1.5512237850851749,-0.8704704927942822,1.280238315075742,0,1.3017941511261861,1.4843646609859844,1,1,1.0,0.7658544617882235,2.0,-1.2701882536240943,1.0719601910597316,1.0521391652843606,0.3502990093505328,0.9036368354719655,-1.1538595727439658,-1.183708153389129,1.2442092028584053
-0.4060061820295245,2,1,2,-1.3019469480746746,-1.4676024207238718,0.18968937591139895,-0.8704704927942822,1.0388747596500227,1,0.4108291997139728,0.896459281152263,0,0,0.0,-0.42535065589112697,2.0,0.8752996496121721,-1.4866659063947496,-1.0529998487279415,-0.08049460068376794,0.35109786501432255,-0.5855188160825406,-0.6944512873553498,-1.587905891446534
1.3355359133493794,1,0,4,0.9349865649764563,1.160709161199231,-0.22812978272777917,1.759426673259986,1.5905628863373809,0,-0.48013575169824046,-1.4551622381826224,0,0,0.0,-0.42535065589112697,2.0,1.401290232341063,-0.9226676806117723,-0.7845593033169769,1.2674725016816242,-0.1323737341361157,-1.7222003294053903,0.004487092692905432,-1.4497539356267808
1.0452788974528953,0,3,3,-0.21821518398779138,-0.41085858881664444,-1.411950732205449,0.006161895890473879,0.3147840933728653,0,0.4108291997139728,0.896459281152263,0,0,0.0,-0.42535065589112697,2.0,1.3043972302594253,-0.5512542148522508,-0.6715317052492021,-1.5674273837053865,0.5582999789359382,0.12490712974424009,-0.13530058331674574,1.3823611586781577
-0.6962631979260084,2,3,0,-1.7187668573388606,-1.386314433654085,-0.9941315735662716,-0.8704704927942822,-1.0989167312634898,1,0.4108291997139728,0.30855390131854166,0,0,0.0,-0.42535065589112697,2.0,-0.7303558134549689,-0.7438389748757065,-0.5867610066983711,0.016781375775590055,-0.27050847675052664,-1.295944761909322,-1.183708153389129,-0.5517662227983855
-0.9865202138224924,0,0,0,-0.009805229355698587,-0.24828261467707155,0.25932590235126196,0.88279428457523,0.07342053794714612,0,-0.48013575169824046,-0.867256858348901,0,0,0.0,-0.42535065589112697,2.0,-1.297871968504562,0.10903639094245401,-0.4737334086305964,-1.2200131820648215,1.6633779198512249,-0.5144762214998625,0.423850120721859,0.0008416004806267426
-1.5670342456154605,2,0,4,0.4209086768839602,0.5916932517107244,-0.9244950471264086,-0.8704704927942822,-1.6161243500328881,1,1.3017941511261861,0.896459281152263,1,0,0.0,-0.42535065589112697,2.0,0.9998763665742783,-1.3628614178082423,1.1369098638351918,-0.27504655360248453,-0.8230474472081696,0.2669923189095964,1.1227885007701142,0.9679052912188987
0.4647648656599274,0,3,4,-1.6215088785105505,-1.4405064250339428,-0.2977663091676422,0.88279428457523,0.41822561712674494,1,-1.3711007031104538,0.896459281152263,1,0,2.0,0.7658544617882235,3.0,-1.1871371089826905,1.2370328425084078,-0.6574032554907306,-0.4140122342587107,-1.582788531587429,-0.6565614106652188,1.33247001478459,-1.6569818693564107
-1.5670342456154605,2,4,1,1.6296864137500993,1.6755330793078806,0.18968937591139895,-0.8704704927942822,-0.788592160001851,0,0.4108291997139728,0.896459281152263,1,1,2.0,3.1482646971469244,2.0,0.3077834945625794,-1.2253008749343453,-0.8975869013847516,0.21133332869430665,-0.8921148185153751,0.6222052918229863,0.004487092692905432,0.9679052912188987
1.6257929292458633,2,0,4,-0.5794591053500862,-0.4379545845065734,-1.2030411528858607,-0.8704704927942822,-0.8575531758377707,0,1.3017941511261861,-0.867256858348901,0,0,0.0,-0.42535065589112697,2.0,-1.450132400347136,1.6497144711300988,1.4336073087631,0.7949891874504559,-0.27050847675052664,-1.0828169781612877,-0.9740266393746521,-0.20638633324900313
1.6257929292458633,0,0,1,0.14302873737450272,0.15815732067186225,-0.4370393620473682,-0.8704704927942822,1.2112772992398222,0,1.3017941511261861,0.30855390131854166,0,0,0.0,-0.42535065589112697,2.0,-0.38430937744911947,-1.5967143406938669,-0.38896271007976596,1.5037141587972083,-0.6849127045937586,-0.6565614106652188,-1.533177343413256,0.4152974679398865
-1.5670342456154605,1,2,0,0.5320606526877432,0.26654130343157795,1.3735103253890688,-0.8704704927942822,0.34926460129082515,1,1.3017941511261861,1.4843646609859844,1,1,1.0,1.9570595794675738,3.0,1.6642855237055092,-0.6200344862891995,0.8119555193903396,0.15574705643181622,0.35109786501432255,-0.372391032334507,1.6120453668038925,0.2771455121201332
1.0452788974528953,2,0,3,-1.7187668573388606,-1.7250143797781963,0.7467815874303023,0.88279428457523,0.6940696804704239,1,1.3017941511261861,-1.4551622381826224,1,0,2.0,1.9570595794675738,0.0,1.595076236504339,-0.9501797891865517,0.7413132705979808,0.15574705643181622,-0.9611821898225805,-1.0828169781612877,-1.4632835054084306,1.0369812691287754
-0.6962631979260084,0,2,3,1.2267605014613863,1.1336131655093022,0.6075085345505763,0.88279428457523,-0.16794301747857304,1,1.3017941511261861,-1.4551622381826224,0,0,0.0,-0.42535065589112697,2.0,1.691969238585977,1.0031799196227833,1.6879194044155932,1.6704729755846797,-0.06330636282891022,0.6932478864056645,-1.3234958293987793,-0.20638633324900313
0.7550218815564114,2,4,2,0.51816665571227,0.40202128188122194,0.5378720081107132,-0.8704704927942822,-1.6506048579508479,0,-1.3711007031104538,1.4843646609859844,0,0,0.0,-0.42535065589112697,2.0,1.595076236504339,-1.4866659063947496,-0.3041920115289349,1.3369553420097375,0.9036368354719655,1.1195034539017334,1.681939204808718,-0.413614266978633
-1.2767772297189763,2,3,0,-0.3849431476934659,-0.09925463838246219,1.3735103253890688,0.006161895890473879,-1.2713192708532892,1,-1.3711007031104538,-0.27935147851517966,1,1,0.0,-0.42535065589112697,2.0,0.6815136454488968,-0.8401313548874341,0.7554417203564523,1.7677489520440384,1.0417715780863765,-0.5855188160825406,1.4023638527894158,-1.5188299135366574
-1.5670342456154605,0,3,1,0.8933045740500373,0.9710371913697292,1.7216929575883837,-0.8704704927942822,-0.030020985806733527,0,1.3017941511261861,-1.4551622381826224,1,0,0.0,-0.42535065589112697,2.0,-0.4258349497698217,1.1682525710714597,1.5890202561062907,-0.17777057714312655,0.21296312239991164,0.4090775080749527,1.542151528799067,-0.828070134437892
1.6257929292458633,2,2,1,-1.5242508996822406,-1.3185744444292626,0.25932590235126196,-0.8704704927942822,-0.09898200164265329,0,0.4108291997139728,0.30855390131854166,1,1,0.0,-0.42535065589112697,0.0,-0.5088860944112257,0.1778166623794022,0.4587442754285439,-0.24725341747123933,1.387108434622403,-0.5144762214998625,-1.3234958293987793,-1.2425260018971518
-0.4060061820295245,0,1,2,1.6991563986274634,1.485861109478378,1.1646007460694805,0.88279428457523,-1.1333972391814497,1,-0.48013575169824046,0.896459281152263,1,1,0.0,-0.42535065589112697,0.0,0.39083463920398276,1.5534220911183705,1.0662676150428327,1.3230587739441146,0.14389575109270616,-0.6565614106652188,0.7034254727411606,-0.20638633324900313
1.3355359133493794,0,2,0,-0.3849431476934659,-0.35666659743678664,1.2342372725093433,0.006161895890473879,1.4526408546655414,1,-0.48013575169824046,-1.4551622381826224,1,1,2.0,3.1482646971469244,3.0,-1.1456115366619886,0.5629861824263137,-0.3041920115289349,1.253575933616002,0.972704206779171,0.7642904809883426,0.7034254727411606,0.20806953421025662
-0.6962631979260084,2,2,0,0.5320606526877432,0.5510492581758313,-0.15849325628791613,1.759426673259986,1.0388747596500227,1,-1.3711007031104538,0.30855390131854166,0,0,0.0,-0.42535065589112697,2.0,1.0829275112156815,-1.6654946121308152,1.391221959487685,-0.9003921165555019,0.6964347215503491,0.19594972432691823,0.14427476870255662,0.7606773574892688
1.0452788974528953,1,1,1,-0.21821518398779138,-0.3702145952817514,1.5127833782687947,0.88279428457523,-0.754111652083891,0,-0.48013575169824046,-0.27935147851517966,0,0,0.0,-0.42535065589112697,2.0,-0.0797885137639723,-0.2348649662422881,0.4446158256700724,1.587093567190944,-1.3065190463586072,-0.15926324858647253,-1.0439204773794777,1.3823611586781577
1.0452788974528953,2,4,3,-1.7048728603633878,-1.413410429344014,1.1646007460694805,1.759426673259986,-1.4437218104430887,1,1.3017941511261861,-0.27935147851517966,0,0,0.0,-0.42535065589112697,2.0,1.3459228025801278,1.6359584168427088,0.14791838074216404,0.2669196009567971,-0.6849127045937586,0.2669923189095964,-0.20519442132157134,-0.6899181786181388
-0.11574916613304052,2,1,0,-0.24600317793873713,-0.42440658666160924,0.18968937591139895,0.006161895890473879,1.5560823784194209,0,0.4108291997139728,-0.867256858348901,0,0,0.0,-0.42535065589112697,2.0,-0.27357451792724813,1.1544965167840697,-0.1346506144272728,1.739955815912793,-0.20144110544332117,0.48012010265763005,-1.533177343413256,0.553449423759639
-1.5670342456154605,1,4,2,-0.9962790146142717,-1.1830944659796183,0.25932590235126196,0.006161895890473879,0.24582307753694552,1,-1.3711007031104538,0.30855390131854166,0,0,0.0,-0.42535065589112697,2.0,1.2351879430582557,1.4021054939570843,-0.23354976273657538,-0.7197367317024076,-1.2374516750514024,0.6222052918229863,-0.6245574493505242,1.3823611586781577
0.7550218815564114,2,2,4,0.4903786617613243,0.4426652754161156,-1.620860311525038,0.88279428457523,1.3836798388296216,1,1.3017941511261861,0.30855390131854166,0,0,0.0,-0.42535065589112697,2.0,1.3874483749008293,0.9481557024732246,0.09140458170827666,-1.1783234778679537,-0.5467779619793477,0.2669923189095964,1.33247001478459,-0.828070134437892
0.4647648656599274,2,3,0,1.6435804107255718,1.2690931439589468,-1.481587258645312,0.88279428457523,-0.30586504915041257,1,0.4108291997139728,0.30855390131854166,0,0,0.0,-0.42535065589112697,2.0,-0.3427838051284178,0.31537720525329915,0.1055330314667482,-0.8448058442930114,1.387108434622403,-1.4380299510746777,-1.6030711814180816,0.34622149003000985
-0.6962631979260084,0,2,1,0.004088767619773978,-0.3024746060569294,0.6771450609904393,1.759426673259986,1.0388747596500227,1,1.3017941511261861,1.4843646609859844,0,0,0.0,-0.42535065589112697,2.0,-0.5365698092916936,1.5534220911183705,-0.954100700418639,-0.05270146455252271,1.525243177236814,0.9774182647363772,1.6120453668038925,0.34622149003000985
-0.11574916613304052,1,1,1,-0.7739750630067057,-0.8985865112353647,0.18968937591139895,1.759426673259986,-0.8575531758377707,0,-0.48013575169824046,0.30855390131854166,1,1,0.0,-0.42535065589112697,0.0,0.8199322198512361,-0.001012043356663557,0.3174597778438255,-0.6363573233086726,-1.030249561129786,0.12490712974424009,-0.20519442132157134,-0.3445382890687564
-1.5670342456154605,2,1,3,1.212866504485913,1.3097371374938405,0.328962428791125,-0.8704704927942822,1.2112772992398222,1,-0.48013575169824046,-1.4551622381826224,0,0,0.0,-0.42535065589112697,2.0,-0.9102999601780111,-1.5416901235443083,1.7020478541740653,0.8644720277785687,-1.444653788973018,-1.7222003294053903,0.7733193107459861,-0.20638633324900313
-0.6962631979260084,1,1,2,0.5459546496632157,0.46976127110604454,-0.2977663091676422,-0.8704704927942822,-0.7196311441659311,0,-1.3711007031104538,-0.27935147851517966,1,0,2.0,0.7658544617882235,0.0,0.6261462156879608,-0.5650102691396408,-0.4737334086305964,0.8644720277785687,1.4561758059296086,0.4090775080749527,0.9830008247604629,-1.1043740460773985
1.3355359133493794,2,1,3,1.3240184802896962,1.2555451461139826,0.398598955230988,0.006161895890473879,1.6595239021733006,1,0.4108291997139728,0.896459281152263,0,0,0.0,-0.42535065589112697,2.0,0.3077834945625794,0.4529377481271961,1.023882265767417,1.712162679781548,1.0417715780863765,0.6932478864056645,-1.2536019913939545,1.106057247038652
-0.4060061820295245,2,4,0,0.9349865649764563,1.092969171974409,1.3735103253890688,0.006161895890473879,-0.6161896204120515,1,1.3017941511261861,-0.27935147851517966,1,1,0.0,-0.42535065589112697,1.0,0.5984625008074929,-0.6475465948639789,0.6565425720471497,-0.34452939393059734,-1.7209232742018399,-1.224902167326644,1.33247001478459,-0.9662220902576453
1.0452788974528953,2,2,2,-1.2324769631973103,-1.1018064789098316,-0.2977663091676422,0.006161895890473879,0.4527061250447048,0,0.4108291997139728,-1.4551622381826224,0,0,0.0,-0.42535065589112697,2.0,0.017104488317665322,0.5217180195641443,-0.6856601550076743,-1.5535308156397638,0.00576100847829524,-1.7222003294053903,1.6120453668038925,1.0369812691287754
1.3355359133493794,2,4,2,1.5880044228236805,1.3639291288736977,1.3735103253890688,1.759426673259986,0.14238155378306588,1,1.3017941511261861,1.4843646609859844,1,1,2.0,1.9570595794675738,0.0,0.7230392177695985,1.4983978739688117,-1.1518989970372444,0.5170578261380036,0.8345694641647601,1.4747164268151234,0.4937439587266838,1.6586650703176642
-0.4060061820295245,2,2,0,-0.4683071295463031,-0.22118661898714262,-1.690496837964901,0.006161895890473879,0.41822561712674494,0,-0.48013575169824046,-1.4551622381826224,0,0,0.0,-0.42535065589112697,2.0,-0.10747222864444028,0.851863322461497,-1.19428434631266,-1.6508067920991223,-0.27050847675052664,0.5511626972403082,0.004487092692905432,1.3823611586781577
1.6257929292458633,1,0,3,0.04577075854619291,-0.27537861036700045,-1.5512237850851749,-0.8704704927942822,-0.030020985806733527,1,-0.48013575169824046,1.4843646609859844,1,1,1.0,1.9570595794675738,2.0,-0.4812023795307577,-0.8263753006000447,1.2075521126275512,-0.38621909812746547,-1.6518559028946345,-0.372391032334507,0.5636377967315094,-0.828070134437892
-0.9865202138224924,0,0,4,-1.5520388936331864,-1.5624384056386227,0.8860546403100283,-0.8704704927942822,1.5905628863373809,0,-1.3711007031104538,-0.867256858348901,0,0,0.0,-0.42535065589112697,2.0,-0.3981512348893537,-1.6379825035560358,0.8825977681826992,1.489817590731586,-0.8921148185153751,-0.30134843775182885,-1.3234958293987793,-0.1373103553391265
-0.4060061820295245,1,1,4,0.04577075854619291,-0.20763862114217788,-1.0637681000061345,0.006161895890473879,0.8319917121422635,0,0.4108291997139728,-1.4551622381826224,1,0,0.0,-0.42535065589112697,3.0,0.48772764128562096,0.30162115096590975,-1.335568843897378,1.239679365550379,-0.06330636282891022,-1.224902167326644,-1.3234958293987793,1.5895890924077876
-0.4060061820295245,0,1,1,1.4073824621425333,1.4316691180985202,-0.4370393620473682,1.759426673259986,1.1423162834039025,0,-1.3711007031104538,0.30855390131854166,0,0,0.0,-0.42535065589112697,2.0,-0.16283965840537623,1.3058131139453566,1.3488366102122695,-0.8587024123586338,-1.030249561129786,-0.017178059421116217,1.4023638527894158,-0.6208422007082621
1.0452788974528953,0,0,1,0.7126826133688903,0.5104052646409376,0.18968937591139895,0.88279428457523,-0.4437870808222521,1,0.4108291997139728,-0.27935147851517966,0,0,0.0,-0.42535065589112697,2.0,0.9168252219328743,-0.33115734625401627,0.8260839691488118,1.600990135256567,0.00576100847829524,-0.30134843775182885,-1.4632835054084306,1.3823611586781577
-0.9865202138224924,1,4,2,-1.5242508996822406,-1.508246414258765,1.1646007460694805,-0.8704704927942822,-1.4437218104430887,1,0.4108291997139728,-0.867256858348901,1,1,0.0,-0.42535065589112697,0.0,1.0552437963352137,-0.8263753006000447,-0.7563024038000332,0.6004372345317393,0.6964347215503491,0.6932478864056645,0.633531634736335,-0.3445382890687564
-0.6962631979260084,0,3,4,-1.4964629057312948,-1.4540544228789072,1.3038737989492057,0.88279428457523,-0.788592160001851,1,0.4108291997139728,0.30855390131854166,1,1,1.0,3.1482646971469244,1.0,-0.17668151584560993,-1.1565206034973972,-0.5867610066983711,1.1562999571566432,-0.4086432193649376,0.33803491349227455,0.004487092692905432,0.7606773574892688
1.0452788974528953,0,4,0,1.4490644530689516,1.3232851353388047,-0.7852219942466825,1.759426673259986,0.5561476487985845,1,1.3017941511261861,0.896459281152263,1,1,1.0,3.1482646971469244,1.0,1.1659786558570855,-1.1427645492100074,0.6424141222886782,-0.9142886846211242,-1.5137211602802234,-0.08822065400379436,-1.183708153389129,0.7606773574892688
1.6257929292458633,1,2,4,-0.35715515374252016,-0.05861064484756911,0.8860546403100283,1.759426673259986,0.24582307753694552,1,1.3017941511261861,-0.27935147851517966,0,0,0.0,-0.42535065589112697,2.0,0.2800997796821114,1.3470812768075255,-0.10639371491032912,1.5315072949284536,-0.4777105906721423,0.7642904809883426,-0.6944512873553498,-1.7260578472662873
1.0452788974528953,2,0,2,0.5042726587367975,0.18525331636179115,0.050416323031672906,0.006161895890473879,-0.9609946995916503,1,1.3017941511261861,-0.867256858348901,1,1,1.0,1.9570595794675738,0.0,-0.35662566256865147,-0.633790540576589,-1.4768533414820966,-0.19166714520874886,-0.5467779619793477,-1.3669873564919994,-0.6944512873553498,1.313285180768281
1.3355359133493794,0,2,4,1.032244543804766,1.0387771805945512,-1.5512237850851749,0.006161895890473879,1.1423162834039025,1,1.3017941511261861,-0.27935147851517966,0,0,0.0,-0.42535065589112697,2.0,-0.5088860944112257,-0.977691897761331,-1.4062110926897373,1.3647484781409829,-0.20144110544332117,0.4090775080749527,0.004487092692905432,1.313285180768281
-0.11574916613304052,1,3,1,-0.8434450478840704,-0.8714905155454358,-0.9244950471264086,-0.8704704927942822,-1.3057997787712492,1,1.3017941511261861,0.896459281152263,0,0,0.0,-0.42535065589112697,2.0,-0.6196209539330976,-0.771351083450486,-0.3748342603212938,1.6426798394534345,0.0748283797855007,0.19594972432691823,1.542151528799067,1.4514371365880343
1.0452788974528953,1,2,4,0.8655165800990916,0.7542692258502979,-0.6459489413669565,1.759426673259986,-1.4092413025251287,1,0.4108291997139728,-0.867256858348901,0,0,0.0,-0.42535065589112697,2.0,-1.6716021193908797,1.6222023625553195,-0.14877906418574433,-0.330632825864975,-0.3395758480577321,-0.30134843775182885,-0.9041328013698265,-0.6208422007082621
1.6257929292458633,0,4,2,0.51816665571227,0.4968572667959734,1.7216929575883837,-0.8704704927942822,1.245757807157782,1,-0.48013575169824046,-1.4551622381826224,0,0,0.0,-0.42535065589112697,2.0,0.08631377551883558,-1.3215932549460732,-1.34969729365585,0.7255063471223431,1.4561758059296086,0.7642904809883426,-1.4632835054084306,-0.3445382890687564
1.3355359133493794,1,3,3,1.0878205317066576,0.9845851892146934,-1.760133364404764,-0.8704704927942822,0.3147840933728653,0,-0.48013575169824046,-0.27935147851517966,0,0,0.0,-0.42535065589112697,2.0,-0.16283965840537623,-1.1840327120721765,0.783698619873396,1.5037141587972083,-1.582788531587429,-0.372391032334507,1.7518330428135438,0.8297533353991454
-1.5670342456154605,0,1,0,1.365700471216115,1.174257159044196,-1.411950732205449,-0.8704704927942822,-1.374760794607169,0,-1.3711007031104538,-1.4551622381826224,0,0,0.0,-0.42535065589112697,2.0,-1.1594533941022225,0.08152428236767462,-0.869330001867808,1.1840930932878886,-1.7209232742018399,-1.0117743835786095,0.3539562827170334,-1.3806779577169042
-0.6962631979260084,1,2,1,-0.23210918096326458,-0.4650505801965023,0.398598955230988,0.88279428457523,0.3147840933728653,1,1.3017941511261861,0.896459281152263,0,0,0.0,-0.42535065589112697,2.0,0.5292532136063226,0.08152428236767462,0.33158822760229767,-0.35842596199622023,1.6633779198512249,0.6932478864056645,-0.6944512873553498,-1.5188299135366574
0.17450784976344344,2,4,0,0.7682586012707817,0.6323372452456181,1.5824199047086578,-0.8704704927942822,0.2803035854549054,1,-1.3711007031104538,0.896459281152263,0,0,0.0,-0.42535065589112697,2.0,-1.0764022494608185,-0.09730442336839112,1.3205797106953259,-0.06659803261814563,-0.27050847675052664,0.2669923189095964,-0.8342389633650009,-0.48269024488850887
1.6257929292458633,0,0,2,-0.6211410962765045,-0.28892660821196464,1.5824199047086578,0.88279428457523,-0.20242352539653294,1,0.4108291997139728,-0.27935147851517966,0,0,0.0,-0.42535065589112697,2.0,1.401290232341063,-0.05603626050622234,0.2044321797760514,0.016781375775590055,0.8345694641647601,0.19594972432691823,-0.7643451253601753,-1.2425260018971518
-1.5670342456154605,1,2,2,-0.4960951234972489,-0.15344662976232004,1.5824199047086578,0.006161895890473879,-0.5127480966581719,0,-1.3711007031104538,-1.4551622381826224,0,0,0.0,-0.42535065589112697,2.0,-1.46397425778737,-0.5237421062774714,1.0945245145597764,0.5587475303348718,-0.7539800759009642,1.1905460484844115,0.004487092692905432,0.0008416004806267426
0.7550218815564114,2,1,2,1.2406544984368588,1.4045731224085913,-1.1334046264459976,0.88279428457523,-1.2023582550173695,1,0.4108291997139728,0.896459281152263,0,0,0.0,-0.42535065589112697,2.0,-1.6577602619506455,-0.35866945482879503,1.5042495575554595,1.3369553420097375,0.0748283797855007,0.19594972432691823,-1.7428588574277328,-0.9662220902576453
-0.9865202138224924,1,2,1,-1.6354028754860233,-1.7656583733130895,1.1646007460694805,-0.8704704927942822,0.17686206170102575,1,1.3017941511261861,-0.867256858348901,1,1,1.0,3.1482646971469244,2.0,0.4462020689649187,1.374593385382305,0.7271848208395086,-0.48349507458682345,0.2820304937071171,-0.6565614106652188,1.7518330428135438,0.8297533353991454
0.17450784976344344,1,2,0,0.407014679908487,0.5104052646409376,-1.690496837964901,1.759426673259986,0.6940696804704239,1,1.3017941511261861,-0.27935147851517966,1,1,1.0,0.7658544617882235,2.0,1.678127381145743,0.7555709424497689,-1.519238690757512,-0.3167362577993521,0.0748283797855007,1.1905460484844115,0.7733193107459861,-0.48269024488850887
-1.2767772297189763,1,1,1,0.2541807131782857,0.5104052646409376,-0.9244950471264086,-0.8704704927942822,-1.4782023183610484,1,-0.48013575169824046,1.4843646609859844,0,0,0.0,-0.42535065589112697,2.0,0.6399880731281945,-0.06979231479361173,0.543514973979375,-1.414565134983538,1.2489736920079928,-1.580115140240034,-1.2536019913939545,0.2771455121201332
-0.11574916613304052,0,3,1,0.3653326889820687,0.21234931205172008,-0.4370393620473682,-0.8704704927942822,1.6250433942553408,0,1.3017941511261861,1.4843646609859844,1,0,1.0,0.7658544617882235,3.0,0.8337740772914704,-0.5925223777144202,-0.07813681539338543,1.489817590731586,1.5943105485440194,1.4747164268151234,-0.8342389633650009,-0.8971461123477686
1.3355359133493794,1,2,0,-0.6489290902274502,-0.546338567266289,0.398598955230988,0.88279428457523,0.3147840933728653,1,-1.3711007031104538,0.896459281152263,1,1,0.0,-0.42535065589112697,0.0,1.0552437963352137,-0.08354836908100173,1.0097538160089454,0.05847107997245759,-0.4086432193649376,0.6932478864056645,1.4023638527894158,-0.6208422007082621
-0.11574916613304052,0,4,2,1.2406544984368588,0.9303931978348355,-0.019220203408190112,0.88279428457523,-0.30586504915041257,1,0.4108291997139728,-0.867256858348901,0,0,0.0,-0.42535065589112697,2.0,-0.24589080304678018,1.7047386882796576,-1.1236420975203008,-1.3728754307866702,-1.444653788973018,1.1905460484844115,-0.20519442132157134,-1.7260578472662873
0.7550218815564114,1,2,0,1.2962304863387504,1.0658731762844802,-0.9244950471264086,-0.8704704927942822,-0.2713845412324527,0,0.4108291997139728,0.896459281152263,0,0,0.0,-0.42535065589112697,2.0,0.46004392640515296,-0.24862102052967808,1.3629650599707412,0.11405735223494805,0.00576100847829524,-1.580115140240034,1.4722576907942413,-1.1043740460773985
-1.5670342456154605,1,4,0,-0.5238831174481946,-0.6818185457159337,-0.6459489413669565,0.88279428457523,-0.030020985806733527,0,-1.3711007031104538,0.896459281152263,1,0,2.0,1.9570595794675738,0.0,0.22473234992117547,1.2232767882210185,1.3488366102122695,0.5587475303348718,0.7655020928575547,0.12490712974424009,-0.4148759353360481,0.48437344584976233
0.4647648656599274,1,3,0,-0.30157916584062866,-0.16699462760728478,-0.4370393620473682,-0.8704704927942822,0.6940696804704239,0,0.4108291997139728,-0.867256858348901,0,0,0.0,-0.42535065589112697,2.0,-0.010579226562802042,0.30162115096590975,-0.5302472076644837,0.4336784177442679,1.3180410633151975,1.6168016159804797,0.2840624447122078,-1.587905891446534
0.4647648656599274,0,0,4,0.698788616393417,0.794913219385191,-1.2726776793257237,-0.8704704927942822,-0.40930657290429223,1,1.3017941511261861,-0.867256858348901,0,0,0.0,-0.42535065589112697,2.0,1.401290232341063,0.1365484995172334,0.6565425720471497,1.1840930932878886,1.0417715780863765,1.332631237649767,1.6120453668038925,-0.20638633324900313
-1.5670342456154605,1,2,0,-1.1352189843690004,-1.142450472444725,1.5127833782687947,0.006161895890473879,0.34926460129082515,0,-0.48013575169824046,0.896459281152263,0,0,0.0,-0.42535065589112697,2.0,-0.4396768072100554,0.2878650966785198,-1.7735507864100049,-0.539081346849314,-1.5137211602802234,0.053864535161561936,1.1227885007701142,-1.035298068167522
-0.4060061820295245,2,4,0,0.9905625528783477,0.8491052107650487,1.5824199047086578,0.006161895890473879,-1.02995571542757,0,1.3017941511261861,0.30855390131854166,0,0,0.0,-0.42535065589112697,2.0,-1.6162346896299435,-1.3491053635208525,0.11966148122522034,0.3641955774161551,-1.6518559028946345,0.2669923189095964,1.1926823387749397,0.7606773574892688
0.7550218815564114,1,1,0,0.3236506980556504,0.5916932517107244,-1.0637681000061345,-0.8704704927942822,-1.6850853658688079,1,-0.48013575169824046,0.896459281152263,0,0,0.0,-0.42535065589112697,2.0,1.2213460856180214,1.113228353921901,0.8119555193903396,0.5031612580723813,0.6273673502431437,1.0484608593190552,0.5636377967315094,-0.6208422007082621
-1.5670342456154605,1,1,2,1.365700471216115,1.6619850814629158,0.6771450609904393,-0.8704704927942822,1.314718822993702,0,-1.3711007031104538,1.4843646609859844,1,0,1.0,1.9570595794675738,1.0,1.3597646600203614,-1.3215932549460732,0.6847994715640934,-0.48349507458682345,-1.3755864176658126,-0.44343362691718513,1.33247001478459,1.6586650703176642
0.4647648656599274,2,3,2,1.3379124772651694,1.3097371374938405,0.7467815874303023,0.88279428457523,-1.0989167312634898,1,0.4108291997139728,0.30855390131854166,0,0,0.0,-0.42535065589112697,2.0,-1.6716021193908797,1.2095207339336285,0.020762332915917142,0.46147155387551314,-1.3755864176658126,-0.23030584316915068,-0.9740266393746521,-0.828070134437892
1.6257929292458633,0,4,3,1.6852624016519908,1.4723131116334134,0.25932590235126196,-0.8704704927942822,-1.6506048579508479,0,-1.3711007031104538,0.30855390131854166,0,0,0.0,-0.42535065589112697,2.0,1.6366018088250411,0.2053287709541816,-0.9258438009016953,-0.886495548489879,0.420165236321528,0.053864535161561936,-1.7428588574277328,1.1751332249485287
-0.6962631979260084,1,1,2,0.407014679908487,0.3478292905013641,0.328962428791125,1.759426673259986,0.07342053794714612,0,-1.3711007031104538,0.896459281152263,0,0,0.0,-0.42535065589112697,2.0,-0.4535186646502897,0.30162115096590975,-0.8128162028339205,1.712162679781548,-0.8230474472081696,-0.15926324858647253,1.33247001478459,-1.4497539356267808
0.4647648656599274,2,2,3,-1.6215088785105505,-1.8875903539177694,0.5378720081107132,-0.8704704927942822,1.5560823784194209,1,1.3017941511261861,-0.867256858348901,0,0,0.0,-0.42535065589112697,2.0,-0.03826294144327002,-0.1660846948053399,-0.6432748057322585,1.628783271387812,1.110838949393582,0.5511626972403082,-1.183708153389129,0.8297533353991454
-1.5670342456154605,0,2,1,-0.2737911718896829,-0.546338567266289,-1.2030411528858607,-0.8704704927942822,0.2803035854549054,0,1.3017941511261861,-0.27935147851517966,1,0,2.0,1.9570595794675738,0.0,-0.5365698092916936,-1.1565206034973972,-0.8128162028339205,0.8922651639098139,-0.06330636282891022,-0.44343362691718513,-0.48476977334087296,-1.035298068167522
-0.4060061820295245,0,2,4,0.4209086768839602,0.659433240935547,1.6520564311485209,1.759426673259986,1.6250433942553408,1,1.3017941511261861,-0.867256858348901,0,0,0.0,-0.42535065589112697,2.0,-1.0764022494608185,-1.3078372006586834,1.2640659116614386,1.5731969991253216,-1.444653788973018,-0.5855188160825406,1.6120453668038925,-1.4497539356267808
-0.4060061820295245,1,4,1,0.740470607319836,0.7136252323154042,-0.7852219942466825,-0.8704704927942822,-0.5472286045761318,1,-0.48013575169824046,1.4843646609859844,1,1,2.0,1.9570595794675738,1.0,-1.450132400347136,-0.014768097644052947,0.6565425720471497,0.33640244128490987,-0.20144110544332117,-1.0117743835786095,-0.6944512873553498,0.6916013795793922
1.6257929292458633,2,3,2,0.8377285861481458,0.8355572129200847,-0.7155854678068195,1.759426673259986,-0.6506701283300114,0,1.3017941511261861,0.896459281152263,0,0,0.0,-0.42535065589112697,2.0,-1.1594533941022225,0.5079619652767549,-0.954100700418639,1.4481278865347178,-1.3755864176658126,0.5511626972403082,1.0528946627652886,-0.48269024488850887
1.0452788974528953,0,0,2,-1.010173011589745,-1.0611624853749382,1.0949642196296174,-0.8704704927942822,-0.8575531758377707,0,0.4108291997139728,0.896459281152263,1,1,0.0,-0.42535065589112697,0.0,1.3459228025801278,1.6084463082679294,-1.5616240400329275,-0.05270146455252271,0.14389575109270616,-1.4380299510746777,-0.4148759353360481,-0.6208422007082621
0.4647648656599274,0,0,1,1.574110425848208,1.6484370836179516,-0.9941315735662716,-0.8704704927942822,-0.030020985806733527,0,1.3017941511261861,-1.4551622381826224,1,0,0.0,-0.42535065589112697,1.0,-0.17668151584560993,1.3470812768075255,1.235809012144495,-0.16387400907750363,-0.4086432193649376,1.5457590213978016,0.7733193107459861,1.4514371365880343
-0.9865202138224924,1,3,1,-1.4130989238784577,-1.6979183840882672,0.050416323031672906,1.759426673259986,0.7975112042243035,1,1.3017941511261861,1.4843646609859844,0,0,0.0,-0.42535065589112697,2.0,-1.408606828026434,0.7143027795876,0.783698619873396,-0.7058401636367854,-0.6849127045937586,-0.15926324858647253,-1.6729650194229073,0.9679052912188987
0.4647648656599274,1,1,4,0.3514386920065955,0.14460932282689748,0.398598955230988,-0.8704704927942822,-0.3748260649863323,0,0.4108291997139728,0.30855390131854166,0,0,0.0,-0.42535065589112697,2.0,-0.6749883836940336,1.1407404624966804,0.9532400169750581,-1.623013655967877,-0.8921148185153751,0.12490712974424009,0.7733193107459861,1.313285180768281
0.7550218815564114,2,1,4,0.01798276459524716,0.009129344377252888,-0.9941315735662716,0.88279428457523,0.5906281567165443,0,0.4108291997139728,0.896459281152263,0,0,0.0,-0.42535065589112697,2.0,0.25241606480164347,1.4296176025318637,0.049019232432860826,-1.2200131820648215,0.2820304937071171,-1.4380299510746777,-1.0439204773794777,-1.587905891446534
0.7550218815564114,0,2,2,-1.4547809148048763,-1.386314433654085,1.5127833782687947,1.759426673259986,0.34926460129082515,0,1.3017941511261861,-1.4551622381826224,0,0,0.0,-0.42535065589112697,2.0,-0.21820708816631218,-1.6379825035560358,1.4477357585215722,-1.6508067920991223,0.2820304937071171,1.6168016159804797,-0.9041328013698265,-0.828070134437892
-1.2767772297189763,1,1,2,-1.5103569027067678,-1.1559984702896895,1.0949642196296174,-0.8704704927942822,1.4526408546655414,0,1.3017941511261861,0.896459281152263,0,0,0.0,-0.42535065589112697,2.0,1.1106112260961496,0.1365484995172334,-0.7421739540415617,-0.17777057714312655,-1.5137211602802234,1.5457590213978016,0.423850120721859,0.8297533353991454
-0.6962631979260084,1,0,1,0.9627745589274019,0.7407212280053331,-0.8548585206865456,0.006161895890473879,0.9009527279781833,1,0.4108291997139728,0.896459281152263,1,1,1.0,1.9570595794675738,1.0,0.6399880731281945,1.5946902539805399,-0.7563024038000332,1.2952656378128695,1.525243177236814,0.8353330755710208,-0.9041328013698265,-0.5517662227983855
1.6257929292458633,2,1,4,1.1433965196085492,0.8897492042999424,0.4682354816708502,-0.8704704927942822,0.03894003002918623,1,1.3017941511261861,1.4843646609859844,0,0,0.0,-0.42535065589112697,2.0,0.7922485049707682,1.4158615482444736,0.7695701701149245,1.1840930932878886,0.8345694641647601,0.48012010265763005,-0.27508825932639697,1.3823611586781577
0.7550218815564114,2,1,3,0.7543646042953086,0.9032972021449066,-1.2030411528858607,-0.8704704927942822,1.5216018705014611,1,0.4108291997139728,0.896459281152263,1,0,1.0,3.1482646971469244,3.0,-0.9518255324987127,1.7047386882796576,-1.2225412458296037,1.045127412631663,0.6964347215503491,-0.6565614106652188,-0.5546636113456985,0.20806953421025662
-0.4060061820295245,2,4,1,-0.9684910206633259,-1.020518491840045,-0.9244950471264086,0.88279428457523,1.5905628863373809,0,-0.48013575169824046,1.4843646609859844,0,0,0.0,-0.42535065589112697,2.0,0.6953555028891305,1.0306920281975627,0.7271848208395086,0.7394029151879654,1.5943105485440194,0.33803491349227455,0.4937439587266838,1.1751332249485287
1.3355359133493794,2,4,4,0.7960465952217275,0.9574891935247645,-0.4370393620473682,1.759426673259986,-0.7196311441659311,0,0.4108291997139728,0.30855390131854166,0,0,0.0,-0.42535065589112697,2.0,1.719652953466445,0.3841574766902473,0.9673684667335303,-0.5251847787836916,1.1799063207007874,0.4090775080749527,0.7034254727411606,-0.6899181786181388
1.0452788974528953,2,4,2,-0.2598971749142103,0.06332133575711073,1.5824199047086578,1.759426673259986,-0.8920336837557306,0,-0.48013575169824046,-0.867256858348901,0,0,0.0,-0.42535065589112697,2.0,0.23857420736140916,-0.496229997702692,0.9249831174581143,0.19743676062868373,-0.20144110544332117,1.6168016159804797,-0.34498209733122254,-0.3445382890687564
-1.2767772297189763,2,0,0,-0.2737911718896829,-0.13989863191735588,0.8860546403100283,1.759426673259986,-1.6850853658688079,1,-0.48013575169824046,1.4843646609859844,1,0,1.0,0.7658544617882235,3.0,-0.13515594352490826,-0.6750587034387584,-1.0247429492109978,-0.9559783888179924,-0.3395758480577321,1.758886805145836,-1.7428588574277328,-1.035298068167522
-1.5670342456154605,2,1,2,-0.5238831174481946,-0.47859857804146705,-1.2726776793257237,0.88279428457523,-1.2023582550173695,0,-0.48013575169824046,-0.867256858348901,1,1,1.0,0.7658544617882235,0.0,-1.6300765470701777,1.319569168232746,1.3205797106953259,-0.9698749568836147,-1.168384303744197,0.12490712974424009,0.4937439587266838,1.5895890924077876
-0.4060061820295245,0,0,2,-0.12095720515948158,-0.27537861036700045,1.1646007460694805,0.88279428457523,-0.16794301747857304,1,-1.3711007031104538,0.30855390131854166,1,1,1.0,0.7658544617882235,2.0,-1.6716021193908797,0.8656193767488863,-0.9682291501771105,-1.6785999282303674,1.3180410633151975,-0.23030584316915068,-0.9041328013698265,-0.828070134437892
-0.11574916613304052,2,3,2,1.4629584500444248,1.3639291288736977,1.6520564311485209,-0.8704704927942822,0.383745109208785,1,0.4108291997139728,-0.867256858348901,0,0,0.0,-0.42535065589112697,2.0,-1.408606828026434,0.2878650966785198,0.34571667736076916,0.8366788916473235,0.9036368354719655,0.9774182647363772,0.5636377967315094,-0.9662220902576453
0.17450784976344344,0,3,1,0.7682586012707817,0.7136252323154042,0.050416323031672906,1.759426673259986,-1.3057997787712492,0,-1.3711007031104538,1.4843646609859844,0,0,0.0,-0.42535065589112697,2.0,-0.9518255324987127,0.012744010930725833,0.33158822760229767,-1.6647033601647447,0.972704206779171,1.1195034539017334,1.6120453668038925,-1.1043740460773985
-0.11574916613304052,1,4,1,-1.4130989238784577,-1.2643824530494048,-0.019220203408190112,-0.8704704927942822,0.07342053794714612,1,-1.3711007031104538,-0.867256858348901,1,0,1.0,3.1482646971469244,2.0,1.0690856537754478,0.8656193767488863,0.868469318424227,-0.34452939393059734,0.9036368354719655,-0.44343362691718513,1.4023638527894158,-1.1043740460773985
0.17450784976344344,2,0,3,0.17081673132544847,0.2936372991215068,-0.2977663091676422,-0.8704704927942822,0.03894003002918623,1,-1.3711007031104538,-0.867256858348901,0,0,0.0,-0.42535065589112697,2.0,-0.4396768072100554,-1.4453977435325804,-0.5443756574229559,-1.0532543652773503,1.5943105485440194,0.7642904809883426,0.8432131487508118,-0.20638633324900313
0.7550218815564114,0,3,1,-0.3849431476934659,-0.573434562956218,-0.6459489413669565,1.759426673259986,-0.8230726679198108,0,0.4108291997139728,1.4843646609859844,1,0,2.0,1.9570595794675738,0.0,-0.6888302411342673,0.3979135309776373,-0.9682291501771105,-0.06659803261814563,-1.030249561129786,0.19594972432691823,-0.8342389633650009,-1.587905891446534
-1.5670342456154605,0,1,1,-1.3019469480746746,-1.169546468134654,-0.08885672984805312,0.006161895890473879,-1.2368387629353292,0,1.3017941511261861,0.30855390131854166,0,0,0.0,-0.42535065589112697,2.0,1.1382949409766177,-1.514178014969529,-1.2225412458296037,1.072920548762908,-1.7209232742018399,-0.7986465998305751,0.2840624447122078,0.34622149003000985
1.6257929292458633,1,0,4,0.51816665571227,0.5645972560207955,0.18968937591139895,-0.8704704927942822,-1.1333972391814497,0,0.4108291997139728,-0.27935147851517966,1,0,1.0,0.7658544617882235,2.0,0.6953555028891305,-1.2253008749343453,-1.7594223366515331,0.47536812194113603,-1.3065190463586072,0.9774182647363772,1.2625761767797654,1.520513114497911
0.4647648656599274,2,2,1,-0.06538121725759008,0.03622534006718181,-0.019220203408190112,0.006161895890473879,-0.9609946995916503,0,-1.3711007031104538,0.30855390131854166,0,0,0.0,-0.42535065589112697,2.0,-0.8134069580963729,0.851863322461497,-1.19428434631266,-0.8448058442930114,-1.6518559028946345,0.7642904809883426,0.423850120721859,0.6916013795793922
-1.5670342456154605,0,4,2,0.6432126284915262,0.5645972560207955,-0.5066758884872304,0.006161895890473879,-1.4437218104430887,1,-1.3711007031104538,1.4843646609859844,0,0,0.0,-0.42535065589112697,2.0,-1.3255556833850302,0.9619117567606146,0.7271848208395086,0.586540666466117,-1.168384303744197,-0.8696891944132532,-0.34498209733122254,-0.7589941565280154
1.3355359133493794,1,2,3,0.4764846647858517,0.42911727757115087,-0.9941315735662716,1.759426673259986,-1.02995571542757,0,-1.3711007031104538,-0.27935147851517966,0,0,0.0,-0.42535065589112697,2.0,-1.46397425778737,-1.5692022321190875,-1.2507981453465473,-1.5813239517710092,0.8345694641647601,-0.9407317889959314,-0.48476977334087296,1.106057247038652
-0.6962631979260084,0,2,4,0.6154246345405805,0.7678172236952621,1.0949642196296174,0.88279428457523,-0.9954752075096102,0,-1.3711007031104538,1.4843646609859844,0,0,0.0,-0.42535065589112697,2.0,-0.5642535241721616,-1.239056929221735,-0.869330001867808,-1.5118411114428965,0.35109786501432255,-1.295944761909322,0.9131069867556374,-0.9662220902576453
1.6257929292458633,0,4,4,-0.09316921120853583,-0.27537861036700045,-0.9244950471264086,-0.8704704927942822,-0.8230726679198108,0,-0.48013575169824046,0.896459281152263,0,0,0.0,-0.42535065589112697,2.0,-0.010579226562802042,-1.2115448206469557,-0.09226526515185696,-1.2061166139991988,-0.20144110544332117,-1.3669873564919994,-0.9740266393746521,0.34622149003000985
0.17450784976344344,2,1,2,-0.19042719003684563,-0.3024746060569294,0.12005284947153592,-0.8704704927942822,0.41822561712674494,1,-1.3711007031104538,1.4843646609859844,0,0,0.0,-0.42535065589112697,2.0,-0.03826294144327002,-1.335349309233463,-0.14877906418574433,-0.8448058442930114,-0.5467779619793477,-1.224902167326644,-0.9041328013698265,-1.4497539356267808
-0.11574916613304052,2,3,3,-0.39883714466893844,-0.34311859959182245,1.6520564311485209,1.759426673259986,1.4181603467475814,0,-0.48013575169824046,-0.867256858348901,0,0,0.0,-0.42535065589112697,2.0,-1.505499830108072,1.2783010053705772,0.7695701701149245,-0.5946676191118044,0.00576100847829524,-1.295944761909322,0.7034254727411606,-1.4497539356267808
-0.9865202138224924,2,4,3,1.4629584500444248,1.092969171974409,0.328962428791125,1.759426673259986,1.3836798388296216,1,1.3017941511261861,0.30855390131854166,0,0,0.0,-0.42535065589112697,2.0,1.0690856537754478,0.8656193767488863,0.8260839691488118,1.628783271387812,-0.06330636282891022,0.6222052918229863,1.1227885007701142,-0.06823437742924988
0.17450784976344344,0,1,0,-0.9545970236878534,-0.6547225500260048,-1.2726776793257237,0.006161895890473879,-0.9609946995916503,0,0.4108291997139728,-1.4551622381826224,0,0,0.0,-0.42535065589112697,2.0,-1.477816115227604,-1.6930067207055945,0.049019232432860826,-0.24725341747123933,1.0417715780863765,0.12490712974424009,1.542151528799067,-1.035298068167522
-0.4060061820295245,2,1,2,-1.5242508996822406,-1.3998624314990493,-1.2726776793257237,-0.8704704927942822,0.7630306963063437,0,1.3017941511261861,0.30855390131854166,0,0,0.0,-0.42535065589112697,2.0,0.7368810752098321,-0.42744972626574385,1.5748918063478186,-0.5668744829805592,1.6633779198512249,-1.0828169781612877,-1.3933896674036048,-0.6208422007082621
1.3355359133493794,1,0,1,-0.5516711113991404,-0.20763862114217788,-0.5066758884872304,0.88279428457523,0.9354332358961431,0,-1.3711007031104538,0.896459281152263,0,0,0.0,-0.42535065589112697,2.0,0.8614577921719384,0.3979135309776373,1.2640659116614386,0.044574511906835285,-0.5467779619793477,1.758886805145836,-0.48476977334087296,-0.27546231115887976
-1.5670342456154605,2,2,4,1.212866504485913,0.8897492042999424,1.4431468518289317,0.006161895890473879,-0.5127480966581719,1,0.4108291997139728,1.4843646609859844,1,1,0.0,-0.42535065589112697,2.0,1.0690856537754478,0.30162115096590975,0.43048737591160025,0.11405735223494805,1.110838949393582,1.332631237649767,1.1926823387749397,1.106057247038652
0.7550218815564114,1,4,0,0.3653326889820687,0.23944530774164902,-0.019220203408190112,0.006161895890473879,-1.340280286689209,0,1.3017941511261861,-1.4551622381826224,0,0,0.0,-0.42535065589112697,2.0,-1.3670812557057321,1.3883494396696943,0.4163589261531287,-0.7753230039648981,-0.7539800759009642,0.4090775080749527,-0.34498209733122254,-0.20638633324900313
-0.9865202138224924,1,0,2,1.4907464439953706,1.4723131116334134,0.18968937591139895,-0.8704704927942822,1.0733552675679827,0,1.3017941511261861,-0.867256858348901,1,1,0.0,-0.42535065589112697,3.0,0.6815136454488968,1.0031799196227833,-1.1377705472787727,0.8505754597129463,1.5943105485440194,1.4036738322324451,0.9830008247604629,0.7606773574892688
1.6257929292458633,2,4,0,-0.12095720515948158,-0.38376259312671557,1.5127833782687947,-0.8704704927942822,1.245757807157782,1,-1.3711007031104538,-0.27935147851517966,0,0,0.0,-0.42535065589112697,2.0,1.5535506641836372,-0.48247394341530264,0.020762332915917142,1.0173342765004176,0.21296312239991164,1.758886805145836,-0.13530058331674574,0.7606773574892688
-1.5670342456154605,1,3,1,-1.4964629057312948,-1.2508344552044404,-0.5763124149270935,0.88279428457523,0.6940696804704239,0,-0.48013575169824046,1.4843646609859844,0,0,0.0,-0.42535065589112697,2.0,-0.3981512348893537,-0.1660846948053399,-1.7735507864100049,0.9895411403691725,-1.582788531587429,1.1195034539017334,0.14427476870255662,0.06991757839050336
0.7550218815564114,2,2,1,1.2406544984368588,0.9168451999898714,0.12005284947153592,0.006161895890473879,-0.09898200164265329,0,0.4108291997139728,0.30855390131854166,0,0,0.0,-0.42535065589112697,2.0,1.3874483749008293,0.9756678110480039,0.9391115672165865,1.5315072949284536,1.6633779198512249,0.2669923189095964,-1.3933896674036048,-0.1373103553391265
1.6257929292458633,0,0,3,-0.19042719003684563,0.09041733144703964,0.7467815874303023,-0.8704704927942822,1.4871213625835011,1,1.3017941511261861,-0.867256858348901,1,0,1.0,1.9570595794675738,3.0,-0.4535186646502897,-1.3628614178082423,0.7695701701149245,-0.5807710510461821,-0.8230474472081696,0.5511626972403082,0.21416860670738222,-0.48269024488850887
-1.5670342456154605,0,1,4,1.0183505468292935,1.1878051568891599,-1.2030411528858607,-0.8704704927942822,-1.6161243500328881,0,-0.48013575169824046,0.30855390131854166,1,0,2.0,0.7658544617882235,1.0,-1.3255556833850302,1.1682525710714597,0.9249831174581143,-0.5529779149149369,0.5582999789359382,-1.3669873564919994,0.004487092692905432,-1.6569818693564107
0.7550218815564114,2,4,4,-0.16263919608589988,-0.47859857804146705,0.25932590235126196,-0.8704704927942822,-0.8230726679198108,1,1.3017941511261861,-0.27935147851517966,1,1,1.0,0.7658544617882235,3.0,0.8891415070524064,-0.4549618348405232,0.713056371081037,-0.4140122342587107,-0.27050847675052664,0.19594972432691823,1.6120453668038925,-1.3806779577169042
1.0452788974528953,2,0,1,1.4907464439953706,1.174257159044196,-1.0637681000061345,-0.8704704927942822,-0.8920336837557306,0,1.3017941511261861,1.4843646609859844,1,1,0.0,-0.42535065589112697,1.0,0.7230392177695985,-0.1935968033801193,-1.2225412458296037,-0.09439116874939087,0.35109786501432255,-0.5855188160825406,0.07438093069773102,-1.2425260018971518
-0.9865202138224924,2,3,4,-1.6909788633879148,-1.4269584271889784,-0.08885672984805312,-0.8704704927942822,-1.0989167312634898,0,-1.3711007031104538,-0.27935147851517966,1,1,2.0,3.1482646971469244,0.0,-1.2148208238631582,-0.8126192463126547,-0.5443756574229559,-1.1922200459335763,-1.582788531587429,1.332631237649767,-1.6729650194229073,-1.5188299135366574
-0.4060061820295245,1,4,2,-0.7600810660312332,-0.8850385133904003,-1.2726776793257237,-0.8704704927942822,-0.6161896204120515,0,-0.48013575169824046,-1.4551622381826224,0,0,0.0,-0.42535065589112697,2.0,-1.519341687548306,1.443373656819253,-1.5333671405159839,1.489817590731586,0.00576100847829524,-0.23030584316915068,1.681939204808718,1.7277410482275408
0.7550218815564114,0,3,1,-1.3019469480746746,-1.2643824530494048,0.050416323031672906,0.88279428457523,1.314718822993702,0,1.3017941511261861,-1.4551622381826224,0,0,0.0,-0.42535065589112697,2.0,0.1555230627200052,1.0719601910597316,0.47287272518701606,1.35085191007536,-0.4086432193649376,0.2669923189095964,1.33247001478459,-0.9662220902576453
1.3355359133493794,1,4,4,-0.7739750630067057,-0.749558534940756,0.9556911667498914,0.88279428457523,-0.6506701283300114,1,-0.48013575169824046,0.30855390131854166,1,1,0.0,-0.42535065589112697,3.0,1.5673925216238709,0.6867906710128207,-0.02162301635949807,-1.0532543652773503,-1.3065190463586072,-1.580115140240034,-1.6729650194229073,1.313285180768281
-0.11574916613304052,2,1,1,-1.5242508996822406,-1.5488904077936583,-1.342314205765586,-0.8704704927942822,-0.06450149372469341,1,1.3017941511261861,0.30855390131854166,1,1,2.0,0.7658544617882235,0.0,0.0586300606383676,-1.1840327120721765,-0.40309115983823746,1.587093567190944,-0.5467779619793477,-1.224902167326644,0.2840624447122078,0.34622149003000985
-0.11574916613304052,1,4,4,-1.065748999491636,-1.359218437964156,-0.9244950471264086,-0.8704704927942822,-0.7196311441659311,0,-0.48013575169824046,0.30855390131854166,0,0,0.0,-0.42535065589112697,2.0,-0.5088860944112257,-0.5374981605648614,-0.6574032554907306,-0.8448058442930114,0.35109786501432255,1.4036738322324451,-0.6944512873553498,-1.1043740460773985
0.17450784976344344,0,4,3,-1.2880529510992018,-1.142450472444725,0.050416323031672906,1.759426673259986,-0.6161896204120515,1,0.4108291997139728,0.896459281152263,0,0,0.0,-0.42535065589112697,2.0,-1.1732952515424566,-0.30364523767923685,-1.5474955902744558,0.933954868106682,-0.3395758480577321,-0.5855188160825406,0.004487092692905432,0.6916013795793922
-0.11574916613304052,1,0,3,-0.5933531023255587,-0.4379545845065734,-0.2977663091676422,0.006161895890473879,-0.030020985806733527,0,-0.48013575169824046,1.4843646609859844,0,0,0.0,-0.42535065589112697,2.0,-1.547025402428774,1.3883494396696943,1.518378007313931,0.8366788916473235,0.7655020928575547,-0.7986465998305751,0.14427476870255662,1.7277410482275408
-0.4060061820295245,2,0,0,0.2541807131782857,0.307185296966471,-1.342314205765586,-0.8704704927942822,0.2803035854549054,1,0.4108291997139728,1.4843646609859844,0,0,0.0,-0.42535065589112697,2.0,0.4462020689649187,-1.679250666418205,0.8825977681826992,0.8783685958441916,1.1799063207007874,1.1905460484844115,0.21416860670738222,0.9679052912188987
0.4647648656599274,2,0,1,-1.677084866412442,-1.806302366847983,-0.3674028356075052,-0.8704704927942822,-0.20242352539653294,1,-1.3711007031104538,-1.4551622381826224,0,0,0.0,-0.42535065589112697,2.0,-0.2043652307260779,0.3979135309776373,-0.9964860496940542,0.2391264648255519,1.0417715780863765,-0.8696891944132532,0.2840624447122078,-0.5517662227983855
0.7550218815564114,1,0,2,-1.482568908755822,-1.4811504185688362,-0.2977663091676422,-0.8704704927942822,1.1078357754859425,1,1.3017941511261861,1.4843646609859844,0,0,0.0,-0.42535065589112697,2.0,0.7784066475305345,1.2095207339336285,-1.2084127960711317,-0.9142886846211242,-0.06330636282891022,1.2615886430670897,-1.0439204773794777,1.6586650703176642
0.4647648656599274,1,0,3,1.4073824621425333,1.7026290749978088,-0.22812978272777917,0.88279428457523,1.6250433942553408,1,1.3017941511261861,-0.867256858348901,0,0,0.0,-0.42535065589112697,2.0,1.6366018088250411,1.5259099825435911,-0.8834584516262795,-0.9003921165555019,1.5943105485440194,-0.15926324858647253,-1.0439204773794777,0.6916013795793922
-1.5670342456154605,1,2,3,0.5876366405896347,0.374925286191293,1.3735103253890688,-0.8704704927942822,1.280238315075742,0,-1.3711007031104538,-0.27935147851517966,0,0,0.0,-0.42535065589112697,2.0,0.37699278176374906,-1.2940811463712938,-0.14877906418574433,0.4892646900067584,1.1799063207007874,-1.0117743835786095,1.1227885007701142,-0.8971461123477686
-0.6962631979260084,1,0,3,-0.24600317793873713,0.02267734222221765,0.7467815874303023,1.759426673259986,-0.5127480966581719,1,0.4108291997139728,-0.867256858348901,0,0,0.0,-0.42535065589112697,2.0,-0.46736052209052337,-0.42744972626574385,0.8119555193903396,-0.10828773681501318,-1.6518559028946345,1.4747164268151234,-0.20519442132157134,-1.035298068167522
0.7550218815564114,0,2,0,-0.2598971749142103,-0.4379545845065734,0.7467815874303023,-0.8704704927942822,-0.754111652083891,0,-0.48013575169824046,-0.867256858348901,1,1,2.0,3.1482646971469244,1.0,1.719652953466445,1.2370328425084078,-1.7876792361684768,-1.5118411114428965,0.420165236321528,0.4090775080749527,1.33247001478459,0.4152974679398865
-0.6962631979260084,1,2,4,-0.12095720515948158,-0.3160226039018936,1.4431468518289317,1.759426673259986,0.9354332358961431,0,-1.3711007031104538,1.4843646609859844,0,0,0.0,-0.42535065589112697,2.0,-1.408606828026434,1.5121539282562018,0.4446158256700724,1.281369069747247,1.7324452911584303,-1.1538595727439658,0.7034254727411606,1.313285180768281
-0.4060061820295245,1,3,3,0.04577075854619291,0.11751332713696856,-1.620860311525038,-0.8704704927942822,-1.6850853658688079,1,-0.48013575169824046,1.4843646609859844,0,0,0.0,-0.42535065589112697,2.0,-1.6992858342713475,-1.5279340692569185,-1.1377705472787727,-0.10828773681501318,-1.6518559028946345,-1.224902167326644,0.9830008247604629,0.898829313309022
-0.11574916613304052,2,4,1,-0.07927521423306265,-0.18054262545224894,-1.1334046264459976,0.006161895890473879,0.6595891725524641,0,1.3017941511261861,-0.27935147851517966,0,0,0.0,-0.42535065589112697,2.0,0.9721926516938103,0.9206435938984452,-0.5585041071814274,0.7255063471223431,1.525243177236814,0.4090775080749527,-1.2536019913939545,0.6225254016695156
-0.11574916613304052,0,4,2,-0.3849431476934659,-0.4650505801965023,1.3735103253890688,-0.8704704927942822,-0.20242352539653294,0,1.3017941511261861,-0.27935147851517966,1,0,1.0,0.7658544617882235,0.0,-1.422448685466668,-0.5650102691396408,-0.417219609596709,1.4620244546003407,1.5943105485440194,-1.3669873564919994,-1.3234958293987793,1.520513114497911
-0.6962631979260084,0,0,1,1.4490644530689516,1.6890810771528446,-0.9941315735662716,-0.8704704927942822,-0.030020985806733527,0,0.4108291997139728,0.30855390131854166,0,0,0.0,-0.42535065589112697,2.0,1.4428158046617654,-1.3215932549460732,-1.5616240400329275,1.2674725016816242,0.972704206779171,-0.8696891944132532,-0.6245574493505242,-0.6208422007082621
-1.2767772297189763,1,2,2,-1.579826887584132,-1.4676024207238718,1.2342372725093433,-0.8704704927942822,-1.4782023183610484,0,-1.3711007031104538,-0.867256858348901,0,0,0.0,-0.42535065589112697,2.0,0.10015563295906926,-1.6242264492686462,-1.6040093893083431,0.6560235067942297,0.9036368354719655,0.7642904809883426,0.8432131487508118,-1.3806779577169042
-1.5670342456154605,2,3,4,-0.45441313257082994,-0.5192425715763601,0.25932590235126196,-0.8704704927942822,1.245757807157782,1,-1.3711007031104538,-0.27935147851517966,0,0,0.0,-0.42535065589112697,2.0,-1.2563463961838601,1.5946902539805399,0.30333132808535396,1.1285068210253981,0.5582999789359382,0.2669923189095964,0.7034254727411606,-0.6208422007082621
-0.6962631979260084,1,0,1,1.5185344379463164,1.7703690642226315,1.5824199047086578,0.88279428457523,-1.5126828262790084,0,1.3017941511261861,-1.4551622381826224,0,0,0.0,-0.42535065589112697,2.0,-0.4812023795307577,0.1365484995172334,0.9956253662504739,1.239679365550379,-0.3395758480577321,-0.30134843775182885,-1.2536019913939545,-1.587905891446534
-0.9865202138224924,0,0,0,-1.2324769631973103,-1.332122442274227,-0.5066758884872304,-0.8704704927942822,-0.6161896204120515,1,-1.3711007031104538,-0.867256858348901,0,0,0.0,-0.42535065589112697,2.0,-1.5747091173092416,-1.4453977435325804,0.5011296247039597,-1.2200131820648215,0.00576100847829524,-1.224902167326644,-1.1138143153843032,-1.7260578472662873
-0.4060061820295245,1,1,3,0.7126826133688903,1.0116811849046223,-0.7155854678068195,-0.8704704927942822,-1.374760794607169,1,-0.48013575169824046,-0.867256858348901,0,0,0.0,-0.42535065589112697,2.0,0.7922485049707682,0.4116695852650267,0.868469318424227,0.8227823235817011,0.6964347215503491,1.1195034539017334,0.4937439587266838,-0.3445382890687564
-0.9865202138224924,2,3,4,0.740470607319836,0.46976127110604454,-0.7852219942466825,0.88279428457523,0.6251086646345042,0,-1.3711007031104538,-0.867256858348901,1,1,0.0,-0.42535065589112697,3.0,-0.3427838051284178,-0.014768097644052947,0.40223047639465653,0.05847107997245759,0.14389575109270616,-1.7222003294053903,-0.8342389633650009,-0.6208422007082621
0.17450784976344344,2,4,1,1.3379124772651694,1.4316691180985202,-1.5512237850851749,-0.8704704927942822,1.280238315075742,0,0.4108291997139728,-0.27935147851517966,0,0,0.0,-0.42535065589112697,2.0,-0.7857232432159048,1.6497144711300988,0.5717718734963186,1.5454038629940765,1.1799063207007874,0.2669923189095964,0.633531634736335,0.4152974679398865
-0.6962631979260084,1,4,0,0.4209086768839602,0.2800893012765421,-0.8548585206865456,0.006161895890473879,-1.06443622334553,0,1.3017941511261861,1.4843646609859844,0,0,0.0,-0.42535065589112697,2.0,1.2490298004984894,-0.028524151931442948,0.13378993098369188,-0.9976680930148599,1.0417715780863765,-0.5144762214998625,1.6120453668038925,1.7277410482275408
1.0452788974528953,1,2,0,0.5876366405896347,0.3478292905013641,-1.2726776793257237,0.006161895890473879,1.1423162834039025,0,0.4108291997139728,0.896459281152263,0,0,0.0,-0.42535065589112697,2.0,0.25241606480164347,-0.06979231479361173,-1.434467992206681,1.2257827974847566,0.8345694641647601,-1.580115140240034,-1.0439204773794777,0.20806953421025662
0.17450784976344344,1,1,3,-0.20432118701231883,0.09041733144703964,1.3735103253890688,-0.8704704927942822,-0.030020985806733527,0,-0.48013575169824046,0.30855390131854166,0,0,0.0,-0.42535065589112697,2.0,0.8752996496121721,-1.0189600606235005,0.543514973979375,0.5587475303348718,1.387108434622403,1.1905460484844115,1.542151528799067,1.2442092028584053
0.7550218815564114,0,2,3,-1.5242508996822406,-1.7114663819332316,0.328962428791125,0.88279428457523,0.5216671408806246,1,-1.3711007031104538,-1.4551622381826224,0,0,0.0,-0.42535065589112697,2.0,-0.4258349497698217,-0.7438389748757065,-0.04987991587644175,1.5593004310596987,-1.2374516750514024,-0.30134843775182885,1.4722576907942413,-0.5517662227983855
1.3355359133493794,0,2,2,-0.45441313257082994,-0.18054262545224894,1.6520564311485209,0.006161895890473879,-1.3057997787712492,0,0.4108291997139728,-1.4551622381826224,0,0,0.0,-0.42535065589112697,2.0,0.11399749039930356,-1.5967143406938669,1.5466349068308747,-0.7336332997680306,-1.6518559028946345,-1.5090725456573557,0.2840624447122078,-1.2425260018971518
1.6257929292458633,2,0,4,1.0739265347311844,1.174257159044196,-0.019220203408190112,-0.8704704927942822,-1.0989167312634898,1,-0.48013575169824046,-1.4551622381826224,0,0,0.0,-0.42535065589112697,2.0,0.030946345757899618,-1.4316416892451906,-1.6463947385837583,0.11405735223494805,-0.8921148185153751,-1.4380299510746777,-0.27508825932639697,1.4514371365880343
-0.11574916613304052,1,1,0,1.1156085256576034,1.3774771267186625,0.25932590235126196,0.88279428457523,-0.34034555706837244,0,-0.48013575169824046,1.4843646609859844,0,0,0.0,-0.42535065589112697,2.0,-0.3151000902479498,0.054012173792895225,-1.1236420975203008,0.4336784177442679,1.110838949393582,0.2669923189095964,0.9830008247604629,0.8297533353991454
-1.5670342456154605,0,4,1,-0.23210918096326458,0.02267734222221765,-1.620860311525038,0.006161895890473879,-0.7196311441659311,0,0.4108291997139728,-0.867256858348901,0,0,0.0,-0.42535065589112697,2.0,-0.5642535241721616,-1.3215932549460732,1.1369098638351918,0.030677943841212977,0.420165236321528,0.12490712974424009,0.7733193107459861,-0.6208422007082621
-0.9865202138224924,2,3,0,-1.6909788633879148,-1.603082399173516,1.3735103253890688,1.759426673259986,-0.6851506362479712,1,1.3017941511261861,-1.4551622381826224,0,0,0.0,-0.42535065589112697,2.0,0.7368810752098321,-1.679250666418205,-0.6997886047661458,1.0173342765004176,0.6273673502431437,0.8353330755710208,1.1227885007701142,0.9679052912188987
-1.2767772297189763,2,4,1,0.4764846647858517,0.15815732067186225,1.5824199047086578,0.88279428457523,0.5906281567165443,1,1.3017941511261861,0.30855390131854166,0,0,0.0,-0.42535065589112697,2.0,0.6676717880086626,1.457129711106643,-1.180155896554188,-1.4006685669179155,1.3180410633151975,1.4747164268151234,-0.7643451253601753,-0.413614266978633
1.3355359133493794,1,3,0,-0.6072470993010318,-0.8443945198555072,-1.411950732205449,-0.8704704927942822,-1.2368387629353292,1,0.4108291997139728,0.896459281152263,0,0,0.0,-0.42535065589112697,2.0,-1.505499830108072,0.8793754310362764,-1.2366696955880756,1.4759210226659631,-0.4777105906721423,0.6222052918229863,-0.9740266393746521,-0.8971461123477686
0.4647648656599274,1,2,3,-0.12095720515948158,-0.20763862114217788,-0.22812978272777917,-0.8704704927942822,0.10790104586510599,1,-0.48013575169824046,0.30855390131854166,0,0,0.0,-0.42535065589112697,2.0,-1.339397540825264,-0.1385725862305605,0.5152580744624313,-0.45570193845557827,-1.030249561129786,1.1195034539017334,-0.48476977334087296,-1.035298068167522
-1.5670342456154605,2,2,2,0.9905625528783477,1.120065167664338,-1.1334046264459976,-0.8704704927942822,1.0733552675679827,0,1.3017941511261861,-1.4551622381826224,0,0,0.0,-0.42535065589112697,2.0,-1.1456115366619886,-1.6517385578434256,-1.0106144994525263,-1.6091170879022543,-0.5467779619793477,-1.295944761909322,0.2840624447122078,-0.413614266978633
1.6257929292458633,1,3,4,1.212866504485913,1.4045731224085913,-0.08885672984805312,-0.8704704927942822,-0.754111652083891,1,-1.3711007031104538,0.30855390131854166,0,0,0.0,-0.42535065589112697,2.0,-0.937983675058479,-1.0602282234856693,0.2750744285684103,0.8783685958441916,-0.6158453332865532,-1.4380299510746777,0.7733193107459861,-0.6899181786181388
-1.5670342456154605,0,4,0,1.3101244833142236,1.3774771267186625,1.7216929575883837,0.88279428457523,0.7630306963063437,1,0.4108291997139728,0.896459281152263,1,0,0.0,-0.42535065589112697,3.0,-1.3947649705862,-0.7163268663009271,0.5152580744624313,-1.345082294655425,0.21296312239991164,-1.3669873564919994,-0.9740266393746521,-1.1043740460773985
-0.6962631979260084,0,3,4,0.7682586012707817,0.5375012603308665,-0.7852219942466825,-0.8704704927942822,-0.9954752075096102,1,-0.48013575169824046,0.30855390131854166,0,0,0.0,-0.42535065589112697,2.0,-0.24589080304678018,0.7555709424497689,0.16204683050063556,1.7538523839784155,-0.27050847675052664,-1.1538595727439658,-0.06540674531192016,-0.8971461123477686
0.4647648656599274,1,1,3,0.04577075854619291,0.33428129265639994,0.4682354816708502,0.88279428457523,0.969913743814103,1,-0.48013575169824046,0.896459281152263,0,0,0.0,-0.42535065589112697,2.0,0.9445089368133424,-0.9639358434739417,-1.6040093893083431,0.19743676062868373,0.6964347215503491,-0.9407317889959314,0.8432131487508118,1.5895890924077876
-0.6962631979260084,2,1,0,-0.8295510509085973,-0.5192425715763601,-0.08885672984805312,1.759426673259986,-0.6161896204120515,1,1.3017941511261861,0.896459281152263,1,0,0.0,-0.42535065589112697,0.0,1.1106112260961496,0.26035298810374036,-1.0247429492109978,-1.5535308156397638,0.21296312239991164,-1.295944761909322,-0.5546636113456985,0.06991757839050336
0.4647648656599274,2,1,2,0.5459546496632157,0.8355572129200847,1.5824199047086578,-0.8704704927942822,1.280238315075742,1,-1.3711007031104538,-0.867256858348901,0,0,0.0,-0.42535065589112697,2.0,-1.0764022494608185,-1.1290084949226178,1.2640659116614386,-0.23335684940561702,0.5582999789359382,-0.017178059421116217,0.7733193107459861,-0.06823437742924988
0.17450784976344344,1,4,0,-0.7045050781293417,-0.6411745521810406,-0.6459489413669565,-0.8704704927942822,-1.4782023183610484,0,1.3017941511261861,0.30855390131854166,0,0,0.0,-0.42535065589112697,2.0,1.0275600814547463,-1.5279340692569185,1.7161763039325368,0.7255063471223431,-1.168384303744197,-0.9407317889959314,0.7034254727411606,0.9679052912188987
-1.5670342456154605,0,1,0,0.8099405921972,0.5375012603308665,-0.9244950471264086,-0.8704704927942822,-0.5127480966581719,0,-1.3711007031104538,-1.4551622381826224,1,1,0.0,-0.42535065589112697,2.0,0.9721926516938103,-0.001012043356663557,-0.5302472076644837,-0.19166714520874886,-0.4086432193649376,1.6168016159804797,0.9131069867556374,-1.035298068167522
-0.9865202138224924,0,1,4,-1.3575229359765661,-1.4946984164138006,0.6771450609904393,-0.8704704927942822,-1.4437218104430887,1,1.3017941511261861,-1.4551622381826224,0,0,0.0,-0.42535065589112697,2.0,-1.6162346896299435,-0.6888147577261478,0.9956253662504739,0.6421269387286074,-0.20144110544332117,-0.8696891944132532,-1.533177343413256,-0.5517662227983855
1.0452788974528953,2,3,3,-1.5242508996822406,-1.5624384056386227,-1.2726776793257237,0.88279428457523,0.9009527279781833,1,-1.3711007031104538,0.896459281152263,1,0,0.0,-0.42535065589112697,1.0,-0.010579226562802042,1.4158615482444736,0.33158822760229767,-1.5535308156397638,-1.3065190463586072,0.9063756701536989,0.7733193107459861,-1.1734500239872752
0.17450784976344344,0,3,0,0.5042726587367975,0.3478292905013641,0.4682354816708502,0.006161895890473879,-0.2369040333144928,1,0.4108291997139728,0.30855390131854166,0,0,0.0,-0.42535065589112697,2.0,1.1521367984168518,0.30162115096590975,0.5293865242209035,0.5587475303348718,-1.5137211602802234,-1.0117743835786095,1.6120453668038925,0.13899355630038
-0.4060061820295245,2,1,1,-1.7048728603633878,-1.4540544228789072,0.9556911667498914,-0.8704704927942822,-0.47826758874021197,1,0.4108291997139728,1.4843646609859844,1,1,0.0,-0.42535065589112697,1.0,-1.1594533941022225,1.5671781454057605,-1.0247429492109978,-0.10828773681501318,-1.3065190463586072,0.33803491349227455,-0.4148759353360481,-0.48269024488850887
1.0452788974528953,0,2,1,0.22639271922733997,0.307185296966471,0.5378720081107132,-0.8704704927942822,-0.2369040333144928,1,0.4108291997139728,0.30855390131854166,1,1,1.0,0.7658544617882235,2.0,0.5154113561660889,-0.6613026491513684,-0.5019903081475401,-1.4006685669179155,1.2489736920079928,0.33803491349227455,-1.4632835054084306,1.0369812691287754
-1.5670342456154605,0,1,4,-1.7048728603633878,-1.332122442274227,-1.1334046264459976,1.759426673259986,-1.1678777470994095,0,-0.48013575169824046,0.896459281152263,0,0,0.0,-0.42535065589112697,2.0,0.33546720944304737,0.6455225081506518,-1.03887139896947,-0.3167362577993521,0.35109786501432255,-0.44343362691718513,-0.4148759353360481,-1.2425260018971518
-1.2767772297189763,1,1,4,1.0183505468292935,1.2284491504240536,0.12005284947153592,0.88279428457523,1.004394251732063,1,-1.3711007031104538,0.896459281152263,0,0,0.0,-0.42535065589112697,2.0,-0.12131408608467396,1.182008625358849,-0.8552015521093358,0.9617480042379273,-1.0993169324369914,0.6222052918229863,1.4722576907942413,-0.6208422007082621
-0.9865202138224924,0,1,1,0.004088767619773978,0.13106132498193332,1.3735103253890688,-0.8704704927942822,-0.4437870808222521,0,1.3017941511261861,0.30855390131854166,0,0,0.0,-0.42535065589112697,2.0,0.5707787859270249,-1.5004219606821392,1.2640659116614386,-1.0532543652773503,-0.9611821898225805,0.5511626972403082,-0.13530058331674574,0.0008416004806267426
1.6257929292458633,1,0,1,1.2406544984368588,1.2961891396488756,1.5824199047086578,-0.8704704927942822,0.07342053794714612,0,0.4108291997139728,0.896459281152263,0,0,0.0,-0.42535065589112697,2.0,0.23857420736140916,-1.3491053635208525,-0.5019903081475401,-0.8448058442930114,0.0748283797855007,1.1905460484844115,-0.20519442132157134,-0.20638633324900313
-1.2767772297189763,0,3,2,-1.2185829662218377,-1.508246414258765,-0.5066758884872304,-0.8704704927942822,1.4871213625835011,0,-1.3711007031104538,0.30855390131854166,0,0,0.0,-0.42535065589112697,2.0,-0.35662566256865147,1.6909826339922676,1.2923228111783822,0.9061617319754368,0.14389575109270616,-0.15926324858647253,-1.1138143153843032,-0.6899181786181388
0.4647648656599274,2,0,0,-1.3575229359765661,-1.4405064250339428,1.7216929575883837,-0.8704704927942822,-1.3057997787712492,0,0.4108291997139728,1.4843646609859844,0,0,0.0,-0.42535065589112697,2.0,0.0586300606383676,1.333325222520136,1.6737909546571217,-1.2894960223929346,-1.3065190463586072,-1.295944761909322,0.633531634736335,-0.413614266978633
-0.6962631979260084,1,4,2,0.8377285861481458,0.5781452538657602,-0.9941315735662716,-0.8704704927942822,0.41822561712674494,0,-0.48013575169824046,1.4843646609859844,1,0,0.0,-0.42535065589112697,0.0,-1.422448685466668,-0.30364523767923685,0.1055330314667482,-0.09439116874939087,1.387108434622403,1.4036738322324451,1.1227885007701142,-0.413614266978633
-0.11574916613304052,0,2,4,-0.23210918096326458,0.02267734222221765,-0.3674028356075052,1.759426673259986,1.5905628863373809,1,0.4108291997139728,1.4843646609859844,0,0,0.0,-0.42535065589112697,2.0,-0.13515594352490826,1.5671781454057605,-0.713917054524618,1.4481278865347178,-0.9611821898225805,-1.0828169781612877,0.07438093069773102,0.6225254016695156
-1.5670342456154605,1,4,4,1.657474407701045,1.8652050491373824,-0.3674028356075052,0.88279428457523,1.1423162834039025,0,0.4108291997139728,1.4843646609859844,1,0,2.0,1.9570595794675738,3.0,-1.1732952515424566,1.3608373310949153,-0.7845593033169769,0.8505754597129463,0.972704206779171,1.6168016159804797,0.004487092692905432,0.4152974679398865
1.6257929292458633,0,3,0,0.6154246345405805,0.6323372452456181,-0.22812978272777917,0.88279428457523,-1.2368387629353292,0,0.4108291997139728,-0.27935147851517966,0,0,0.0,-0.42535065589112697,2.0,1.2213460856180214,0.026500065218115834,-0.07813681539338543,-0.44180537038995593,1.7324452911584303,-1.3669873564919994,0.3539562827170334,0.6225254016695156
0.4647648656599274,2,1,1,1.3934884651670603,1.214901152579089,0.8164181138701654,0.006161895890473879,1.1423162834039025,1,1.3017941511261861,-0.27935147851517966,0,0,0.0,-0.42535065589112697,2.0,1.1659786558570855,-0.48247394341530264,-0.40309115983823746,1.392541614272228,0.0748283797855007,1.2615886430670897,0.423850120721859,0.34622149003000985
-0.11574916613304052,0,0,3,-0.7878690599821789,-0.7631065327857204,0.25932590235126196,0.88279428457523,1.5216018705014611,1,-1.3711007031104538,-0.867256858348901,0,0,0.0,-0.42535065589112697,2.0,-0.6196209539330976,0.6867906710128207,-1.420339542448209,1.1840930932878886,0.9036368354719655,-1.1538595727439658,0.7733193107459861,0.553449423759639
1.6257929292458633,1,4,0,-1.5381448966577136,-1.4676024207238718,1.7216929575883837,0.88279428457523,0.6940696804704239,1,0.4108291997139728,0.30855390131854166,0,0,0.0,-0.42535065589112697,2.0,-1.422448685466668,-0.977691897761331,0.9391115672165865,-0.7197367317024076,-1.2374516750514024,-0.5855188160825406,0.2840624447122078,0.6916013795793922
-1.5670342456154605,0,1,1,-0.6211410962765045,-0.6953665435608981,1.1646007460694805,-0.8704704927942822,-1.340280286689209,1,0.4108291997139728,-0.27935147851517966,0,0,0.0,-0.42535065589112697,2.0,-1.0071929622596487,0.35664536811546793,-0.38896271007976596,1.0034377084347947,0.35109786501432255,-0.017178059421116217,1.4722576907942413,-0.413614266978633
-1.2767772297189763,0,1,4,0.3653326889820687,0.2800893012765421,-0.22812978272777917,-0.8704704927942822,0.8664722200602234,1,-1.3711007031104538,-1.4551622381826224,1,1,0.0,-0.42535065589112697,0.0,1.0275600814547463,-1.197788766359566,-0.5302472076644837,-1.345082294655425,1.1799063207007874,-0.6565614106652188,-0.20519442132157134,-0.6208422007082621
-0.9865202138224924,1,0,1,0.17081673132544847,0.09041733144703964,-0.08885672984805312,1.759426673259986,-0.6851506362479712,0,-0.48013575169824046,-0.867256858348901,0,0,0.0,-0.42535065589112697,2.0,1.0552437963352137,-0.04228020621883234,-0.4737334086305964,1.1979896613535115,0.00576100847829524,-0.9407317889959314,0.004487092692905432,-1.2425260018971518
-1.5670342456154605,1,0,0,1.1850785105349673,1.3639291288736977,0.7467815874303023,-0.8704704927942822,1.4526408546655414,1,0.4108291997139728,0.896459281152263,1,1,2.0,1.9570595794675738,0.0,0.432360211524685,1.1682525710714597,0.868469318424227,0.39198871354740034,1.5943105485440194,-1.0828169781612877,1.542151528799067,-0.3445382890687564
0.7550218815564114,2,0,3,-1.3158409450501476,-1.3050264465842982,0.398598955230988,-0.8704704927942822,-0.7196311441659311,1,-0.48013575169824046,-0.27935147851517966,1,0,0.0,-0.42535065589112697,2.0,1.2490298004984894,1.333325222520136,-0.7421739540415617,0.6004372345317393,-0.7539800759009642,0.9063756701536989,-1.3234958293987793,0.898829313309022
1.3355359133493794,2,4,0,0.629318631516053,0.4155692797261867,-1.1334046264459976,1.759426673259986,-1.0989167312634898,1,0.4108291997139728,1.4843646609859844,0,0,0.0,-0.42535065589112697,2.0,-1.339397540825264,-1.3491053635208525,0.7413132705979808,-1.2061166139991988,-0.1323737341361157,-0.5144762214998625,0.21416860670738222,0.6916013795793922
-0.6962631979260084,1,0,1,-0.857339044859543,-1.0747104832199026,0.8860546403100283,0.88279428457523,1.6940044100912606,0,0.4108291997139728,-0.27935147851517966,1,0,2.0,0.7658544617882235,0.0,0.847615934731704,-0.48247394341530264,1.1792952131106076,-0.5529779149149369,0.6964347215503491,-1.6511577348227122,-0.4148759353360481,-0.5517662227983855
0.7550218815564114,0,2,0,-1.4964629057312948,-1.6843703862433028,-1.411950732205449,-0.8704704927942822,0.2803035854549054,1,1.3017941511261861,0.896459281152263,1,0,0.0,-0.42535065589112697,3.0,-1.46397425778737,0.7280588338749894,0.07727613194980451,-1.6369102240334996,-0.8230474472081696,1.4747164268151234,1.4722576907942413,1.0369812691287754
0.17450784976344344,1,1,1,0.851622583123619,0.7813652215402268,1.1646007460694805,1.759426673259986,-0.754111652083891,1,0.4108291997139728,0.896459281152263,0,0,0.0,-0.42535065589112697,2.0,-0.965667389938947,0.012744010930725833,1.1792952131106076,1.2952656378128695,0.420165236321528,1.4747164268151234,0.004487092692905432,1.313285180768281
1.3355359133493794,2,0,2,-1.5103569027067678,-1.5624384056386227,0.9556911667498914,-0.8704704927942822,1.6250433942553408,0,0.4108291997139728,0.30855390131854166,0,0,0.0,-0.42535065589112697,2.0,0.5707787859270249,1.7047386882796576,-1.7311654371345893,1.4342313184690956,-1.7209232742018399,-0.5144762214998625,-1.183708153389129,0.898829313309022
0.4647648656599274,1,4,4,-1.5381448966577136,-1.806302366847983,0.398598955230988,0.006161895890473879,0.969913743814103,1,-0.48013575169824046,0.30855390131854166,0,0,0.0,-0.42535065589112697,2.0,-0.9518255324987127,-0.771351083450486,0.26094597880993875,0.6004372345317393,-1.6518559028946345,-0.9407317889959314,-0.20519442132157134,-0.5517662227983855
-1.5670342456154605,2,1,3,1.5463224318972622,1.7297250706877378,0.6771450609904393,-0.8704704927942822,1.5216018705014611,1,0.4108291997139728,-1.4551622381826224,1,0,0.0,-0.42535065589112697,2.0,0.33546720944304737,0.9756678110480039,0.8260839691488118,0.29471273708804235,-0.6158453332865532,0.8353330755710208,-1.0439204773794777,0.9679052912188987
-0.6962631979260084,0,0,0,1.1156085256576034,1.1065171698193732,-1.0637681000061345,-0.8704704927942822,0.8319917121422635,1,0.4108291997139728,-0.867256858348901,1,1,0.0,-0.42535065589112697,2.0,-0.1905233732858442,1.099472299634511,0.9108546676996429,-0.8725989804242567,-1.168384303744197,-0.44343362691718513,1.33247001478459,-1.3806779577169042
-0.6962631979260084,2,3,4,1.6157924167746263,1.8381090534474536,0.25932590235126196,-0.8704704927942822,-1.1333972391814497,0,-1.3711007031104538,-0.867256858348901,0,0,0.0,-0.42535065589112697,2.0,-0.8410906729768408,-0.771351083450486,0.4587442754285439,-1.4979445433772738,-1.444653788973018,-1.1538595727439658,1.33247001478459,0.4152974679398865
1.3355359133493794,0,2,1,-0.857339044859543,-0.5327905694213249,1.0949642196296174,-0.8704704927942822,-1.340280286689209,1,-1.3711007031104538,0.30855390131854166,0,0,0.0,-0.42535065589112697,2.0,1.3320809451398934,-0.26237707481706746,-0.31832046128740643,-1.136633773671086,-0.8230474472081696,1.4747164268151234,-1.2536019913939545,1.5895890924077876
-1.5670342456154605,1,3,2,-0.20432118701231883,-0.4650505801965023,0.6075085345505763,0.88279428457523,-1.2713192708532892,1,-1.3711007031104538,-0.867256858348901,0,0,0.0,-0.42535065589112697,2.0,-0.8134069580963729,-1.4866659063947496,0.020762332915917142,-0.6085641871774273,0.6964347215503491,0.7642904809883426,-0.5546636113456985,0.553449423759639
-1.5670342456154605,2,2,4,0.7821525982462543,1.092969171974409,-1.2030411528858607,-0.8704704927942822,0.17686206170102575,0,-1.3711007031104538,0.896459281152263,0,0,0.0,-0.42535065589112697,2.0,-0.4812023795307577,-1.6930067207055945,0.8825977681826992,0.2530230328911742,1.387108434622403,-1.6511577348227122,-0.7643451253601753,0.8297533353991454
0.17450784976344344,1,0,1,-1.260264957148256,-1.1966424638245825,-0.4370393620473682,-0.8704704927942822,1.4871213625835011,1,0.4108291997139728,-0.27935147851517966,0,0,0.0,-0.42535065589112697,2.0,-0.8549325304170751,1.5396660368309811,0.09140458170827666,-1.5813239517710092,-0.3395758480577321,1.6168016159804797,0.8432131487508118,-0.6899181786181388
-1.2767772297189763,0,3,3,-0.9268090297369077,-1.1018064789098316,-1.411950732205449,-0.8704704927942822,0.14238155378306588,0,0.4108291997139728,-1.4551622381826224,1,1,1.0,3.1482646971469244,2.0,0.9445089368133424,-0.04228020621883234,-0.7280455042830896,-1.136633773671086,0.420165236321528,0.5511626972403082,0.5636377967315094,-0.9662220902576453
0.17450784976344344,2,3,3,1.3934884651670603,1.4587651137884492,-0.9941315735662716,1.759426673259986,-0.030020985806733527,1,-0.48013575169824046,1.4843646609859844,0,0,0.0,-0.42535065589112697,2.0,1.5258669493031694,-1.4041295806704113,-0.7280455042830896,-0.08049460068376794,0.00576100847829524,0.12490712974424009,-0.6944512873553498,0.553449423759639
1.6257929292458633,2,0,2,-0.24600317793873713,-0.41085858881664444,1.0949642196296174,1.759426673259986,1.1078357754859425,1,-0.48013575169824046,0.896459281152263,0,0,0.0,-0.42535065589112697,2.0,-0.065946656323738,-1.679250666418205,-0.26180666225351906,1.1562999571566432,0.972704206779171,0.053864535161561936,-0.9041328013698265,-0.1373103553391265
-0.11574916613304052,0,1,3,-1.190794972270892,-1.3185744444292626,0.6075085345505763,-0.8704704927942822,1.3491993309116617,1,0.4108291997139728,-0.867256858348901,1,0,0.0,-0.42535065589112697,2.0,1.0829275112156815,-0.014768097644052947,1.7020478541740653,-0.10828773681501318,-1.5137211602802234,0.6222052918229863,-1.6030711814180816,-0.828070134437892
0.17450784976344344,0,1,1,0.3236506980556504,0.14460932282689748,-1.2726776793257237,-0.8704704927942822,-0.34034555706837244,1,-1.3711007031104538,0.896459281152263,0,0,0.0,-0.42535065589112697,2.0,0.0032626308774316402,0.7143027795876,-1.03887139896947,0.9478514361723044,0.7655020928575547,1.4036738322324451,-1.6030711814180816,-0.20638633324900313
-0.11574916613304052,1,0,1,-1.4130989238784577,-1.3185744444292626,1.5127833782687947,0.006161895890473879,-0.6506701283300114,1,-1.3711007031104538,0.30855390131854166,0,0,0.0,-0.42535065589112697,2.0,0.48772764128562096,0.4942059109893649,-1.2507981453465473,-0.8587024123586338,-0.1323737341361157,-1.1538595727439658,0.2840624447122078,-0.06823437742924988
-1.2767772297189763,0,4,1,1.3795944681915877,1.4045731224085913,1.0949642196296174,-0.8704704927942822,-1.4092413025251287,1,-1.3711007031104538,-0.27935147851517966,1,1,2.0,0.7658544617882235,0.0,1.2351879430582557,0.6867906710128207,0.8967262179411707,-0.5946676191118044,-0.9611821898225805,-0.372391032334507,-1.6729650194229073,1.4514371365880343
-0.9865202138224924,0,1,2,0.8933045740500373,1.160709161199231,0.5378720081107132,-0.8704704927942822,-0.8920336837557306,0,0.4108291997139728,1.4843646609859844,1,1,2.0,0.7658544617882235,1.0,0.5015694987258547,0.7280588338749894,-0.8410731023508643,-1.69249649629599,1.2489736920079928,1.1195034539017334,-1.3234958293987793,-0.413614266978633
-1.2767772297189763,1,0,2,1.6018984197991535,1.8245610556024894,-0.08885672984805312,-0.8704704927942822,-0.13346250956061317,1,-0.48013575169824046,0.896459281152263,0,0,0.0,-0.42535065589112697,2.0,0.6815136454488968,1.2507888967957979,1.023882265767417,0.5587475303348718,1.1799063207007874,-0.372391032334507,0.21416860670738222,0.9679052912188987
-1.5670342456154605,0,0,4,1.2406544984368588,1.4452171159434843,1.2342372725093433,0.006161895890473879,0.6940696804704239,1,1.3017941511261861,-0.27935147851517966,0,0,0.0,-0.42535065589112697,2.0,0.8891415070524064,0.7555709424497689,-0.4737334086305964,-1.4284617030491606,-1.6518559028946345,-0.7986465998305751,-1.7428588574277328,-0.8971461123477686
1.3355359133493794,2,1,0,-0.8990210357859619,-0.6411745521810406,0.8164181138701654,0.006161895890473879,-0.6161896204120515,0,1.3017941511261861,-0.867256858348901,1,1,2.0,1.9570595794675738,3.0,1.691969238585977,-1.6654946121308152,-0.02162301635949807,0.10016078416932575,-0.8230474472081696,0.5511626972403082,1.542151528799067,-0.1373103553391265
0.4647648656599274,2,0,3,-0.1070632081840084,0.21234931205172008,0.8164181138701654,0.88279428457523,-0.2369040333144928,1,-1.3711007031104538,-0.867256858348901,1,0,2.0,0.7658544617882235,0.0,0.9445089368133424,1.5946902539805399,-0.9117153511432231,1.2118862294191337,0.35109786501432255,1.687844210563158,1.542151528799067,1.6586650703176642
-0.11574916613304052,1,2,4,-1.7187668573388606,-1.8333983625379118,-0.7852219942466825,1.759426673259986,1.0733552675679827,0,-0.48013575169824046,0.896459281152263,0,0,0.0,-0.42535065589112697,2.0,1.719652953466445,0.5904982910010931,-1.5757524897913995,-1.2894960223929346,1.4561758059296086,0.48012010265763005,1.1926823387749397,1.3823611586781577
0.4647648656599274,1,1,2,-1.579826887584132,-1.3185744444292626,-1.5512237850851749,-0.8704704927942822,-1.5471633341969682,0,0.4108291997139728,-0.867256858348901,0,0,0.0,-0.42535065589112697,2.0,0.6399880731281945,-1.4041295806704113,1.391221959487685,0.002884807709967748,-0.3395758480577321,1.6168016159804797,-0.20519442132157134,0.7606773574892688
-0.9865202138224924,1,1,4,-1.1769009752954191,-1.4811504185688362,-0.15849325628791613,1.759426673259986,1.3491993309116617,1,-1.3711007031104538,0.30855390131854166,1,1,0.0,-0.42535065589112697,0.0,-1.3670812557057321,1.3608373310949153,0.9814969164920018,0.9200583000410592,-1.582788531587429,1.0484608593190552,-1.2536019913939545,-0.9662220902576453
-0.4060061820295245,0,2,3,-0.7600810660312332,-0.6005305586461469,0.5378720081107132,-0.8704704927942822,-0.13346250956061317,0,1.3017941511261861,0.30855390131854166,0,0,0.0,-0.42535065589112697,2.0,1.4704995195422332,-1.1702766577847867,0.28920287832688246,-0.5112882107180687,-0.1323737341361157,-0.7986465998305751,-0.48476977334087296,-1.6569818693564107
1.6257929292458633,2,1,3,-1.1352189843690004,-1.4405064250339428,0.8860546403100283,-0.8704704927942822,1.3836798388296216,1,0.4108291997139728,-0.867256858348901,1,0,0.0,-0.42535065589112697,3.0,-0.6334628113733313,0.838107268174107,0.8119555193903396,0.044574511906835285,-1.582788531587429,-1.5090725456573557,0.9830008247604629,1.106057247038652
-1.5670342456154605,0,1,0,1.1711845135594947,0.9981331870596581,1.3735103253890688,0.006161895890473879,0.6940696804704239,1,-0.48013575169824046,-0.867256858348901,0,0,0.0,-0.42535065589112697,2.0,-0.7026720985745009,0.7693269967371588,1.4053504092461564,-0.26114998553686225,1.525243177236814,0.053864535161561936,0.07438093069773102,0.34622149003000985
1.0452788974528953,0,0,1,1.4212764591180058,1.1336131655093022,1.6520564311485209,0.006161895890473879,0.2803035854549054,1,0.4108291997139728,1.4843646609859844,1,1,1.0,1.9570595794675738,1.0,-1.6854439768311136,1.6497144711300988,-0.07813681539338543,1.5731969991253216,0.14389575109270616,0.33803491349227455,0.7733193107459861,-0.6208422007082621
-1.5670342456154605,2,3,2,0.5876366405896347,0.3478292905013641,-1.1334046264459976,-0.8704704927942822,-1.2368387629353292,1,0.4108291997139728,0.896459281152263,0,0,0.0,-0.42535065589112697,2.0,-0.9241418176182448,0.4942059109893649,-0.2052928632196317,0.22522989675992897,-1.3065190463586072,1.0484608593190552,0.9830008247604629,-1.6569818693564107
-0.9865202138224924,2,4,0,0.4764846647858517,0.1717053185168264,-1.620860311525038,0.006161895890473879,-1.4092413025251287,1,-0.48013575169824046,0.30855390131854166,0,0,0.0,-0.42535065589112697,2.0,0.7922485049707682,0.7418148881623794,-0.19116441346116017,0.6977132109910978,-0.20144110544332117,-0.5855188160825406,-0.13530058331674574,1.3823611586781577
-1.5670342456154605,2,1,2,1.3934884651670603,1.0252291827495865,1.4431468518289317,1.759426673259986,1.3836798388296216,0,-1.3711007031104538,0.896459281152263,0,0,0.0,-0.42535065589112697,2.0,-1.0625603920205846,0.6042543452884824,0.6989279213225649,1.7260592478471701,0.14389575109270616,-0.7986465998305751,0.633531634736335,1.6586650703176642
1.3355359133493794,0,4,1,-0.6211410962765045,-0.6276265543360758,-1.1334046264459976,0.006161895890473879,0.14238155378306588,1,1.3017941511261861,1.4843646609859844,0,0,0.0,-0.42535065589112697,2.0,-1.5747091173092416,-0.24862102052967808,0.8825977681826992,1.6148867033221892,1.6633779198512249,-0.30134843775182885,1.6120453668038925,-1.587905891446534
0.4647648656599274,1,3,2,0.4903786617613243,0.659433240935547,-0.019220203408190112,0.006161895890473879,-1.5816438421149281,1,1.3017941511261861,1.4843646609859844,0,0,0.0,-0.42535065589112697,2.0,0.4462020689649187,-1.1702766577847867,-1.0812567482448852,1.7538523839784155,0.9036368354719655,1.6168016159804797,-0.6944512873553498,-1.1734500239872752
-0.9865202138224924,0,4,3,-1.065748999491636,-1.3456704401191917,0.328962428791125,-0.8704704927942822,0.24582307753694552,0,-0.48013575169824046,0.30855390131854166,0,0,0.0,-0.42535065589112697,2.0,0.22473234992117547,0.7830830510245482,-0.12052216466880064,0.12795392030057098,-1.2374516750514024,1.4747164268151234,1.4722576907942413,0.6225254016695156
0.4647648656599274,2,3,0,0.11524074342355697,0.03622534006718181,1.7216929575883837,-0.8704704927942822,-1.2368387629353292,0,-1.3711007031104538,0.896459281152263,1,0,1.0,0.7658544617882235,0.0,-0.5919372390526296,0.4391816938398061,0.7271848208395086,-1.1922200459335763,-1.2374516750514024,0.7642904809883426,-0.20519442132157134,1.313285180768281
0.17450784976344344,2,0,4,-1.5937208845596047,-1.6437263927084094,0.6075085345505763,-0.8704704927942822,1.280238315075742,0,0.4108291997139728,0.30855390131854166,0,0,0.0,-0.42535065589112697,2.0,-1.5747091173092416,-0.4549618348405232,-1.0671282984864137,-1.345082294655425,-0.8921148185153751,-1.0828169781612877,1.681939204808718,-0.7589941565280154
-0.9865202138224924,2,0,3,-0.9268090297369077,-0.8308465220105428,-0.22812978272777917,0.88279428457523,-0.6851506362479712,1,-1.3711007031104538,-0.867256858348901,0,0,0.0,-0.42535065589112697,2.0,-0.3151000902479498,-0.2898891833918469,1.5890202561062907,0.39198871354740034,0.4892326076287327,0.7642904809883426,0.9830008247604629,0.48437344584976233
0.17450784976344344,1,3,3,1.2962304863387504,1.1065171698193732,0.8164181138701654,1.759426673259986,-1.6850853658688079,1,0.4108291997139728,-0.27935147851517966,0,0,0.0,-0.42535065589112697,2.0,1.5673925216238709,-1.197788766359566,-0.06400836563491329,0.3225058732192876,-0.6158453332865532,1.1905460484844115,0.9131069867556374,0.7606773574892688
0.17450784976344344,2,3,1,-0.7739750630067057,-0.8308465220105428,-0.5066758884872304,0.006161895890473879,-1.1333972391814497,1,0.4108291997139728,-1.4551622381826224,1,0,2.0,1.9570595794675738,3.0,0.33546720944304737,1.113228353921901,0.1055330314667482,-0.9281852526867471,-0.5467779619793477,-0.44343362691718513,1.681939204808718,-1.7260578472662873
1.3355359133493794,0,3,0,-1.5520388936331864,-1.752110375468125,0.18968937591139895,1.759426673259986,0.5561476487985845,1,-1.3711007031104538,-0.867256858348901,0,0,0.0,-0.42535065589112697,2.0,0.48772764128562096,-0.7438389748757065,1.2499374619029664,-0.45570193845557827,0.00576100847829524,-1.580115140240034,-0.7643451253601753,0.6225254016695156
-0.6962631979260084,2,0,4,1.3934884651670603,1.2419971482690177,1.6520564311485209,0.88279428457523,1.0388747596500227,0,-0.48013575169824046,-1.4551622381826224,0,0,0.0,-0.42535065589112697,2.0,-0.23204894560654588,0.3428893138280785,-1.7876792361684768,-0.48349507458682345,0.35109786501432255,1.6168016159804797,-0.34498209733122254,-1.1734500239872752
0.4647648656599274,2,2,2,0.28196870712923144,0.15815732067186225,1.7216929575883837,-0.8704704927942822,0.5906281567165443,1,-1.3711007031104538,-1.4551622381826224,1,1,0.0,-0.42535065589112697,0.0,-0.3427838051284178,1.099472299634511,1.1651667633521354,0.8644720277785687,1.387108434622403,-0.6565614106652188,-1.4632835054084306,-1.5188299135366574
0.17450784976344344,0,1,0,0.2680747101537589,0.009129344377252888,-1.342314205765586,0.006161895890473879,1.3836798388296216,1,1.3017941511261861,-1.4551622381826224,0,0,0.0,-0.42535065589112697,2.0,0.9998763665742783,1.0719601910597316,-1.03887139896947,-1.1644269098023312,-1.2374516750514024,-0.15926324858647253,-0.9041328013698265,0.06991757839050336
-1.2767772297189763,2,2,0,0.9488805619519288,0.8762012064549777,-0.7852219942466825,1.759426673259986,1.2112772992398222,0,0.4108291997139728,1.4843646609859844,0,0,0.0,-0.42535065589112697,2.0,0.1555230627200052,1.2645449510831872,1.3064512609368537,-0.14997744101188132,0.00576100847829524,-0.30134843775182885,-0.20519442132157134,1.3823611586781577
0.7550218815564114,2,1,0,1.351806474240642,1.120065167664338,1.0949642196296174,-0.8704704927942822,0.8664722200602234,0,0.4108291997139728,0.30855390131854166,0,0,0.0,-0.42535065589112697,2.0,0.930667079373108,-0.509986051990082,-0.5019903081475401,0.8227823235817011,0.00576100847829524,0.2669923189095964,0.7733193107459861,0.9679052912188987
-1.5670342456154605,1,2,1,1.2962304863387504,1.2555451461139826,1.2342372725093433,0.006161895890473879,1.5560823784194209,1,-1.3711007031104538,1.4843646609859844,0,0,0.0,-0.42535065589112697,2.0,0.030946345757899618,-0.4549618348405232,0.07727613194980451,-0.2194602813399941,-0.7539800759009642,1.4036738322324451,-1.1138143153843032,0.6225254016695156
1.6257929292458633,1,0,4,0.1013467464480844,0.3478292905013641,-1.2726776793257237,0.006161895890473879,0.9354332358961431,0,-0.48013575169824046,-0.27935147851517966,0,0,0.0,-0.42535065589112697,2.0,-1.6992858342713475,-0.1935968033801193,-0.5161187579060122,0.6282303706629845,1.525243177236814,-1.5090725456573557,-0.6245574493505242,-0.20638633324900313
1.3355359133493794,0,4,2,-0.8434450478840704,-0.722462539250827,1.3038737989492057,0.88279428457523,1.3491993309116617,1,-1.3711007031104538,0.30855390131854166,0,0,0.0,-0.42535065589112697,2.0,0.2800997796821114,-1.1565206034973972,-1.03887139896947,-0.8725989804242567,-0.20144110544332117,1.4747164268151234,0.07438093069773102,-1.035298068167522
1.3355359133493794,0,4,2,-0.5099891204727215,-0.6953665435608981,0.6075085345505763,-0.8704704927942822,0.7975112042243035,1,0.4108291997139728,0.30855390131854166,1,0,2.0,1.9570595794675738,1.0,0.25241606480164347,1.6497144711300988,1.2499374619029664,-1.4840479753116511,0.7655020928575547,-0.5855188160825406,0.633531634736335,0.4152974679398865
0.7550218815564114,2,2,1,0.7126826133688903,0.4426652754161156,-0.7852219942466825,0.88279428457523,-1.4437218104430887,1,0.4108291997139728,-1.4551622381826224,0,0,0.0,-0.42535065589112697,2.0,1.6504436662652748,-1.239056929221735,-0.6150179062153148,-0.5807710510461821,-1.444653788973018,-1.224902167326644,-1.6030711814180816,-0.6899181786181388
1.3355359133493794,2,3,4,-0.7045050781293417,-0.7766545306306849,0.6075085345505763,0.006161895890473879,1.5560823784194209,0,0.4108291997139728,-0.867256858348901,1,1,1.0,0.7658544617882235,1.0,-1.1871371089826905,0.30162115096590975,-1.335568843897378,0.586540666466117,1.0417715780863765,-0.23030584316915068,0.21416860670738222,1.4514371365880343
-1.2767772297189763,2,1,0,-0.8990210357859619,-1.142450472444725,1.4431468518289317,0.88279428457523,-0.7196311441659311,1,0.4108291997139728,0.30855390131854166,1,0,0.0,-0.42535065589112697,1.0,0.5292532136063226,-0.4412057805531332,-0.6432748057322585,1.5454038629940765,1.3180410633151975,-0.08822065400379436,-0.48476977334087296,0.7606773574892688
1.0452788974528953,0,4,0,0.7543646042953086,0.7136252323154042,-0.8548585206865456,0.006161895890473879,1.4871213625835011,1,-0.48013575169824046,-1.4551622381826224,0,0,0.0,-0.42535065589112697,2.0,0.6399880731281945,1.182008625358849,-1.7876792361684768,-0.9281852526867471,0.5582999789359382,1.4036738322324451,0.633531634736335,-0.27546231115887976
1.6257929292458633,0,4,2,-1.0518550025161633,-0.722462539250827,0.398598955230988,0.88279428457523,-0.13346250956061317,1,-1.3711007031104538,0.896459281152263,1,0,0.0,-0.42535065589112697,1.0,0.1832067776004732,1.0031799196227833,-1.0529998487279415,-0.4973916426524464,1.3180410633151975,-1.580115140240034,0.07438093069773102,-0.06823437742924988
0.17450784976344344,0,2,4,-0.7739750630067057,-0.5598865651112538,1.4431468518289317,1.759426673259986,-1.6506048579508479,1,0.4108291997139728,-0.27935147851517966,0,0,0.0,-0.42535065589112697,2.0,1.7334948109066788,-1.0464721691982795,0.34571667736076916,-0.23335684940561702,1.3180410633151975,0.9063756701536989,0.3539562827170334,-1.6569818693564107
-0.6962631979260084,2,3,2,-0.20432118701231883,-0.49214657588643124,-0.019220203408190112,-0.8704704927942822,0.10790104586510599,1,0.4108291997139728,0.30855390131854166,0,0,0.0,-0.42535065589112697,2.0,-0.5642535241721616,-0.509986051990082,-1.3920826429312654,-1.1783234778679537,-1.0993169324369914,-0.6565614106652188,1.4023638527894158,-0.48269024488850887
1.3355359133493794,2,2,3,0.7682586012707817,0.4426652754161156,1.2342372725093433,-0.8704704927942822,0.34926460129082515,0,-1.3711007031104538,-0.867256858348901,1,0,0.0,-0.42535065589112697,0.0,-0.14899780096514192,0.9481557024732246,-1.1377705472787727,0.2669196009567971,-1.444653788973018,-0.5855188160825406,-0.9740266393746521,0.7606773574892688
-0.4060061820295245,1,3,0,-1.4408869178294035,-1.2237384595145115,1.3038737989492057,1.759426673259986,-0.6851506362479712,0,1.3017941511261861,0.30855390131854166,0,0,0.0,-0.42535065589112697,2.0,-0.6196209539330976,-0.5787663234270302,0.7978270696318681,-0.8170127081617662,1.387108434622403,0.19594972432691823,0.14427476870255662,-0.828070134437892
0.7550218815564114,2,4,2,-0.24600317793873713,-0.38376259312671557,0.6771450609904393,-0.8704704927942822,1.245757807157782,1,1.3017941511261861,0.896459281152263,1,1,1.0,3.1482646971469244,2.0,0.5707787859270249,0.026500065218115834,-0.9258438009016953,0.6421269387286074,1.6633779198512249,-0.08822065400379436,-1.183708153389129,-1.3806779577169042
-0.4060061820295245,2,1,0,-1.677084866412442,-1.5488904077936583,0.8164181138701654,-0.8704704927942822,-1.5816438421149281,0,-0.48013575169824046,0.30855390131854166,0,0,0.0,-0.42535065589112697,2.0,-0.27357451792724813,-0.9501797891865517,-1.2366696955880756,-0.10828773681501318,1.0417715780863765,-0.7276040052478969,0.07438093069773102,0.34622149003000985
1.3355359133493794,1,1,1,-1.1074309904180548,-1.1966424638245825,0.6075085345505763,0.006161895890473879,-1.5126828262790084,0,-1.3711007031104538,-0.27935147851517966,0,0,0.0,-0.42535065589112697,2.0,-0.14899780096514192,-0.26237707481706746,-0.5443756574229559,-0.44180537038995593,-0.7539800759009642,1.687844210563158,1.33247001478459,-0.6208422007082621
0.4647648656599274,2,2,3,0.1013467464480844,0.11751332713696856,0.6075085345505763,-0.8704704927942822,-0.2713845412324527,0,1.3017941511261861,-0.867256858348901,0,0,0.0,-0.42535065589112697,2.0,1.0690856537754478,-0.2348649662422881,0.6565425720471497,-0.19166714520874886,-0.3395758480577321,1.758886805145836,0.423850120721859,-0.48269024488850887
0.17450784976344344,0,0,2,-0.19042719003684563,-0.42440658666160924,1.2342372725093433,0.006161895890473879,1.4526408546655414,0,-1.3711007031104538,-0.867256858348901,0,0,0.0,-0.42535065589112697,2.0,-0.4119930923295874,0.3428893138280785,0.40223047639465653,-0.03880489648690041,-1.3065190463586072,-1.1538595727439658,1.2625761767797654,1.2442092028584053
-1.2767772297189763,0,4,3,0.5320606526877432,0.7678172236952621,-0.7155854678068195,-0.8704704927942822,0.07342053794714612,0,-0.48013575169824046,1.4843646609859844,0,0,0.0,-0.42535065589112697,2.0,-0.6473046688135655,-0.9501797891865517,-1.4062110926897373,-1.1505303417367088,1.1799063207007874,0.6222052918229863,-0.06540674531192016,1.3823611586781577
-0.11574916613304052,2,3,2,-0.16263919608589988,-0.09925463838246219,1.1646007460694805,-0.8704704927942822,-0.5127480966581719,1,0.4108291997139728,0.30855390131854166,0,0,0.0,-0.42535065589112697,2.0,-1.1456115366619886,1.6222023625553195,1.518378007313931,-0.4001156661930878,1.6633779198512249,-1.6511577348227122,0.5636377967315094,-0.828070134437892
-1.2767772297189763,2,0,4,0.629318631516053,0.6458852430905822,-0.5763124149270935,0.006161895890473879,-0.4437870808222521,1,1.3017941511261861,-0.867256858348901,0,0,0.0,-0.42535065589112697,2.0,-1.1040859643412866,0.3428893138280785,1.1086529643182481,0.39198871354740034,0.420165236321528,0.053864535161561936,-0.4148759353360481,-0.1373103553391265
-0.6962631979260084,0,2,3,0.851622583123619,0.8762012064549777,-0.15849325628791613,-0.8704704927942822,1.5560823784194209,1,1.3017941511261861,1.4843646609859844,0,0,0.0,-0.42535065589112697,2.0,-0.30125823280771613,1.2507888967957979,-0.6574032554907306,1.6565764075190574,-1.0993169324369914,-0.9407317889959314,-0.13530058331674574,1.0369812691287754
-1.5670342456154605,2,2,0,-1.1352189843690004,-0.9256825069252936,0.25932590235126196,-0.8704704927942822,-0.47826758874021197,1,-1.3711007031104538,0.30855390131854166,0,0,0.0,-0.42535065589112697,2.0,0.33546720944304737,-0.8538874091748241,-1.2366696955880756,-0.30283968973372977,-1.444653788973018,0.053864535161561936,1.1926823387749397,-1.3116019798070275
-1.2767772297189763,2,3,1,1.3795944681915877,1.214901152579089,1.6520564311485209,-0.8704704927942822,0.5906281567165443,1,-1.3711007031104538,-0.867256858348901,0,0,0.0,-0.42535065589112697,2.0,-1.547025402428774,0.2741090423911304,1.6596625048986495,-0.24725341747123933,-0.9611821898225805,0.053864535161561936,0.4937439587266838,-0.6208422007082621
1.0452788974528953,1,2,0,-0.5655651083746129,-0.6682705478709695,-0.7155854678068195,-0.8704704927942822,1.0733552675679827,1,1.3017941511261861,1.4843646609859844,1,1,1.0,3.1482646971469244,2.0,-0.024421084003036338,-0.8401313548874341,-1.6181378390668149,1.4759210226659631,-0.6158453332865532,-0.30134843775182885,1.1227885007701142,-1.1734500239872752
-1.2767772297189763,0,3,1,-0.9129150327614345,-0.939230504770258,0.6075085345505763,-0.8704704927942822,1.6595239021733006,1,-1.3711007031104538,1.4843646609859844,0,0,0.0,-0.42535065589112697,2.0,-0.7718813857756711,-1.6654946121308152,0.13378993098369188,0.3225058732192876,-0.27050847675052664,-1.5090725456573557,1.4023638527894158,0.4152974679398865
1.6257929292458633,0,1,4,-1.1630069783199461,-0.8985865112353647,0.050416323031672906,-0.8704704927942822,1.1078357754859425,1,0.4108291997139728,0.896459281152263,0,0,0.0,-0.42535065589112697,2.0,0.8614577921719384,-1.0189600606235005,1.235809012144495,-0.4973916426524464,1.525243177236814,-1.5090725456573557,-0.06540674531192016,0.34622149003000985
0.7550218815564114,1,0,2,0.18471072830092164,0.2800893012765421,1.1646007460694805,-0.8704704927942822,1.6940044100912606,1,-1.3711007031104538,0.896459281152263,0,0,0.0,-0.42535065589112697,2.0,1.3736065174605956,-0.7163268663009271,0.09140458170827666,-0.5946676191118044,0.972704206779171,1.5457590213978016,-0.48476977334087296,1.0369812691287754
-1.5670342456154605,2,2,0,-0.3710491507179927,-0.6547225500260048,0.050416323031672906,0.006161895890473879,-0.4437870808222521,0,-0.48013575169824046,-0.27935147851517966,1,1,1.0,1.9570595794675738,2.0,1.512025091862935,-1.0739842777730588,0.06314768219133299,-0.8725989804242567,1.2489736920079928,0.7642904809883426,1.0528946627652886,1.520513114497911
-0.9865202138224924,2,1,4,-1.579826887584132,-1.3998624314990493,-0.3674028356075052,-0.8704704927942822,0.5561476487985845,0,-1.3711007031104538,-1.4551622381826224,0,0,0.0,-0.42535065589112697,2.0,0.986034509134044,-0.9501797891865517,-1.0529998487279415,0.3502990093505328,-0.20144110544332117,1.5457590213978016,-0.48476977334087296,0.898829313309022
1.0452788974528953,0,3,0,-0.9129150327614345,-0.5869825608011827,0.050416323031672906,-0.8704704927942822,1.0388747596500227,1,0.4108291997139728,0.896459281152263,1,1,1.0,1.9570595794675738,1.0,1.1936623707375535,1.5671781454057605,0.713056371081037,0.8505754597129463,1.525243177236814,-1.0828169781612877,1.7518330428135438,0.9679052912188987
0.4647648656599274,1,0,3,-0.4960951234972489,-0.505694573731396,0.5378720081107132,-0.8704704927942822,-1.2368387629353292,1,0.4108291997139728,0.896459281152263,0,0,0.0,-0.42535065589112697,2.0,-0.49504423697099137,-0.2211089119548987,-0.8975869013847516,-1.0949440694742183,-1.2374516750514024,-0.5144762214998625,0.004487092692905432,-1.5188299135366574
0.7550218815564114,0,0,0,-1.385310929927512,-1.115354476754796,-0.019220203408190112,1.759426673259986,0.969913743814103,0,-1.3711007031104538,-0.867256858348901,0,0,0.0,-0.42535065589112697,2.0,0.8614577921719384,0.26035298810374036,1.193423662869079,-1.1505303417367088,-1.6518559028946345,0.6932478864056645,-1.3933896674036048,-1.3116019798070275
0.7550218815564114,0,0,3,-1.0935369934425818,-0.8037505263206138,-0.019220203408190112,0.88279428457523,-0.788592160001851,1,-0.48013575169824046,-1.4551622381826224,0,0,0.0,-0.42535065589112697,2.0,-1.353239398265498,-1.2665690377965144,-1.5898809395498712,-1.3867719988522929,-0.20144110544332117,-0.6565614106652188,0.7034254727411606,1.313285180768281
0.4647648656599274,2,1,3,-0.6350350932519776,-0.939230504770258,-1.411950732205449,-0.8704704927942822,0.004459522111226352,0,1.3017941511261861,-1.4551622381826224,0,0,0.0,-0.42535065589112697,2.0,-1.408606828026434,0.026500065218115834,-0.26180666225351906,-1.0810475014085956,-1.0993169324369914,0.4090775080749527,-0.4148759353360481,-1.5188299135366574
-1.2767772297189763,0,1,0,-1.5242508996822406,-1.5488904077936583,1.5824199047086578,-0.8704704927942822,1.004394251732063,1,-1.3711007031104538,1.4843646609859844,0,0,0.0,-0.42535065589112697,2.0,1.4428158046617654,-1.115252440635228,1.3347081604537976,-1.275599454327312,-0.7539800759009642,1.0484608593190552,1.4023638527894158,0.6225254016695156
-0.11574916613304052,0,0,2,-1.1630069783199461,-0.8579425177004714,0.25932590235126196,-0.8704704927942822,-0.5472286045761318,0,1.3017941511261861,-0.27935147851517966,0,0,0.0,-0.42535065589112697,2.0,-1.339397540825264,-0.4136936719783538,0.6282856725302061,-0.886495548489879,0.9036368354719655,-1.295944761909322,-0.20519442132157134,0.6916013795793922
0.7550218815564114,2,2,1,0.3514386920065955,0.6052412495556891,1.7216929575883837,0.006161895890473879,0.21134256961898562,0,-1.3711007031104538,-0.27935147851517966,0,0,0.0,-0.42535065589112697,2.0,0.017104488317665322,0.08152428236767462,-1.1236420975203008,0.6977132109910978,1.387108434622403,-1.224902167326644,-1.4632835054084306,0.8297533353991454
-0.4060061820295245,0,1,0,-1.2880529510992018,-1.5353424099486936,-0.5066758884872304,0.006161895890473879,0.5561476487985845,1,1.3017941511261861,0.896459281152263,0,0,0.0,-0.42535065589112697,2.0,0.9168252219328743,1.2645449510831872,-1.7452938868930612,-0.8448058442930114,-1.3755864176658126,-0.23030584316915068,1.33247001478459,-0.1373103553391265
-0.6962631979260084,0,4,1,0.8794105770745647,0.7542692258502979,0.7467815874303023,0.006161895890473879,0.2803035854549054,0,1.3017941511261861,0.896459281152263,0,0,0.0,-0.42535065589112697,2.0,1.5535506641836372,0.26035298810374036,0.868469318424227,-1.3867719988522929,0.00576100847829524,1.4036738322324451,1.33247001478459,-1.587905891446534
1.3355359133493794,0,4,4,0.07355875249713865,0.38847328403625775,1.7216929575883837,-0.8704704927942822,-1.6161243500328881,1,-1.3711007031104538,-0.27935147851517966,0,0,0.0,-0.42535065589112697,2.0,-0.05210479888350432,0.8243512138867176,1.5748918063478186,-1.2894960223929346,0.6964347215503491,-0.9407317889959314,-0.27508825932639697,-1.587905891446534
-0.9865202138224924,2,0,3,-0.6350350932519776,-0.505694573731396,1.3735103253890688,-0.8704704927942822,-0.13346250956061317,0,-0.48013575169824046,-1.4551622381826224,0,0,0.0,-0.42535065589112697,2.0,-0.8964581027377767,-0.5925223777144202,-0.6856601550076743,-0.5529779149149369,0.6273673502431437,0.12490712974424009,-0.4148759353360481,-1.2425260018971518
0.4647648656599274,2,4,3,-1.2324769631973103,-1.020518491840045,0.5378720081107132,1.759426673259986,-0.9265141916736904,0,-0.48013575169824046,0.896459281152263,0,0,0.0,-0.42535065589112697,2.0,-0.3981512348893537,-1.4729098521073598,1.0521391652843606,0.3225058732192876,-0.8921148185153751,1.4036738322324451,-1.6030711814180816,-1.035298068167522
-0.11574916613304052,2,2,0,0.7126826133688903,0.8491052107650487,-1.5512237850851749,-0.8704704927942822,-0.9954752075096102,0,0.4108291997139728,-1.4551622381826224,0,0,0.0,-0.42535065589112697,2.0,0.0586300606383676,1.4158615482444736,-1.6605231883422302,0.9617480042379273,0.2820304937071171,-0.30134843775182885,0.8432131487508118,1.5895890924077876
-0.9865202138224924,2,1,3,-1.2463709601727833,-1.4946984164138006,0.5378720081107132,0.88279428457523,-1.2023582550173695,1,1.3017941511261861,-0.867256858348901,0,0,0.0,-0.42535065589112697,2.0,-0.6334628113733313,-1.3215932549460732,1.5325064570724032,-0.5112882107180687,0.7655020928575547,0.2669923189095964,-1.3933896674036048,0.20806953421025662
1.3355359133493794,2,3,0,-1.2185829662218377,-1.1559984702896895,0.6771450609904393,0.88279428457523,-1.6506048579508479,0,-0.48013575169824046,1.4843646609859844,1,0,0.0,-0.42535065589112697,2.0,-0.2874163753674818,0.989423865335394,-0.36070581056282225,0.7255063471223431,0.00576100847829524,-0.9407317889959314,1.0528946627652886,-1.4497539356267808
0.4647648656599274,1,3,0,-1.0518550025161633,-0.6953665435608981,-0.7852219942466825,-0.8704704927942822,-0.13346250956061317,1,1.3017941511261861,0.30855390131854166,0,0,0.0,-0.42535065589112697,2.0,0.847615934731704,0.7830830510245482,-0.3748342603212938,0.5031612580723813,0.2820304937071171,-0.30134843775182885,0.3539562827170334,1.520513114497911
0.4647648656599274,0,3,0,1.3934884651670603,1.6619850814629158,-0.7155854678068195,-0.8704704927942822,-0.4437870808222521,0,-0.48013575169824046,-0.867256858348901,0,0,0.0,-0.42535065589112697,2.0,1.3320809451398934,1.1269844082092904,0.4870011749454876,-0.09439116874939087,1.525243177236814,1.1905460484844115,0.004487092692905432,0.6916013795793922
-0.6962631979260084,0,0,1,0.29586270410470467,0.40202128188122194,-0.15849325628791613,-0.8704704927942822,-0.30586504915041257,0,-1.3711007031104538,-0.867256858348901,1,1,1.0,0.7658544617882235,0.0,1.608918093944573,0.19157271666679218,0.33158822760229767,-1.0532543652773503,0.6964347215503491,-1.5090725456573557,-0.7643451253601753,0.553449423759639
-0.9865202138224924,1,4,0,-1.579826887584132,-1.7656583733130895,-0.6459489413669565,-0.8704704927942822,1.314718822993702,1,-0.48013575169824046,0.30855390131854166,0,0,0.0,-0.42535065589112697,2.0,-1.1040859643412866,0.9481557024732246,-0.6856601550076743,1.1007136848941528,-1.0993169324369914,-0.017178059421116217,0.633531634736335,0.553449423759639
-1.2767772297189763,2,3,2,1.4629584500444248,1.6213410879280228,-0.019220203408190112,-0.8704704927942822,-0.8920336837557306,0,1.3017941511261861,-0.27935147851517966,1,1,0.0,-0.42535065589112697,3.0,-0.9241418176182448,0.4529377481271961,-0.8975869013847516,-1.0254612291461052,-0.1323737341361157,0.4090775080749527,-0.9041328013698265,-0.6899181786181388
0.4647648656599274,0,0,2,1.3240184802896962,1.4452171159434843,0.4682354816708502,0.88279428457523,-0.6161896204120515,1,1.3017941511261861,-0.27935147851517966,0,0,0.0,-0.42535065589112697,2.0,-0.14899780096514192,1.058204136772342,-0.2052928632196317,1.253575933616002,1.6633779198512249,-1.5090725456573557,-1.6030711814180816,-1.2425260018971518
-1.2767772297189763,1,2,1,0.29586270410470467,0.23944530774164902,-1.620860311525038,-0.8704704927942822,-0.09898200164265329,0,-0.48013575169824046,0.30855390131854166,0,0,0.0,-0.42535065589112697,2.0,-0.2874163753674818,1.333325222520136,-0.5161187579060122,1.2952656378128695,-0.6849127045937586,0.12490712974424009,-1.2536019913939545,1.106057247038652
-0.4060061820295245,1,4,2,-1.5659328906086594,-1.5895344013285515,0.4682354816708502,1.759426673259986,0.6251086646345042,0,0.4108291997139728,-0.27935147851517966,0,0,0.0,-0.42535065589112697,2.0,1.2351879430582557,0.9206435938984452,-0.9682291501771105,1.7260592478471701,1.387108434622403,0.053864535161561936,0.14427476870255662,1.3823611586781577
0.17450784976344344,2,2,4,1.2684424923878046,1.3910251245636265,0.9556911667498914,-0.8704704927942822,0.3147840933728653,0,0.4108291997139728,-0.27935147851517966,1,0,2.0,1.9570595794675738,1.0,-0.965667389938947,-1.5554461778316977,-0.9682291501771105,-0.4973916426524464,1.1799063207007874,-0.5144762214998625,0.9131069867556374,-0.20638633324900313
-0.6962631979260084,0,2,0,1.6435804107255718,1.7839170620675957,1.2342372725093433,-0.8704704927942822,-0.9954752075096102,0,0.4108291997139728,0.30855390131854166,0,0,0.0,-0.42535065589112697,2.0,-0.2597326604870139,-0.9364237348991623,-1.5616240400329275,0.1696436244974385,1.7324452911584303,0.8353330755710208,-0.6245574493505242,1.106057247038652
-0.9865202138224924,1,2,4,-0.6767170841783959,-0.8443945198555072,1.3038737989492057,0.88279428457523,0.5906281567165443,1,1.3017941511261861,-1.4551622381826224,0,0,0.0,-0.42535065589112697,2.0,-1.2009789664229245,-1.1014963863478384,0.543514973979375,-0.27504655360248453,-1.168384303744197,-0.7276040052478969,0.14427476870255662,-1.3116019798070275
-0.4060061820295245,1,4,3,-0.39883714466893844,-0.6140785564911116,-0.4370393620473682,0.006161895890473879,1.6940044100912606,1,1.3017941511261861,-1.4551622381826224,1,1,1.0,3.1482646971469244,3.0,-0.8410906729768408,1.2370328425084078,-0.00749456660102654,-0.37232253006184257,0.35109786501432255,0.6932478864056645,0.3539562827170334,1.4514371365880343
0.4647648656599274,1,3,0,-1.3575229359765661,-1.386314433654085,-0.5066758884872304,-0.8704704927942822,0.6251086646345042,0,0.4108291997139728,0.30855390131854166,0,0,0.0,-0.42535065589112697,2.0,0.930667079373108,0.5492301281389237,-1.2225412458296037,-0.16387400907750363,-1.2374516750514024,1.2615886430670897,-1.3933896674036048,0.553449423759639
-0.9865202138224924,1,0,1,-1.6492968724614963,-1.4269584271889784,1.3735103253890688,-0.8704704927942822,-1.1333972391814497,1,-1.3711007031104538,0.896459281152263,1,0,0.0,-0.42535065589112697,2.0,0.8337740772914704,0.851863322461497,-1.3073119443804344,-1.345082294655425,1.2489736920079928,1.1905460484844115,0.633531634736335,0.34622149003000985
-1.2767772297189763,1,0,0,1.4212764591180058,1.512957105168307,-1.2030411528858607,-0.8704704927942822,-0.9265141916736904,1,1.3017941511261861,1.4843646609859844,0,0,0.0,-0.42535065589112697,2.0,-1.450132400347136,1.182008625358849,-0.7845593033169769,0.586540666466117,-1.582788531587429,0.33803491349227455,0.7733193107459861,-0.48269024488850887
1.0452788974528953,1,3,1,-0.19042719003684563,-0.4650505801965023,0.8860546403100283,-0.8704704927942822,1.4181603467475814,0,0.4108291997139728,-0.27935147851517966,0,0,0.0,-0.42535065589112697,2.0,-0.49504423697099137,1.333325222520136,0.8402124189072834,-0.7336332997680306,-0.4777105906721423,0.4090775080749527,-0.27508825932639697,0.0008416004806267426
1.0452788974528953,0,0,2,1.3795944681915877,1.5265051030132712,-0.7852219942466825,0.006161895890473879,-1.4437218104430887,0,-0.48013575169824046,-1.4551622381826224,0,0,0.0,-0.42535065589112697,2.0,0.37699278176374906,-0.9639358434739417,0.4870011749454876,0.9617480042379273,-0.4777105906721423,1.0484608593190552,-0.5546636113456985,0.898829313309022
1.3355359133493794,1,0,0,-0.39883714466893844,-0.42440658666160924,-1.0637681000061345,-0.8704704927942822,1.1423162834039025,0,-1.3711007031104538,-0.867256858348901,0,0,0.0,-0.42535065589112697,2.0,-0.3981512348893537,-1.335349309233463,1.5325064570724032,0.15574705643181622,-0.7539800759009642,-0.5144762214998625,-0.7643451253601753,0.34622149003000985
0.4647648656599274,2,4,1,-0.8295510509085973,-1.0611624853749382,-1.342314205765586,0.006161895890473879,-1.5471633341969682,0,-1.3711007031104538,0.30855390131854166,0,0,0.0,-0.42535065589112697,2.0,1.678127381145743,-0.6750587034387584,-0.6715317052492021,1.739955815912793,-1.2374516750514024,0.9063756701536989,1.542151528799067,0.06991757839050336
-0.6962631979260084,1,4,3,-1.3019469480746746,-1.1559984702896895,0.6075085345505763,0.006161895890473879,0.4527061250447048,0,-1.3711007031104538,-0.867256858348901,0,0,0.0,-0.42535065589112697,2.0,-0.23204894560654588,0.19157271666679218,0.2326890792929951,1.281369069747247,-0.6849127045937586,1.1195034539017334,0.21416860670738222,-0.6899181786181388
-0.6962631979260084,1,1,3,-1.3992049269029847,-1.0476144875299738,-0.8548585206865456,1.759426673259986,-0.40930657290429223,0,0.4108291997139728,-1.4551622381826224,1,0,1.0,3.1482646971469244,1.0,-0.6473046688135655,0.26035298810374036,0.7695701701149245,-0.30283968973372977,-1.5137211602802234,-1.0117743835786095,1.33247001478459,1.106057247038652
1.6257929292458633,0,4,1,-0.9684910206633259,-1.115354476754796,-0.08885672984805312,0.88279428457523,-0.30586504915041257,0,-1.3711007031104538,1.4843646609859844,0,0,0.0,-0.42535065589112697,2.0,-0.24589080304678018,1.443373656819253,0.21856062953452293,0.7671960513192106,-0.27050847675052664,-1.0117743835786095,0.7733193107459861,0.34622149003000985
-0.6962631979260084,0,4,1,-0.4960951234972489,-0.6818185457159337,-1.2726776793257237,1.759426673259986,-1.1333972391814497,0,-0.48013575169824046,-0.867256858348901,0,0,0.0,-0.42535065589112697,2.0,0.33546720944304737,0.16406060809201278,1.4618642082800437,0.1696436244974385,0.0748283797855007,-1.6511577348227122,-1.533177343413256,-1.7260578472662873
0.7550218815564114,2,2,1,-1.4269929208539305,-1.4946984164138006,-0.5763124149270935,-0.8704704927942822,0.4527061250447048,0,1.3017941511261861,-0.867256858348901,0,0,0.0,-0.42535065589112697,2.0,-0.4119930923295874,-0.6613026491513684,0.3739735768777129,0.05847107997245759,-0.6158453332865532,-1.0828169781612877,0.9830008247604629,1.0369812691287754
0.4647648656599274,1,1,0,0.6015306375651073,0.8626532086100136,-1.2726776793257237,-0.8704704927942822,-1.1333972391814497,0,-1.3711007031104538,-0.867256858348901,0,0,0.0,-0.42535065589112697,2.0,1.6227599513848068,0.5217180195641443,0.5717718734963186,0.47536812194113603,0.420165236321528,-1.295944761909322,0.14427476870255662,-0.413614266978633
-0.11574916613304052,0,4,0,0.07355875249713865,0.33428129265639994,-0.5066758884872304,0.88279428457523,1.1423162834039025,0,1.3017941511261861,-0.27935147851517966,0,0,0.0,-0.42535065589112697,2.0,-0.8272488155366071,1.3470812768075255,-0.10639371491032912,-1.2200131820648215,-0.4086432193649376,-1.3669873564919994,-1.0439204773794777,-1.5188299135366574
-1.2767772297189763,0,1,2,0.5598486466386889,0.4968572667959734,1.1646007460694805,-0.8704704927942822,0.7975112042243035,0,-1.3711007031104538,-0.867256858348901,1,1,0.0,-0.42535065589112697,0.0,-0.16283965840537623,-1.3215932549460732,-0.4737334086305964,-0.886495548489879,-1.3755864176658126,-1.3669873564919994,0.9830008247604629,1.313285180768281
-0.11574916613304052,0,4,1,-1.4547809148048763,-1.115354476754796,0.328962428791125,-0.8704704927942822,0.7630306963063437,0,0.4108291997139728,0.896459281152263,0,0,0.0,-0.42535065589112697,2.0,0.5707787859270249,-0.1660846948053399,1.3629650599707412,0.7255063471223431,1.5943105485440194,-1.4380299510746777,-1.6030711814180816,1.6586650703176642
-1.2767772297189763,2,4,1,0.4903786617613243,0.70007723447044,-1.0637681000061345,-0.8704704927942822,-0.47826758874021197,1,-0.48013575169824046,0.896459281152263,1,1,2.0,3.1482646971469244,3.0,1.719652953466445,0.5217180195641443,0.33158822760229767,-0.27504655360248453,-0.6158453332865532,1.4747164268151234,1.6120453668038925,0.0008416004806267426
0.7550218815564114,1,3,0,0.9071985710255105,0.6729812387805111,-1.342314205765586,-0.8704704927942822,0.7285501883883838,0,1.3017941511261861,-0.867256858348901,1,1,0.0,-0.42535065589112697,3.0,-1.2840301110643282,-0.7025708120135371,-0.5585041071814274,0.7671960513192106,-1.0993169324369914,-1.4380299510746777,-0.4148759353360481,-0.1373103553391265
0.4647648656599274,0,4,1,-1.6909788633879148,-1.806302366847983,0.4682354816708502,0.88279428457523,-1.0989167312634898,0,-1.3711007031104538,-1.4551622381826224,0,0,0.0,-0.42535065589112697,2.0,-1.7269695491518156,0.2741090423911304,1.0662676150428327,-1.5674273837053865,-1.7209232742018399,0.7642904809883426,0.633531634736335,-0.3445382890687564
0.17450784976344344,1,1,1,-1.5937208845596047,-1.5895344013285515,-0.3674028356075052,0.006161895890473879,1.3836798388296216,0,1.3017941511261861,-1.4551622381826224,1,1,1.0,3.1482646971469244,0.0,-1.380923113145966,-1.2665690377965144,-1.3214403941389063,-1.5396342475741414,0.14389575109270616,1.0484608593190552,0.423850120721859,0.2771455121201332
1.6257929292458633,2,3,1,-0.5655651083746129,-0.4515025823515381,-0.6459489413669565,-0.8704704927942822,0.4871866329626647,1,-0.48013575169824046,-0.27935147851517966,0,0,0.0,-0.42535065589112697,2.0,0.33546720944304737,1.5259099825435911,0.33158822760229767,1.03123084456604,0.6273673502431437,-0.017178059421116217,0.7733193107459861,1.106057247038652
-0.9865202138224924,0,0,0,-0.5794591053500862,-0.3702145952817514,-0.15849325628791613,-0.8704704927942822,-1.4092413025251287,1,-1.3711007031104538,0.896459281152263,1,1,2.0,3.1482646971469244,0.0,1.2490298004984894,0.054012173792895225,0.07727613194980451,1.2952656378128695,0.00576100847829524,0.6222052918229863,-1.4632835054084306,-1.1043740460773985
0.7550218815564114,2,1,3,-0.023699226331171153,-0.3295706017468583,1.6520564311485209,-0.8704704927942822,1.0388747596500227,1,1.3017941511261861,-0.867256858348901,0,0,0.0,-0.42535065589112697,2.0,0.6538299305684289,-0.37242550911618505,0.6565425720471497,-1.6369102240334996,-1.2374516750514024,1.1195034539017334,0.4937439587266838,-0.48269024488850887
-1.2767772297189763,2,2,3,1.5046404409708432,1.2419971482690177,1.3735103253890688,0.006161895890473879,0.4871866329626647,1,-1.3711007031104538,0.30855390131854166,0,0,0.0,-0.42535065589112697,2.0,1.6642855237055092,-0.2211089119548987,-0.14877906418574433,0.044574511906835285,1.3180410633151975,0.33803491349227455,0.7034254727411606,-0.413614266978633
-1.5670342456154605,2,0,0,1.4907464439953706,1.160709161199231,1.5127833782687947,-0.8704704927942822,0.969913743814103,1,-1.3711007031104538,0.896459281152263,0,0,0.0,-0.42535065589112697,2.0,-0.1905233732858442,0.012744010930725833,0.8543408686657555,-0.6919435955711624,-0.8230474472081696,-0.7276040052478969,0.21416860670738222,1.313285180768281
1.3355359133493794,2,4,4,-1.5520388936331864,-1.7656583733130895,-1.411950732205449,-0.8704704927942822,-1.0989167312634898,0,0.4108291997139728,0.896459281152263,0,0,0.0,-0.42535065589112697,2.0,-1.5885509747494757,-0.5925223777144202,0.7554417203564523,0.11405735223494805,-0.27050847675052664,1.1195034539017334,0.9131069867556374,0.9679052912188987
-0.9865202138224924,2,4,0,1.0739265347311844,1.2961891396488756,-0.08885672984805312,-0.8704704927942822,-1.4437218104430887,1,0.4108291997139728,-1.4551622381826224,0,0,0.0,-0.42535065589112697,2.0,-1.0625603920205846,-1.2940811463712938,-1.3214403941389063,-1.0532543652773503,0.0748283797855007,1.687844210563158,0.2840624447122078,0.06991757839050336
-0.4060061820295245,0,1,0,-0.4405191355953574,-0.13989863191735588,-0.3674028356075052,-0.8704704927942822,0.5906281567165443,0,0.4108291997139728,0.30855390131854166,1,1,2.0,3.1482646971469244,2.0,-1.505499830108072,-0.7988631920252653,-0.43134805935518117,-0.8448058442930114,-0.8921148185153751,0.2669923189095964,-0.06540674531192016,0.553449423759639
1.3355359133493794,1,4,4,0.5459546496632157,0.4833092689510087,1.1646007460694805,1.759426673259986,0.4871866329626647,0,1.3017941511261861,0.30855390131854166,1,1,2.0,0.7658544617882235,0.0,-0.5780953816123953,1.5396660368309811,1.1651667633521354,1.7260592478471701,0.6964347215503491,-0.44343362691718513,-0.7643451253601753,0.553449423759639
0.7550218815564114,0,3,3,0.4348026738594328,0.1717053185168264,-0.6459489413669565,-0.8704704927942822,0.6251086646345042,0,-0.48013575169824046,1.4843646609859844,0,0,0.0,-0.42535065589112697,2.0,-1.2563463961838601,-0.2211089119548987,1.5890202561062907,-1.0115646610804825,-1.582788531587429,-0.30134843775182885,0.2840624447122078,-0.6899181786181388
0.17450784976344344,1,3,4,0.04577075854619291,0.32073329481143575,0.8164181138701654,-0.8704704927942822,-0.9609946995916503,0,-0.48013575169824046,1.4843646609859844,0,0,0.0,-0.42535065589112697,2.0,1.719652953466445,-0.7163268663009271,0.4163589261531287,-1.6785999282303674,0.35109786501432255,-0.23030584316915068,0.14427476870255662,0.13899355630038
1.0452788974528953,1,3,1,0.004088767619773978,-0.3024746060569294,-0.019220203408190112,0.006161895890473879,0.2803035854549054,0,-0.48013575169824046,0.30855390131854166,0,0,0.0,-0.42535065589112697,2.0,0.7784066475305345,-0.4136936719783538,0.0348907826743893,-0.6780470275055401,-0.6158453332865532,-1.7222003294053903,0.7733193107459861,0.7606773574892688
0.4647648656599274,2,2,2,1.574110425848208,1.4452171159434843,1.6520564311485209,1.759426673259986,1.4526408546655414,1,-0.48013575169824046,-1.4551622381826224,0,0,0.0,-0.42535065589112697,2.0,-0.09363037120420598,1.3608373310949153,0.16204683050063556,-0.6780470275055401,0.8345694641647601,-0.017178059421116217,-1.183708153389129,0.2771455121201332
-1.5670342456154605,1,3,1,-1.6076148815350775,-1.413410429344014,-0.7155854678068195,0.006161895890473879,1.3491993309116617,0,-0.48013575169824046,-0.27935147851517966,0,0,0.0,-0.42535065589112697,2.0,-1.3117138259447962,1.6909826339922676,1.0945245145597764,0.18354019256306145,-0.06330636282891022,0.48012010265763005,-0.6245574493505242,-1.5188299135366574
1.6257929292458633,2,2,3,-1.3436289390010934,-1.5353424099486936,1.7216929575883837,-0.8704704927942822,1.4181603467475814,1,0.4108291997139728,0.896459281152263,1,1,0.0,-0.42535065589112697,3.0,0.3077834945625794,-0.7025708120135371,1.3770935097292127,-0.27504655360248453,-1.030249561129786,0.12490712974424009,1.0528946627652886,-1.6569818693564107
1.3355359133493794,0,1,1,0.9627745589274019,1.1336131655093022,1.3038737989492057,0.88279428457523,-0.40930657290429223,0,-1.3711007031104538,-1.4551622381826224,0,0,0.0,-0.42535065589112697,2.0,0.3077834945625794,-1.115252440635228,0.5859003232547908,0.016781375775590055,-1.3755864176658126,1.4747164268151234,0.633531634736335,0.13899355630038
0.17450784976344344,0,4,2,1.351806474240642,1.6619850814629158,-0.7852219942466825,0.88279428457523,-0.9265141916736904,1,-1.3711007031104538,0.30855390131854166,0,0,0.0,-0.42535065589112697,2.0,0.5154113561660889,-0.08354836908100173,1.0662676150428327,-0.1221843048806361,0.21296312239991164,-1.7932429239880685,-0.48476977334087296,-1.2425260018971518
-0.4060061820295245,2,1,0,0.8377285861481458,1.1065171698193732,0.8164181138701654,-0.8704704927942822,0.7975112042243035,0,0.4108291997139728,0.30855390131854166,0,0,0.0,-0.42535065589112697,2.0,1.2628716579387238,0.04025611950550523,0.3739735768777129,-0.6363573233086726,1.5943105485440194,-0.7986465998305751,0.2840624447122078,1.7277410482275408
-1.5670342456154605,1,4,4,-1.6215088785105505,-1.6437263927084094,-0.5763124149270935,-0.8704704927942822,-0.06450149372469341,1,-0.48013575169824046,1.4843646609859844,1,1,2.0,3.1482646971469244,1.0,-0.5365698092916936,0.8931314853236658,0.24681752905146662,-1.5535308156397638,1.3180410633151975,-0.7276040052478969,1.7518330428135438,1.5895890924077876
1.6257929292458633,0,1,1,-1.2741589541237288,-0.9934224961501159,0.8860546403100283,0.006161895890473879,-0.13346250956061317,0,-1.3711007031104538,0.30855390131854166,0,0,0.0,-0.42535065589112697,2.0,-1.5885509747494757,1.6084463082679294,1.4336073087631,-0.37232253006184257,0.0748283797855007,-0.15926324858647253,1.33247001478459,0.6225254016695156
-1.2767772297189763,0,2,4,0.8933045740500373,0.5645972560207955,0.4682354816708502,-0.8704704927942822,-1.2713192708532892,0,-1.3711007031104538,0.896459281152263,0,0,0.0,-0.42535065589112697,2.0,1.3182390876996597,1.3608373310949153,1.2640659116614386,0.08626421610370281,0.5582999789359382,0.19594972432691823,-1.533177343413256,0.34622149003000985
-1.2767772297189763,2,4,3,1.4212764591180058,1.2284491504240536,-0.5066758884872304,-0.8704704927942822,-0.6506701283300114,1,1.3017941511261861,0.30855390131854166,1,0,2.0,3.1482646971469244,1.0,-0.6334628113733313,0.4391816938398061,0.868469318424227,0.044574511906835285,1.3180410633151975,-1.6511577348227122,1.4722576907942413,-1.035298068167522
-0.9865202138224924,0,4,2,-0.35715515374252016,-0.573434562956218,0.6075085345505763,0.006161895890473879,1.6940044100912606,1,-1.3711007031104538,-1.4551622381826224,0,0,0.0,-0.42535065589112697,2.0,-0.8826162452975431,1.0857162453471214,-1.448596441965153,-0.9142886846211242,0.00576100847829524,1.1905460484844115,-1.2536019913939545,0.13899355630038
0.17450784976344344,1,2,4,1.2406544984368588,0.9168451999898714,0.9556911667498914,1.759426673259986,0.6940696804704239,0,0.4108291997139728,-0.27935147851517966,1,0,1.0,3.1482646971469244,2.0,0.7230392177695985,1.6909826339922676,0.783698619873396,-1.6369102240334996,0.00576100847829524,0.4090775080749527,0.633531634736335,0.7606773574892688
-0.6962631979260084,1,4,4,-0.9684910206633259,-1.237286457359476,0.6771450609904393,0.006161895890473879,-0.754111652083891,0,0.4108291997139728,-0.27935147851517966,0,0,0.0,-0.42535065589112697,2.0,-0.5780953816123953,-0.37242550911618505,-0.177035963702688,-0.6502538913742949,0.5582999789359382,1.5457590213978016,1.4722576907942413,0.553449423759639
-0.9865202138224924,2,2,1,0.740470607319836,1.0523251784395153,-1.411950732205449,-0.8704704927942822,-0.06450149372469341,1,0.4108291997139728,0.896459281152263,0,0,0.0,-0.42535065589112697,2.0,1.595076236504339,0.21908482524157158,1.6879194044155932,0.9895411403691725,0.0748283797855007,-0.44343362691718513,0.3539562827170334,0.06991757839050336
0.4647648656599274,0,3,0,-0.9962790146142717,-0.8172985241655782,1.6520564311485209,-0.8704704927942822,-0.2369040333144928,0,-1.3711007031104538,-0.27935147851517966,1,1,1.0,1.9570595794675738,3.0,0.07247191807860127,1.6222023625553195,0.6424141222886782,1.587093567190944,-0.6158453332865532,-0.5855188160825406,1.2625761767797654,-1.2425260018971518
-1.5670342456154605,1,0,1,1.4768524470198974,1.5536010987032,0.7467815874303023,1.759426673259986,0.8664722200602234,1,1.3017941511261861,-0.27935147851517966,1,0,2.0,0.7658544617882235,0.0,0.6676717880086626,-0.8538874091748241,1.391221959487685,-0.6641504594399171,-0.4086432193649376,-1.4380299510746777,1.4023638527894158,-0.7589941565280154
-0.4060061820295245,1,4,1,1.4490644530689516,1.214901152579089,-1.2726776793257237,-0.8704704927942822,-0.754111652083891,0,-0.48013575169824046,1.4843646609859844,0,0,0.0,-0.42535065589112697,2.0,1.124453083536384,0.16406060809201278,0.543514973979375,0.016781375775590055,0.6964347215503491,-1.6511577348227122,0.9131069867556374,-1.587905891446534
-0.4060061820295245,2,1,3,-1.2185829662218377,-1.3998624314990493,-0.6459489413669565,0.88279428457523,0.969913743814103,0,0.4108291997139728,1.4843646609859844,0,0,0.0,-0.42535065589112697,2.0,0.7230392177695985,1.0719601910597316,-1.0671282984864137,1.4342313184690956,-1.444653788973018,1.4036738322324451,-1.183708153389129,-0.5517662227983855
-0.4060061820295245,2,3,0,1.3934884651670603,1.5265051030132712,0.8860546403100283,1.759426673259986,-1.1678777470994095,0,-0.48013575169824046,-0.27935147851517966,0,0,0.0,-0.42535065589112697,2.0,0.4462020689649187,0.6317664538632618,-1.3779541931727937,1.587093567190944,-0.5467779619793477,0.7642904809883426,0.07438093069773102,-0.9662220902576453
1.6257929292458633,1,0,2,1.365700471216115,1.607793090083058,-0.5066758884872304,-0.8704704927942822,-0.34034555706837244,0,-1.3711007031104538,0.896459281152263,0,0,0.0,-0.42535065589112697,2.0,1.1936623707375535,-0.977691897761331,-1.7594223366515331,-0.7614264358992757,-1.030249561129786,-0.017178059421116217,-1.0439204773794777,0.898829313309022
0.4647648656599274,2,4,4,1.2962304863387504,1.607793090083058,1.6520564311485209,-0.8704704927942822,-0.4437870808222521,0,1.3017941511261861,0.896459281152263,1,1,0.0,-0.42535065589112697,2.0,1.2490298004984894,1.2783010053705772,-1.7452938868930612,-1.4979445433772738,1.4561758059296086,-1.3669873564919994,0.423850120721859,0.4152974679398865
1.6257929292458633,1,1,3,0.24028671620281314,0.2800893012765421,1.6520564311485209,0.88279428457523,-0.9609946995916503,0,1.3017941511261861,-1.4551622381826224,1,0,0.0,-0.42535065589112697,1.0,-0.09363037120420598,-0.757595029163096,-0.4737334086305964,0.39198871354740034,0.2820304937071171,0.48012010265763005,-0.48476977334087296,-0.6208422007082621
0.7550218815564114,1,4,2,0.4348026738594328,0.7542692258502979,1.3038737989492057,0.88279428457523,1.5560823784194209,0,-0.48013575169824046,-0.867256858348901,0,0,0.0,-0.42535065589112697,2.0,0.46004392640515296,-1.3903735263830217,1.6314056053817059,-0.8725989804242567,0.420165236321528,1.0484608593190552,1.542151528799067,0.34622149003000985
0.7550218815564114,1,4,2,-0.6072470993010318,-0.3024746060569294,1.7216929575883837,0.006161895890473879,0.969913743814103,1,-1.3711007031104538,0.896459281152263,1,1,1.0,1.9570595794675738,0.0,0.2800997796821114,-1.2253008749343453,-1.7029085376176456,-1.2894960223929346,0.972704206779171,0.9063756701536989,0.3539562827170334,-1.035298068167522
-0.6962631979260084,0,1,4,-0.3293671597915744,-0.3295706017468583,1.3735103253890688,-0.8704704927942822,1.3491993309116617,1,-0.48013575169824046,0.30855390131854166,1,1,2.0,0.7658544617882235,3.0,-1.2563463961838601,0.5629861824263137,0.020762332915917142,-1.136633773671086,0.14389575109270616,1.4747164268151234,-1.6729650194229073,0.48437344584976233
0.7550218815564114,0,0,3,0.2680747101537589,0.4833092689510087,-0.7852219942466825,0.88279428457523,0.3147840933728653,0,1.3017941511261861,1.4843646609859844,0,0,0.0,-0.42535065589112697,2.0,-0.9102999601780111,0.054012173792895225,0.9956253662504739,1.1979896613535115,1.1799063207007874,-0.5855188160825406,1.0528946627652886,-0.9662220902576453
1.3355359133493794,2,4,1,1.5463224318972622,1.8381090534474536,-0.22812978272777917,-0.8704704927942822,0.10790104586510599,0,0.4108291997139728,0.896459281152263,0,0,0.0,-0.42535065589112697,2.0,1.1936623707375535,-0.33115734625401627,1.038010715525889,-1.2894960223929346,1.387108434622403,-1.1538595727439658,-1.6030711814180816,-1.1734500239872752
-1.5670342456154605,2,0,4,0.3514386920065955,0.22589730989668425,-0.3674028356075052,0.006161895890473879,1.5216018705014611,1,0.4108291997139728,-1.4551622381826224,1,1,2.0,0.7658544617882235,1.0,0.7091973603293642,1.4708857653940324,0.6141572227717345,0.6699200748598526,-0.9611821898225805,0.12490712974424009,0.21416860670738222,0.6916013795793922
-0.11574916613304052,2,2,0,-0.2737911718896829,-0.3160226039018936,-0.9941315735662716,0.88279428457523,-1.2368387629353292,1,0.4108291997139728,0.896459281152263,0,0,0.0,-0.42535065589112697,2.0,-0.6057790964928633,-0.15232864051794992,-1.0529998487279415,1.3230587739441146,0.2820304937071171,1.5457590213978016,0.2840624447122078,-1.3116019798070275
1.6257929292458633,0,4,1,-0.3154731628161018,-0.6005305586461469,-0.7155854678068195,-0.8704704927942822,0.34926460129082515,0,-0.48013575169824046,0.30855390131854166,1,1,0.0,-0.42535065589112697,3.0,-1.1871371089826905,1.1682525710714597,-1.5898809395498712,-0.6919435955711624,-0.6849127045937586,-1.224902167326644,0.004487092692905432,-1.6569818693564107
-1.2767772297189763,0,3,0,1.254548495412332,1.0387771805945512,-0.7852219942466825,0.88279428457523,-0.34034555706837244,1,-0.48013575169824046,0.896459281152263,0,0,0.0,-0.42535065589112697,2.0,1.0690856537754478,-1.0602282234856693,1.2640659116614386,0.933954868106682,0.7655020928575547,-1.5090725456573557,-1.6729650194229073,0.34622149003000985
-0.11574916613304052,2,3,2,-0.3293671597915744,-0.28892660821196464,-1.1334046264459976,-0.8704704927942822,1.245757807157782,1,0.4108291997139728,-1.4551622381826224,0,0,0.0,-0.42535065589112697,2.0,-1.1317696792217546,-1.6242264492686462,-0.3748342603212938,0.33640244128490987,0.6964347215503491,1.0484608593190552,0.423850120721859,-1.3116019798070275
0.7550218815564114,1,0,3,-1.0240670085652175,-1.3050264465842982,-0.15849325628791613,-0.8704704927942822,0.7975112042243035,0,1.3017941511261861,0.896459281152263,1,1,1.0,3.1482646971469244,2.0,-0.8549325304170751,1.5534220911183705,-0.21942131297810386,-1.2478063181960668,-1.3755864176658126,0.48012010265763005,-0.20519442132157134,-1.3806779577169042
0.17450784976344344,0,1,0,1.3240184802896962,1.0794211741294444,-0.15849325628791613,0.88279428457523,0.8319917121422635,0,-0.48013575169824046,0.30855390131854166,0,0,0.0,-0.42535065589112697,2.0,-0.3427838051284178,1.1544965167840697,-0.43134805935518117,-1.6508067920991223,-0.4777105906721423,-0.017178059421116217,1.542151528799067,1.520513114497911
-1.2767772297189763,0,2,4,-0.13485120213495413,0.09041733144703964,1.3038737989492057,0.006161895890473879,-0.9954752075096102,1,-1.3711007031104538,-1.4551622381826224,0,0,0.0,-0.42535065589112697,2.0,0.12783934783953724,-0.8676434634622135,-1.4909817912405683,-0.44180537038995593,-0.7539800759009642,0.053864535161561936,1.681939204808718,-1.3116019798070275
1.3355359133493794,0,1,3,1.4907464439953706,1.2013531547341247,-0.3674028356075052,-0.8704704927942822,-1.340280286689209,1,0.4108291997139728,-0.27935147851517966,0,0,0.0,-0.42535065589112697,2.0,1.6366018088250411,0.12279244522984341,-0.04987991587644175,-1.0393577972117278,0.4892326076287327,0.33803491349227455,0.5636377967315094,-1.6569818693564107
-0.4060061820295245,0,3,0,1.4073824621425333,1.7161770728427737,-0.8548585206865456,0.88279428457523,1.6250433942553408,1,1.3017941511261861,-0.867256858348901,0,0,0.0,-0.42535065589112697,2.0,0.37699278176374906,1.182008625358849,-0.7704308535585047,1.4759210226659631,0.8345694641647601,-0.372391032334507,-1.3933896674036048,-0.828070134437892
-0.9865202138224924,0,2,3,-0.6628230872029234,-0.5192425715763601,-1.1334046264459976,-0.8704704927942822,0.9354332358961431,0,-0.48013575169824046,-0.27935147851517966,0,0,0.0,-0.42535065589112697,2.0,-0.2874163753674818,-0.2348649662422881,-0.36070581056282225,0.05847107997245759,1.110838949393582,1.1195034539017334,1.0528946627652886,-1.3806779577169042
1.3355359133493794,2,2,2,-1.385310929927512,-1.5624384056386227,-1.620860311525038,0.88279428457523,-0.5127480966581719,1,1.3017941511261861,1.4843646609859844,0,0,0.0,-0.42535065589112697,2.0,1.3043972302594253,1.6772265797048782,0.34571667736076916,0.4336784177442679,0.9036368354719655,-0.9407317889959314,-1.183708153389129,0.898829313309022
0.7550218815564114,0,3,2,1.5880044228236805,1.6619850814629158,1.6520564311485209,0.88279428457523,1.1423162834039025,1,0.4108291997139728,0.896459281152263,0,0,0.0,-0.42535065589112697,2.0,1.401290232341063,0.04025611950550523,1.3770935097292127,-0.2889431216681075,-0.8921148185153751,-0.9407317889959314,0.5636377967315094,0.0008416004806267426
-1.5670342456154605,2,0,2,0.1569227343499759,0.38847328403625775,-0.7852219942466825,-0.8704704927942822,-0.47826758874021197,0,0.4108291997139728,0.30855390131854166,0,0,0.0,-0.42535065589112697,2.0,0.2939416371223451,-0.6750587034387584,0.4446158256700724,1.1840930932878886,1.7324452911584303,1.1905460484844115,0.21416860670738222,-1.035298068167522
1.6257929292458633,1,3,0,-0.8851270388104887,-1.020518491840045,0.328962428791125,0.88279428457523,0.34926460129082515,0,-0.48013575169824046,-0.867256858348901,0,0,0.0,-0.42535065589112697,2.0,0.1970486350407075,-0.5787663234270302,-0.6008894564568432,-0.6780470275055401,-0.1323737341361157,-0.5855188160825406,0.14427476870255662,0.9679052912188987
0.7550218815564114,1,2,2,-1.4408869178294035,-1.1559984702896895,-0.8548585206865456,0.006161895890473879,-0.2713845412324527,0,-1.3711007031104538,-0.27935147851517966,0,0,0.0,-0.42535065589112697,2.0,0.1970486350407075,0.4804498567019755,-1.0671282984864137,0.8922651639098139,0.4892326076287327,1.4747164268151234,-1.183708153389129,0.898829313309022
0.17450784976344344,1,3,4,0.2680747101537589,0.02267734222221765,0.7467815874303023,1.759426673259986,-0.6851506362479712,1,-0.48013575169824046,-0.27935147851517966,1,1,2.0,3.1482646971469244,0.0,0.07247191807860127,-0.977691897761331,0.8119555193903396,-1.5396342475741414,1.1799063207007874,1.1905460484844115,1.1926823387749397,-1.1734500239872752
1.0452788974528953,1,4,2,-1.6909788633879148,-1.874042356072805,0.7467815874303023,1.759426673259986,-0.754111652083891,0,-0.48013575169824046,-1.4551622381826224,1,0,1.0,3.1482646971469244,3.0,1.5535506641836372,0.6455225081506518,1.5466349068308747,0.2669196009567971,1.5943105485440194,1.4036738322324451,-1.3234958293987793,-0.6208422007082621
0.4647648656599274,1,2,4,0.24028671620281314,0.03622534006718181,0.8860546403100283,1.759426673259986,-1.7195658737867676,1,-1.3711007031104538,0.30855390131854166,0,0,0.0,-0.42535065589112697,2.0,-0.993351104819415,0.8243512138867176,-1.2931834946219625,-0.9142886846211242,-0.27050847675052664,-1.5090725456573557,-0.9740266393746521,-1.2425260018971518
-0.6962631979260084,2,2,0,-0.7045050781293417,-0.49214657588643124,0.18968937591139895,1.759426673259986,-0.6851506362479712,0,-1.3711007031104538,-0.27935147851517966,0,0,0.0,-0.42535065589112697,2.0,-0.05210479888350432,-0.48247394341530264,-0.6715317052492021,-0.7614264358992757,0.14389575109270616,1.0484608593190552,-0.6245574493505242,-1.035298068167522
0.17450784976344344,1,3,0,-1.5103569027067678,-1.603082399173516,0.050416323031672906,0.88279428457523,-1.2713192708532892,1,-0.48013575169824046,0.896459281152263,0,0,0.0,-0.42535065589112697,2.0,0.030946345757899618,-0.9226676806117723,-0.417219609596709,0.1696436244974385,-1.030249561129786,-0.8696891944132532,-1.3234958293987793,0.7606773574892688
1.3355359133493794,1,4,0,-0.9823850176387992,-0.9527785026152226,-1.5512237850851749,-0.8704704927942822,-0.40930657290429223,1,0.4108291997139728,0.896459281152263,0,0,0.0,-0.42535065589112697,2.0,0.930667079373108,0.26035298810374036,-0.8975869013847516,1.4759210226659631,-1.6518559028946345,-0.5144762214998625,0.7733193107459861,-0.27546231115887976
1.6257929292458633,1,0,3,-1.5242508996822406,-1.575986403483587,1.5824199047086578,-0.8704704927942822,1.1078357754859425,0,-1.3711007031104538,-0.27935147851517966,0,0,0.0,-0.42535065589112697,2.0,1.2490298004984894,-1.5692022321190875,0.2044321797760514,-1.067150933342973,1.7324452911584303,-1.295944761909322,0.21416860670738222,0.553449423759639
-0.11574916613304052,2,3,3,1.5046404409708432,1.3910251245636265,-1.5512237850851749,-0.8704704927942822,1.3836798388296216,0,-0.48013575169824046,0.30855390131854166,0,0,0.0,-0.42535065589112697,2.0,0.6538299305684289,0.8793754310362764,-0.6715317052492021,0.8366788916473235,-0.8921148185153751,-0.30134843775182885,1.33247001478459,-1.6569818693564107
-0.4060061820295245,0,2,2,1.3934884651670603,1.485861109478378,-1.2726776793257237,0.88279428457523,-1.1678777470994095,1,-0.48013575169824046,1.4843646609859844,0,0,0.0,-0.42535065589112697,2.0,-0.010579226562802042,-0.11106047765578113,-1.3073119443804344,1.0868171168285305,-0.4777105906721423,0.9063756701536989,-1.0439204773794777,-0.6208422007082621
-0.6962631979260084,1,0,2,-1.2463709601727833,-1.4676024207238718,-1.411950732205449,-0.8704704927942822,1.245757807157782,0,1.3017941511261861,0.896459281152263,0,0,0.0,-0.42535065589112697,2.0,-1.380923113145966,1.6222023625553195,-1.2931834946219625,0.9756445723035496,-1.582788531587429,0.4090775080749527,0.14427476870255662,-1.035298068167522
-0.11574916613304052,0,2,3,-1.579826887584132,-1.7385623776231607,-0.3674028356075052,0.006161895890473879,0.24582307753694552,1,0.4108291997139728,0.30855390131854166,0,0,0.0,-0.42535065589112697,2.0,0.7922485049707682,-0.496229997702692,-0.035751466117970226,0.33640244128490987,1.6633779198512249,0.2669923189095964,-0.9740266393746521,0.2771455121201332
0.7550218815564114,0,3,1,-1.3297349420256204,-1.5624384056386227,1.1646007460694805,-0.8704704927942822,-0.09898200164265329,0,1.3017941511261861,-0.867256858348901,0,0,0.0,-0.42535065589112697,2.0,0.9721926516938103,-0.8126192463126547,-0.5019903081475401,1.1979896613535115,0.972704206779171,1.687844210563158,1.7518330428135438,-0.8971461123477686
-0.4060061820295245,2,2,1,-0.6350350932519776,-0.8579425177004714,-0.4370393620473682,-0.8704704927942822,0.03894003002918623,1,-1.3711007031104538,-0.27935147851517966,1,1,2.0,1.9570595794675738,2.0,-1.1040859643412866,-1.4041295806704113,-0.6150179062153148,0.47536812194113603,-0.8921148185153751,-0.7276040052478969,0.7034254727411606,-1.3806779577169042
-0.9865202138224924,1,1,4,1.5185344379463164,1.5536010987032,-0.22812978272777917,0.88279428457523,0.3147840933728653,0,1.3017941511261861,-1.4551622381826224,0,0,0.0,-0.42535065589112697,2.0,-1.477816115227604,1.6634705254174882,1.5466349068308747,1.2674725016816242,-0.1323737341361157,1.332631237649767,-0.9740266393746521,1.0369812691287754
-0.11574916613304052,1,1,1,-1.1074309904180548,-1.142450472444725,-1.5512237850851749,-0.8704704927942822,-0.9954752075096102,1,-0.48013575169824046,0.30855390131854166,0,0,0.0,-0.42535065589112697,2.0,1.3736065174605956,1.2095207339336285,1.645534055140178,1.698266111715925,0.972704206779171,1.6168016159804797,1.2625761767797654,0.7606773574892688
0.7550218815564114,1,2,0,-0.41273114164441166,-0.4379545845065734,1.4431468518289317,-0.8704704927942822,0.5216671408806246,0,1.3017941511261861,-1.4551622381826224,0,0,0.0,-0.42535065589112697,2.0,-0.35662566256865147,0.6867906710128207,1.4194788590046286,-1.3867719988522929,1.2489736920079928,1.0484608593190552,-0.6245574493505242,-0.48269024488850887
-1.2767772297189763,2,2,3,-1.6909788633879148,-1.630178394863445,-1.411950732205449,-0.8704704927942822,0.24582307753694552,1,1.3017941511261861,0.30855390131854166,0,0,0.0,-0.42535065589112697,2.0,0.46004392640515296,-1.0739842777730588,1.1086529643182481,1.3230587739441146,0.0748283797855007,1.4747164268151234,1.1926823387749397,0.8297533353991454
-0.11574916613304052,2,1,0,0.28196870712923144,0.19880131420675531,0.4682354816708502,-0.8704704927942822,-0.8575531758377707,1,0.4108291997139728,-0.867256858348901,0,0,0.0,-0.42535065589112697,2.0,1.3182390876996597,-0.8951555720369929,1.6172771556232344,0.37809214548177805,-0.8921148185153751,-0.017178059421116217,-0.9740266393746521,1.6586650703176642
1.0452788974528953,1,4,4,-1.2185829662218377,-1.2643824530494048,0.328962428791125,-0.8704704927942822,-1.6850853658688079,0,-0.48013575169824046,0.30855390131854166,0,0,0.0,-0.42535065589112697,2.0,0.5154113561660889,-0.9639358434739417,0.868469318424227,-1.3867719988522929,-0.06330636282891022,-1.7932429239880685,1.6120453668038925,0.898829313309022
-0.6962631979260084,2,4,4,0.8655165800990916,0.9439411956798003,0.18968937591139895,-0.8704704927942822,0.7975112042243035,0,-1.3711007031104538,-1.4551622381826224,0,0,0.0,-0.42535065589112697,2.0,1.539708806743403,0.6042543452884824,-1.0671282984864137,-0.44180537038995593,-0.06330636282891022,0.33803491349227455,0.5636377967315094,0.20806953421025662
-0.6962631979260084,0,2,0,-0.8156570539331247,-0.6140785564911116,-1.411950732205449,1.759426673259986,0.5906281567165443,1,1.3017941511261861,0.896459281152263,0,0,0.0,-0.42535065589112697,2.0,0.7091973603293642,1.099472299634511,0.5152580744624313,-1.6508067920991223,-1.0993169324369914,-0.5855188160825406,-0.9041328013698265,1.5895890924077876
0.7550218815564114,1,2,3,-1.1352189843690004,-1.4405064250339428,1.0949642196296174,0.006161895890473879,-1.02995571542757,1,0.4108291997139728,-0.867256858348901,1,0,1.0,0.7658544617882235,0.0,0.930667079373108,-0.4136936719783538,0.8543408686657555,-1.623013655967877,-1.2374516750514024,-0.5144762214998625,-1.3933896674036048,0.34622149003000985
-0.6962631979260084,0,4,1,0.8655165800990916,0.5781452538657602,-0.7155854678068195,0.88279428457523,-1.4782023183610484,1,0.4108291997139728,0.30855390131854166,0,0,0.0,-0.42535065589112697,2.0,-0.3427838051284178,-1.6104703949812564,-0.8552015521093358,-0.06659803261814563,1.6633779198512249,1.332631237649767,-1.1138143153843032,0.7606773574892688
0.7550218815564114,0,1,2,-1.7187668573388606,-1.8198503646929474,-0.15849325628791613,0.88279428457523,-0.8920336837557306,1,-1.3711007031104538,0.896459281152263,0,0,0.0,-0.42535065589112697,2.0,-0.7303558134549689,0.989423865335394,-0.9823575999355827,-0.17777057714312655,1.6633779198512249,0.9063756701536989,-0.6245574493505242,0.4152974679398865
-1.5670342456154605,1,0,1,0.1569227343499759,0.18525331636179115,-0.5763124149270935,0.006161895890473879,1.280238315075742,0,-1.3711007031104538,-0.867256858348901,0,0,0.0,-0.42535065589112697,2.0,-1.6300765470701777,-0.7163268663009271,-0.417219609596709,0.22522989675992897,-0.6849127045937586,1.687844210563158,-0.6944512873553498,-0.20638633324900313
-0.9865202138224924,0,3,1,-0.7183990751048143,-0.6818185457159337,1.7216929575883837,-0.8704704927942822,-1.5816438421149281,1,-0.48013575169824046,-0.867256858348901,0,0,0.0,-0.42535065589112697,2.0,-1.1040859643412866,-1.0327161149108899,1.4477357585215722,-0.8587024123586338,-0.6158453332865532,0.12490712974424009,1.4023638527894158,0.9679052912188987
-1.5670342456154605,1,0,0,-0.5099891204727215,-0.5598865651112538,1.6520564311485209,1.759426673259986,-1.7195658737867676,0,1.3017941511261861,0.30855390131854166,0,0,0.0,-0.42535065589112697,2.0,-0.010579226562802042,-0.496229997702692,1.6596625048986495,0.7671960513192106,-0.20144110544332117,-1.7222003294053903,0.07438093069773102,1.6586650703176642
-1.2767772297189763,2,2,4,1.0600325377557118,1.2013531547341247,0.12005284947153592,0.88279428457523,-0.8575531758377707,0,-0.48013575169824046,-0.27935147851517966,0,0,0.0,-0.42535065589112697,2.0,0.7091973603293642,-0.8538874091748241,1.4053504092461564,0.1418504883661933,1.3180410633151975,-0.7276040052478969,1.0528946627652886,-1.3116019798070275
-0.6962631979260084,1,0,4,-0.8295510509085973,-1.0340664896850094,1.3735103253890688,0.006161895890473879,1.1767967913218622,0,-0.48013575169824046,-0.867256858348901,0,0,0.0,-0.42535065589112697,2.0,0.3077834945625794,0.4254256395524167,-0.9117153511432231,-0.8587024123586338,1.1799063207007874,0.9063756701536989,-0.5546636113456985,0.48437344584976233
-0.4060061820295245,1,1,1,-1.7326608543143334,-1.5624384056386227,-1.2726776793257237,-0.8704704927942822,0.8664722200602234,0,1.3017941511261861,-0.27935147851517966,1,0,1.0,1.9570595794675738,3.0,0.37699278176374906,0.5079619652767549,-0.38896271007976596,0.08626421610370281,0.7655020928575547,-0.08822065400379436,-1.6729650194229073,-1.6569818693564107
1.6257929292458633,1,1,0,-1.5242508996822406,-1.3456704401191917,-0.6459489413669565,-0.8704704927942822,1.0388747596500227,0,1.3017941511261861,0.30855390131854166,0,0,0.0,-0.42535065589112697,2.0,-0.6196209539330976,-0.6613026491513684,-0.5302472076644837,1.7816455201096606,0.972704206779171,1.687844210563158,0.7034254727411606,-0.3445382890687564
-0.6962631979260084,0,4,1,1.129502522633076,1.2961891396488756,-1.0637681000061345,0.006161895890473879,0.3147840933728653,0,-1.3711007031104538,-0.27935147851517966,0,0,0.0,-0.42535065589112697,2.0,0.9583507942535759,1.2232767882210185,-0.3324489110458786,0.6282303706629845,-1.5137211602802234,0.053864535161561936,-1.6030711814180816,-1.6569818693564107
-0.6962631979260084,1,2,0,1.2823364893632778,1.0252291827495865,1.3735103253890688,0.006161895890473879,0.5561476487985845,1,1.3017941511261861,-0.867256858348901,0,0,0.0,-0.42535065589112697,2.0,-1.1040859643412866,-1.6517385578434256,-1.0247429492109978,0.4058852816130227,1.387108434622403,-1.295944761909322,1.4722576907942413,-0.5517662227983855
-0.4060061820295245,2,0,3,-1.3436289390010934,-1.2914784487393338,-1.1334046264459976,-0.8704704927942822,-0.9265141916736904,1,1.3017941511261861,1.4843646609859844,0,0,0.0,-0.42535065589112697,2.0,1.124453083536384,-0.5512542148522508,0.8825977681826992,0.5170578261380036,1.5943105485440194,-0.30134843775182885,1.7518330428135438,0.8297533353991454
1.3355359133493794,2,4,2,0.22639271922733997,-0.05861064484756911,0.398598955230988,-0.8704704927942822,-0.06450149372469341,0,1.3017941511261861,0.896459281152263,0,0,0.0,-0.42535065589112697,2.0,1.5812343790641052,-0.24862102052967808,-1.1518989970372444,0.08626421610370281,-1.582788531587429,0.053864535161561936,0.3539562827170334,-0.48269024488850887
-0.4060061820295245,2,1,2,-1.2741589541237288,-1.4946984164138006,1.5824199047086578,-0.8704704927942822,1.4526408546655414,1,1.3017941511261861,0.896459281152263,0,0,0.0,-0.42535065589112697,2.0,-0.13515594352490826,-0.8951555720369929,-0.23354976273657538,1.6148867033221892,-0.9611821898225805,-1.1538595727439658,-0.9041328013698265,0.20806953421025662
-1.5670342456154605,1,3,3,0.29586270410470467,0.45621327326107974,1.0949642196296174,-0.8704704927942822,1.245757807157782,0,-1.3711007031104538,-0.27935147851517966,1,1,0.0,-0.42535065589112697,2.0,0.0447882031981333,-1.280325092083904,1.1651667633521354,0.21133332869430665,1.1799063207007874,1.6168016159804797,1.542151528799067,-1.3806779577169042
-1.5670342456154605,1,4,1,1.0183505468292935,0.8084612172301557,-1.411950732205449,-0.8704704927942822,-0.40930657290429223,1,1.3017941511261861,-0.27935147851517966,1,1,1.0,1.9570595794675738,0.0,-1.1456115366619886,-0.4687178891279126,1.4053504092461564,-0.03880489648690041,1.4561758059296086,-0.5855188160825406,-0.9740266393746521,0.0008416004806267426
1.6257929292458633,2,0,1,-0.3849431476934659,-0.2618306125220357,-0.9941315735662716,-0.8704704927942822,-0.13346250956061317,0,-1.3711007031104538,0.30855390131854166,1,1,1.0,1.9570595794675738,3.0,-1.450132400347136,-1.239056929221735,-0.5019903081475401,1.5176107268628312,-0.4086432193649376,-1.580115140240034,-0.27508825932639697,0.553449423759639
-0.11574916613304052,1,2,2,-0.7739750630067057,-0.8714905155454358,0.4682354816708502,1.759426673259986,0.17686206170102575,1,-1.3711007031104538,1.4843646609859844,0,0,0.0,-0.42535065589112697,2.0,-1.46397425778737,-0.24862102052967808,-0.9682291501771105,0.5031612580723813,1.0417715780863765,1.6168016159804797,-0.13530058331674574,0.9679052912188987
0.7550218815564114,1,3,2,-1.2463709601727833,-0.8985865112353647,0.6771450609904393,0.88279428457523,-0.8575531758377707,1,1.3017941511261861,-0.867256858348901,1,0,2.0,3.1482646971469244,0.0,0.5015694987258547,1.333325222520136,-1.109513647761829,-0.8309092762273885,1.5943105485440194,-1.295944761909322,-1.0439204773794777,-0.27546231115887976
1.6257929292458633,0,4,0,-0.857339044859543,-0.8443945198555072,0.8164181138701654,0.88279428457523,1.4526408546655414,0,0.4108291997139728,-1.4551622381826224,1,1,1.0,0.7658544617882235,0.0,1.5535506641836372,1.333325222520136,0.8967262179411707,-0.7336332997680306,-0.8921148185153751,1.1905460484844115,-1.1138143153843032,0.34622149003000985
1.6257929292458633,1,4,0,-0.12095720515948158,-0.08570664053749803,1.3735103253890688,-0.8704704927942822,0.6251086646345042,1,1.3017941511261861,-0.27935147851517966,0,0,0.0,-0.42535065589112697,2.0,0.46004392640515296,-0.08354836908100173,0.4587442754285439,1.4620244546003407,0.21296312239991164,1.0484608593190552,1.681939204808718,0.6916013795793922
-0.4060061820295245,2,0,3,-0.24600317793873713,-0.34311859959182245,0.6075085345505763,-0.8704704927942822,1.004394251732063,0,-0.48013575169824046,-1.4551622381826224,0,0,0.0,-0.42535065589112697,2.0,1.595076236504339,-0.7851071377378753,0.8119555193903396,-0.23335684940561702,-0.06330636282891022,1.0484608593190552,-0.6944512873553498,-1.3806779577169042
0.7550218815564114,0,3,2,0.1569227343499759,0.23944530774164902,-0.9941315735662716,0.006161895890473879,-0.6506701283300114,0,-0.48013575169824046,0.896459281152263,1,0,1.0,0.7658544617882235,2.0,-0.0797885137639723,0.19157271666679218,1.7020478541740653,1.6148867033221892,-0.7539800759009642,1.2615886430670897,-0.34498209733122254,-1.4497539356267808
-0.9865202138224924,1,2,0,0.740470607319836,0.7813652215402268,0.7467815874303023,0.006161895890473879,-0.3748260649863323,0,1.3017941511261861,-0.27935147851517966,0,0,0.0,-0.42535065589112697,2.0,1.3597646600203614,-1.45915379781997,1.0097538160089454,-0.886495548489879,-0.1323737341361157,1.4747164268151234,0.2840624447122078,-0.9662220902576453
0.7550218815564114,1,4,0,-0.20432118701231883,-0.2618306125220357,-1.2030411528858607,1.759426673259986,1.2112772992398222,0,-1.3711007031104538,0.30855390131854166,0,0,0.0,-0.42535065589112697,2.0,-1.1456115366619886,1.443373656819253,-0.2052928632196317,0.8227823235817011,-1.444653788973018,0.48012010265763005,1.4722576907942413,-0.6899181786181388
0.17450784976344344,0,3,0,1.5185344379463164,1.3368331331837693,-1.5512237850851749,-0.8704704927942822,-1.02995571542757,0,0.4108291997139728,-0.27935147851517966,1,0,2.0,0.7658544617882235,2.0,0.4185183540844507,1.5671781454057605,-1.7452938868930612,-0.2194602813399941,-1.3755864176658126,-0.5144762214998625,-1.183708153389129,-0.6208422007082621
-1.5670342456154605,0,1,0,-1.190794972270892,-1.142450472444725,1.4431468518289317,-0.8704704927942822,-0.09898200164265329,1,-0.48013575169824046,-1.4551622381826224,0,0,0.0,-0.42535065589112697,2.0,-0.8272488155366071,-0.30364523767923685,1.27819436141991,1.045127412631663,1.2489736920079928,1.0484608593190552,-0.9041328013698265,0.20806953421025662
1.3355359133493794,0,2,2,-0.14874519911042733,0.09041733144703964,-0.6459489413669565,1.759426673259986,0.5561476487985845,0,1.3017941511261861,-1.4551622381826224,1,0,0.0,-0.42535065589112697,0.0,0.0032626308774316402,0.7280588338749894,0.33158822760229767,1.7260592478471701,-1.030249561129786,-0.23030584316915068,1.4722576907942413,1.4514371365880343
-1.2767772297189763,2,1,0,-0.6489290902274502,-0.939230504770258,1.0949642196296174,-0.8704704927942822,0.7285501883883838,0,-0.48013575169824046,-1.4551622381826224,0,0,0.0,-0.42535065589112697,2.0,-1.0210348196998829,-1.6379825035560358,0.16204683050063556,-1.136633773671086,-1.0993169324369914,-0.23030584316915068,-0.20519442132157134,-0.7589941565280154
1.0452788974528953,2,3,4,-1.4408869178294035,-1.3456704401191917,-0.4370393620473682,-0.8704704927942822,-0.030020985806733527,0,0.4108291997139728,-0.867256858348901,0,0,0.0,-0.42535065589112697,2.0,-0.30125823280771613,-1.2940811463712938,-1.7735507864100049,0.8088857555160782,0.7655020928575547,-0.30134843775182885,-1.3234958293987793,-0.413614266978633
0.7550218815564114,2,1,4,-0.5377771144236672,-0.38376259312671557,0.328962428791125,1.759426673259986,1.0733552675679827,0,1.3017941511261861,0.896459281152263,0,0,0.0,-0.42535065589112697,2.0,0.7507229326500665,1.58093419969315,-1.2366696955880756,1.7677489520440384,-0.3395758480577321,0.7642904809883426,0.2840624447122078,-0.06823437742924988
-0.9865202138224924,2,4,4,1.6018984197991535,1.485861109478378,-1.1334046264459976,0.88279428457523,0.8664722200602234,0,-1.3711007031104538,-0.867256858348901,0,0,0.0,-0.42535065589112697,2.0,1.512025091862935,-0.9364237348991623,-0.3748342603212938,-1.1505303417367088,0.14389575109270616,-0.7276040052478969,-0.06540674531192016,-0.9662220902576453
-1.5670342456154605,2,1,1,-0.023699226331171153,-0.15344662976232004,-0.08885672984805312,0.88279428457523,-0.9609946995916503,1,-1.3711007031104538,0.30855390131854166,0,0,0.0,-0.42535065589112697,2.0,1.4981832344227013,-0.06979231479361173,-0.6150179062153148,0.8783685958441916,1.3180410633151975,-0.44343362691718513,-0.34498209733122254,-0.20638633324900313
1.0452788974528953,2,2,2,1.0044565498538203,1.0252291827495865,-1.1334046264459976,0.88279428457523,0.8319917121422635,1,-0.48013575169824046,-0.867256858348901,1,1,1.0,1.9570595794675738,3.0,-0.937983675058479,-0.977691897761331,-0.40309115983823746,-0.26114998553686225,-0.20144110544332117,1.2615886430670897,0.423850120721859,-1.6569818693564107
1.0452788974528953,0,4,4,0.5320606526877432,0.8220092150751199,-0.3674028356075052,0.88279428457523,1.2112772992398222,0,-0.48013575169824046,0.896459281152263,0,0,0.0,-0.42535065589112697,2.0,-0.6749883836940336,0.9619117567606146,-0.6715317052492021,-0.19166714520874886,-0.06330636282891022,1.4747164268151234,-1.533177343413256,-1.035298068167522
1.3355359133493794,1,2,3,1.5463224318972622,1.6755330793078806,0.8164181138701654,0.006161895890473879,1.4526408546655414,1,0.4108291997139728,1.4843646609859844,1,1,1.0,1.9570595794675738,3.0,0.930667079373108,1.2507888967957979,-0.5302472076644837,0.12795392030057098,-1.3065190463586072,-0.30134843775182885,-0.48476977334087296,-1.1043740460773985
-0.4060061820295245,2,3,1,-1.2324769631973103,-1.2914784487393338,1.3735103253890688,-0.8704704927942822,1.1423162834039025,1,1.3017941511261861,0.896459281152263,0,0,0.0,-0.42535065589112697,2.0,1.096769368655916,-0.771351083450486,1.4477357585215722,0.7671960513192106,0.972704206779171,-1.5090725456573557,0.2840624447122078,1.106057247038652
1.3355359133493794,1,4,1,0.39312068293301444,0.4833092689510087,-0.2977663091676422,0.88279428457523,-1.5816438421149281,0,-1.3711007031104538,0.896459281152263,1,0,0.0,-0.42535065589112697,2.0,-1.353239398265498,-1.5554461778316977,0.9532400169750581,-0.35842596199622023,-1.3755864176658126,0.9063756701536989,1.1926823387749397,0.2771455121201332
-0.11574916613304052,0,2,0,-1.3992049269029847,-1.386314433654085,1.0949642196296174,-0.8704704927942822,0.21134256961898562,0,1.3017941511261861,-1.4551622381826224,0,0,0.0,-0.42535065589112697,2.0,-0.21820708816631218,-1.2940811463712938,1.5042495575554595,0.19743676062868373,0.420165236321528,1.5457590213978016,1.542151528799067,0.2771455121201332
-1.5670342456154605,1,1,2,1.7130503956029366,1.5536010987032,-0.3674028356075052,1.759426673259986,0.7630306963063437,1,-0.48013575169824046,-0.27935147851517966,0,0,0.0,-0.42535065589112697,2.0,-0.6473046688135655,1.2232767882210185,0.19030373001757925,1.1285068210253981,-0.06330636282891022,0.9063756701536989,1.2625761767797654,-0.3445382890687564
-0.6962631979260084,2,0,4,-0.857339044859543,-1.115354476754796,0.6075085345505763,-0.8704704927942822,1.1078357754859425,0,0.4108291997139728,-0.867256858348901,0,0,0.0,-0.42535065589112697,2.0,-1.1040859643412866,1.6084463082679294,-0.5585041071814274,-0.5529779149149369,-0.4777105906721423,-1.4380299510746777,0.423850120721859,-0.8971461123477686
1.3355359133493794,2,1,1,-1.6215088785105505,-1.9011383517627338,0.4682354816708502,0.88279428457523,-1.4437218104430887,1,1.3017941511261861,0.896459281152263,0,0,0.0,-0.42535065589112697,2.0,0.0586300606383676,1.6634705254174882,-0.9823575999355827,0.8227823235817011,-0.20144110544332117,0.5511626972403082,-1.0439204773794777,-0.06823437742924988
-1.5670342456154605,1,1,0,-1.065748999491636,-1.1289024745997605,0.25932590235126196,1.759426673259986,-0.47826758874021197,1,0.4108291997139728,0.30855390131854166,0,0,0.0,-0.42535065589112697,2.0,0.847615934731704,1.1407404624966804,-1.7594223366515331,-0.5529779149149369,-0.27050847675052664,1.4747164268151234,0.004487092692905432,-0.828070134437892
0.4647648656599274,0,2,1,1.3795944681915877,1.580697094393129,1.4431468518289317,-0.8704704927942822,-0.3748260649863323,0,-1.3711007031104538,1.4843646609859844,0,0,0.0,-0.42535065589112697,2.0,-0.7441976708952032,0.31537720525329915,-0.5585041071814274,0.9478514361723044,-1.5137211602802234,1.4747164268151234,-1.1138143153843032,-1.1734500239872752
-0.4060061820295245,2,2,0,-1.371416932952039,-1.6166303970184805,1.3735103253890688,-0.8704704927942822,1.1767967913218622,1,-0.48013575169824046,1.4843646609859844,0,0,0.0,-0.42535065589112697,2.0,-0.4119930923295874,-0.1660846948053399,0.30333132808535396,0.12795392030057098,-0.1323737341361157,1.6168016159804797,-1.1138143153843032,-1.1734500239872752
-0.11574916613304052,2,0,0,-0.13485120213495413,-0.19409062329721372,-1.411950732205449,0.88279428457523,1.2112772992398222,1,-1.3711007031104538,-0.867256858348901,0,0,0.0,-0.42535065589112697,2.0,1.456657662101999,-0.04228020621883234,1.2499374619029664,1.281369069747247,1.110838949393582,-1.580115140240034,-0.9041328013698265,1.313285180768281
-0.4060061820295245,0,4,1,-1.6215088785105505,-1.9011383517627338,-1.690496837964901,-0.8704704927942822,-0.9609946995916503,1,-1.3711007031104538,1.4843646609859844,1,0,1.0,1.9570595794675738,0.0,0.5569369284867906,-0.8813995177496035,1.5042495575554595,-1.6508067920991223,-1.7209232742018399,-0.017178059421116217,-0.06540674531192016,-1.1734500239872752
-0.9865202138224924,2,4,4,-0.3154731628161018,-0.573434562956218,-1.760133364404764,-0.8704704927942822,0.9009527279781833,0,0.4108291997139728,1.4843646609859844,0,0,0.0,-0.42535065589112697,2.0,-0.7303558134549689,1.0857162453471214,1.4194788590046286,-0.27504655360248453,-1.3065190463586072,-1.0117743835786095,0.8432131487508118,0.6225254016695156
-1.2767772297189763,2,1,2,0.08745274947261122,-0.11280263622742695,-1.481587258645312,-0.8704704927942822,-1.5471633341969682,1,1.3017941511261861,-0.867256858348901,1,1,0.0,-0.42535065589112697,1.0,-0.17668151584560993,0.5629861824263137,1.1227814140767203,-0.7058401636367854,-1.3755864176658126,-0.23030584316915068,-0.9740266393746521,-0.27546231115887976
0.4647648656599274,2,4,0,-1.4269929208539305,-1.0611624853749382,-1.5512237850851749,-0.8704704927942822,0.4527061250447048,0,0.4108291997139728,1.4843646609859844,0,0,0.0,-0.42535065589112697,2.0,0.5569369284867906,-0.08354836908100173,-0.6997886047661458,-0.44180537038995593,-0.5467779619793477,-0.6565614106652188,0.7034254727411606,0.2771455121201332
-1.5670342456154605,1,2,4,1.7130503956029366,1.8110130577575245,1.3038737989492057,-0.8704704927942822,-0.6161896204120515,0,-1.3711007031104538,-1.4551622381826224,0,0,0.0,-0.42535065589112697,2.0,0.8337740772914704,1.3883494396696943,-0.9823575999355827,-1.0810475014085956,0.6964347215503491,1.687844210563158,0.8432131487508118,-0.7589941565280154
0.17450784976344344,0,1,3,1.351806474240642,1.0794211741294444,-0.5066758884872304,0.006161895890473879,-1.4092413025251287,1,0.4108291997139728,-1.4551622381826224,1,0,0.0,-0.42535065589112697,0.0,0.22473234992117547,-1.2115448206469557,-0.8410731023508643,0.5587475303348718,-1.6518559028946345,-1.1538595727439658,1.4722576907942413,0.553449423759639
-0.9865202138224924,1,3,4,-0.5655651083746129,-0.6411745521810406,0.18968937591139895,0.006161895890473879,0.2803035854549054,1,-0.48013575169824046,-1.4551622381826224,1,1,1.0,0.7658544617882235,3.0,1.6504436662652748,1.1957646796462391,-0.10639371491032912,0.6282303706629845,1.110838949393582,0.2669923189095964,-1.533177343413256,-0.06823437742924988
-0.11574916613304052,2,1,2,0.740470607319836,0.6052412495556891,1.7216929575883837,-0.8704704927942822,0.3147840933728653,0,1.3017941511261861,1.4843646609859844,1,1,2.0,0.7658544617882235,1.0,1.0275600814547463,1.3883494396696943,0.5717718734963186,-0.6780470275055401,1.2489736920079928,0.8353330755710208,-0.27508825932639697,0.7606773574892688
1.3355359133493794,2,0,2,1.5602164288727347,1.6484370836179516,-0.2977663091676422,-0.8704704927942822,0.383745109208785,1,1.3017941511261861,0.896459281152263,0,0,0.0,-0.42535065589112697,2.0,0.4185183540844507,0.5629861824263137,0.9391115672165865,-1.0532543652773503,-0.6849127045937586,-0.23030584316915068,-0.48476977334087296,1.6586650703176642
-0.9865202138224924,0,1,2,0.407014679908487,0.4968572667959734,-0.7155854678068195,-0.8704704927942822,-0.9265141916736904,1,0.4108291997139728,0.30855390131854166,0,0,0.0,-0.42535065589112697,2.0,0.9445089368133424,-0.15232864051794992,-1.434467992206681,-0.7475298678336528,-0.3395758480577321,0.8353330755710208,-1.4632835054084306,0.553449423759639
-0.6962631979260084,0,0,4,-1.385310929927512,-1.386314433654085,0.328962428791125,-0.8704704927942822,1.3491993309116617,0,-0.48013575169824046,-0.27935147851517966,0,0,0.0,-0.42535065589112697,2.0,0.39083463920398276,0.3841574766902473,0.783698619873396,-0.539081346849314,0.6964347215503491,1.4747164268151234,-1.6729650194229073,1.313285180768281
0.17450784976344344,1,2,2,-0.16263919608589988,-0.3973105909716803,1.0949642196296174,-0.8704704927942822,-0.34034555706837244,0,-1.3711007031104538,0.30855390131854166,0,0,0.0,-0.42535065589112697,2.0,0.543095071046557,-0.37242550911618505,-0.5726325569398996,-0.19166714520874886,0.8345694641647601,-0.017178059421116217,1.1227885007701142,0.8297533353991454
-1.2767772297189763,0,0,4,0.07355875249713865,0.04977333791214657,-0.7852219942466825,0.88279428457523,-0.5127480966581719,0,-1.3711007031104538,-0.27935147851517966,0,0,0.0,-0.42535065589112697,2.0,-1.3255556833850302,1.457129711106643,1.1792952131106076,0.002884807709967748,0.420165236321528,-0.7986465998305751,1.0528946627652886,0.34622149003000985
1.6257929292458633,2,1,0,0.14302873737450272,0.03622534006718181,-0.7852219942466825,0.88279428457523,0.5561476487985845,0,-1.3711007031104538,-0.27935147851517966,0,0,0.0,-0.42535065589112697,2.0,1.096769368655916,1.4983978739688117,0.5293865242209035,-0.8725989804242567,0.9036368354719655,-0.6565614106652188,-0.20519442132157134,-0.7589941565280154
0.4647648656599274,2,1,1,-0.6072470993010318,-0.5192425715763601,-0.9244950471264086,1.759426673259986,0.07342053794714612,0,1.3017941511261861,1.4843646609859844,0,0,0.0,-0.42535065589112697,2.0,-0.03826294144327002,-0.9639358434739417,-0.02162301635949807,-1.5535308156397638,1.387108434622403,1.1195034539017334,0.7733193107459861,0.34622149003000985
1.6257929292458633,2,1,4,-0.14874519911042733,-0.01796665131267543,1.6520564311485209,-0.8704704927942822,-0.5127480966581719,1,-1.3711007031104538,0.896459281152263,0,0,0.0,-0.42535065589112697,2.0,1.7334948109066788,0.30162115096590975,-1.0953851980033573,0.05847107997245759,0.7655020928575547,0.9774182647363772,-1.7428588574277328,0.0008416004806267426
-0.9865202138224924,2,0,2,1.2823364893632778,1.2826411418039114,-0.7155854678068195,0.006161895890473879,0.5906281567165443,1,1.3017941511261861,0.896459281152263,0,0,0.0,-0.42535065589112697,2.0,-1.6300765470701777,-1.3903735263830217,1.1651667633521354,-1.4979445433772738,0.35109786501432255,-1.1538595727439658,-0.9740266393746521,-0.7589941565280154
0.4647648656599274,2,1,2,1.2267605014613863,0.9845851892146934,1.6520564311485209,0.006161895890473879,1.5560823784194209,1,0.4108291997139728,-0.867256858348901,1,0,1.0,3.1482646971469244,0.0,0.847615934731704,-1.2528129835091246,-0.6997886047661458,-1.275599454327312,-0.1323737341361157,0.19594972432691823,-0.9740266393746521,-1.6569818693564107
-1.5670342456154605,1,3,4,0.740470607319836,0.659433240935547,-0.019220203408190112,0.88279428457523,-1.5816438421149281,1,-0.48013575169824046,-1.4551622381826224,0,0,0.0,-0.42535065589112697,2.0,-0.09363037120420598,0.054012173792895225,1.2075521126275512,0.8505754597129463,-1.444653788973018,-1.0828169781612877,-0.6245574493505242,-1.3116019798070275
-0.4060061820295245,0,0,0,-0.9684910206633259,-0.7631065327857204,0.4682354816708502,-0.8704704927942822,1.6250433942553408,1,1.3017941511261861,1.4843646609859844,0,0,0.0,-0.42535065589112697,2.0,0.8752996496121721,1.3058131139453566,-1.2084127960711317,-0.48349507458682345,1.6633779198512249,0.9774182647363772,-0.7643451253601753,0.20806953421025662
-0.11574916613304052,1,3,3,0.2680747101537589,0.09041733144703964,-0.7852219942466825,1.759426673259986,1.3836798388296216,1,1.3017941511261861,0.30855390131854166,0,0,0.0,-0.42535065589112697,2.0,-0.3981512348893537,-0.6750587034387584,1.2075521126275512,0.9200583000410592,-0.5467779619793477,-0.23030584316915068,0.7034254727411606,1.106057247038652
-1.2767772297189763,2,1,0,-0.1070632081840084,-0.27537861036700045,1.7216929575883837,-0.8704704927942822,-1.6850853658688079,1,1.3017941511261861,0.896459281152263,1,1,1.0,1.9570595794675738,1.0,1.3736065174605956,-1.45915379781997,1.4618642082800437,-0.3167362577993521,1.4561758059296086,-1.5090725456573557,0.7733193107459861,0.8297533353991454
0.4647648656599274,0,1,0,0.3097567010801772,0.25299330558661315,0.050416323031672906,0.006161895890473879,0.5906281567165443,1,1.3017941511261861,1.4843646609859844,0,0,0.0,-0.42535065589112697,2.0,0.017104488317665322,0.7143027795876,0.19030373001757925,-1.5535308156397638,1.0417715780863765,-1.580115140240034,1.542151528799067,-0.9662220902576453
-1.5670342456154605,1,1,3,-0.39883714466893844,-0.4379545845065734,0.25932590235126196,0.006161895890473879,-0.754111652083891,1,-0.48013575169824046,1.4843646609859844,1,0,0.0,-0.42535065589112697,2.0,0.9998763665742783,-0.6475465948639789,0.26094597880993875,-1.5535308156397638,0.7655020928575547,0.053864535161561936,0.7733193107459861,0.9679052912188987
-0.6962631979260084,2,1,3,0.8238345891726733,1.1336131655093022,0.18968937591139895,0.88279428457523,-1.4092413025251287,1,-1.3711007031104538,-1.4551622381826224,0,0,0.0,-0.42535065589112697,2.0,0.9583507942535759,-0.2761331291044575,-0.629146355973787,-1.456254839180406,-0.27050847675052664,-1.224902167326644,-0.8342389633650009,1.3823611586781577
-0.9865202138224924,0,1,2,1.5463224318972622,1.7161770728427737,1.3735103253890688,0.006161895890473879,-0.6506701283300114,1,0.4108291997139728,-0.867256858348901,1,1,1.0,1.9570595794675738,1.0,0.8752996496121721,1.6634705254174882,-1.7876792361684768,0.5170578261380036,0.8345694641647601,1.4747164268151234,1.33247001478459,1.1751332249485287
-0.4060061820295245,1,3,3,0.11524074342355697,0.45621327326107974,-1.690496837964901,-0.8704704927942822,1.1767967913218622,0,1.3017941511261861,1.4843646609859844,0,0,0.0,-0.42535065589112697,2.0,1.4428158046617654,-0.48247394341530264,1.2075521126275512,1.4481278865347178,0.00576100847829524,-0.23030584316915068,0.9131069867556374,0.6916013795793922
-0.4060061820295245,1,2,1,1.435170456093479,1.4181211202535555,-0.3674028356075052,1.759426673259986,1.3491993309116617,0,1.3017941511261861,0.30855390131854166,0,0,0.0,-0.42535065589112697,2.0,1.5812343790641052,0.6317664538632618,1.4618642082800437,1.03123084456604,0.7655020928575547,-0.30134843775182885,-0.6245574493505242,1.1751332249485287
0.4647648656599274,1,2,4,0.5876366405896347,0.4968572667959734,-0.22812978272777917,-0.8704704927942822,-0.7196311441659311,0,0.4108291997139728,0.30855390131854166,0,0,0.0,-0.42535065589112697,2.0,1.0552437963352137,0.054012173792895225,0.6000287730132623,1.489817590731586,0.14389575109270616,-0.017178059421116217,-0.6944512873553498,-0.6899181786181388
1.6257929292458633,0,4,3,-0.4960951234972489,-0.23473461683210678,-1.1334046264459976,-0.8704704927942822,-0.47826758874021197,1,0.4108291997139728,0.896459281152263,0,0,0.0,-0.42535065589112697,2.0,-0.1905233732858442,0.32913325954068917,-1.7029085376176456,-0.06659803261814563,0.21296312239991164,-1.7222003294053903,0.9830008247604629,-0.6899181786181388
0.7550218815564114,1,4,3,-1.2185829662218377,-1.4811504185688362,0.398598955230988,-0.8704704927942822,0.14238155378306588,0,-1.3711007031104538,-0.27935147851517966,0,0,0.0,-0.42535065589112697,2.0,-1.491657972667838,0.4529377481271961,-0.7986877530754484,-1.3311857265898024,-1.0993169324369914,1.1195034539017334,-1.3933896674036048,-0.1373103553391265
-0.6962631979260084,1,0,1,0.5598486466386889,0.8220092150751199,1.6520564311485209,-0.8704704927942822,-1.1333972391814497,0,-1.3711007031104538,-0.27935147851517966,1,1,1.0,1.9570595794675738,1.0,1.3459228025801278,-0.8263753006000447,1.1792952131106076,-1.0115646610804825,-0.27050847675052664,0.19594972432691823,0.7733193107459861,-1.587905891446534
-0.4060061820295245,2,0,3,-1.1491129813444734,-0.8443945198555072,0.050416323031672906,-0.8704704927942822,-0.13346250956061317,0,-0.48013575169824046,0.896459281152263,0,0,0.0,-0.42535065589112697,2.0,-0.5919372390526296,-0.6750587034387584,-1.434467992206681,0.21133332869430665,0.9036368354719655,0.2669923189095964,1.1227885007701142,-1.3116019798070275
-1.5670342456154605,0,0,2,1.1989725075104405,1.092969171974409,0.4682354816708502,-0.8704704927942822,1.6250433942553408,1,-0.48013575169824046,-1.4551622381826224,0,0,0.0,-0.42535065589112697,2.0,0.6815136454488968,0.7693269967371588,1.6879194044155932,0.7116097790567202,0.6273673502431437,0.053864535161561936,1.2625761767797654,1.7277410482275408
-0.11574916613304052,2,3,4,0.3792266859575413,0.659433240935547,0.7467815874303023,0.88279428457523,0.7285501883883838,0,-0.48013575169824046,0.896459281152263,0,0,0.0,-0.42535065589112697,2.0,0.5292532136063226,-0.7025708120135371,0.868469318424227,-0.8587024123586338,0.6273673502431437,-0.7276040052478969,-1.7428588574277328,0.48437344584976233
-0.9865202138224924,0,1,0,1.7130503956029366,1.634889085772987,-1.1334046264459976,0.006161895890473879,-1.1678777470994095,1,-0.48013575169824046,0.30855390131854166,1,1,1.0,1.9570595794675738,1.0,0.16936492016023952,-0.12481653194317052,0.7413132705979808,1.2952656378128695,-0.6849127045937586,-1.0117743835786095,0.633531634736335,1.4514371365880343
-0.11574916613304052,2,3,3,-0.8017630569576515,-0.5869825608011827,-0.8548585206865456,0.006161895890473879,-0.030020985806733527,0,-1.3711007031104538,-0.27935147851517966,0,0,0.0,-0.42535065589112697,2.0,-1.491657972667838,-0.6750587034387584,-0.6856601550076743,-0.17777057714312655,-1.168384303744197,-0.017178059421116217,0.5636377967315094,0.0008416004806267426
1.6257929292458633,1,3,4,0.18471072830092164,-0.05861064484756911,-0.2977663091676422,-0.8704704927942822,-0.8230726679198108,0,0.4108291997139728,-0.867256858348901,1,1,0.0,-0.42535065589112697,2.0,1.0275600814547463,-1.3078372006586834,-0.3748342603212938,-0.5668744829805592,0.2820304937071171,-0.7276040052478969,0.4937439587266838,-0.48269024488850887
0.7550218815564114,1,4,4,-0.9545970236878534,-1.169546468134654,-0.7155854678068195,-0.8704704927942822,1.0733552675679827,0,-1.3711007031104538,0.896459281152263,0,0,0.0,-0.42535065589112697,2.0,0.12783934783953724,0.5079619652767549,-0.5867610066983711,-0.6780470275055401,-0.06330636282891022,-1.0117743835786095,-0.7643451253601753,-1.5188299135366574
-0.9865202138224924,0,3,0,1.1017145286821302,0.8897492042999424,-0.7155854678068195,-0.8704704927942822,-0.754111652083891,0,-0.48013575169824046,-0.867256858348901,0,0,0.0,-0.42535065589112697,2.0,1.096769368655916,0.4254256395524167,-1.1377705472787727,-0.2889431216681075,0.14389575109270616,1.1905460484844115,-1.533177343413256,0.34622149003000985
-0.11574916613304052,0,0,1,-0.74618706905576,-0.6547225500260048,1.1646007460694805,-0.8704704927942822,0.7285501883883838,0,0.4108291997139728,0.30855390131854166,0,0,0.0,-0.42535065589112697,2.0,1.1798205132973199,-0.2348649662422881,-1.34969729365585,-0.35842596199622023,1.5943105485440194,-1.5090725456573557,-0.34498209733122254,0.48437344584976233
-1.5670342456154605,0,3,0,1.1017145286821302,1.3368331331837693,0.6075085345505763,0.88279428457523,0.7975112042243035,0,1.3017941511261861,0.30855390131854166,1,0,0.0,-0.42535065589112697,2.0,-1.436290542906902,1.182008625358849,1.235809012144495,0.933954868106682,-0.8921148185153751,0.053864535161561936,-1.1138143153843032,-0.7589941565280154
-0.9865202138224924,0,0,4,0.8099405921972,1.0658731762844802,-0.7155854678068195,1.759426673259986,-1.6850853658688079,1,-1.3711007031104538,-0.27935147851517966,0,0,0.0,-0.42535065589112697,2.0,1.7058110960262107,0.09528033665506401,-0.7986877530754484,1.0590239806972852,-1.168384303744197,-0.8696891944132532,0.9830008247604629,-0.20638633324900313
1.3355359133493794,1,2,4,0.51816665571227,0.3478292905013641,-1.342314205765586,0.88279428457523,-1.6161243500328881,0,-0.48013575169824046,0.30855390131854166,1,1,0.0,-0.42535065589112697,0.0,-0.5642535241721616,1.5259099825435911,1.7020478541740653,0.683816642925475,0.2820304937071171,0.6932478864056645,0.9830008247604629,0.8297533353991454
0.7550218815564114,0,2,3,-1.482568908755822,-1.6166303970184805,0.9556911667498914,0.88279428457523,-0.40930657290429223,1,-1.3711007031104538,-0.27935147851517966,0,0,0.0,-0.42535065589112697,2.0,-1.7131276917115814,-0.7025708120135371,0.38810202663618504,-1.275599454327312,-1.444653788973018,1.1195034539017334,-0.13530058331674574,1.2442092028584053
1.0452788974528953,1,0,0,1.4768524470198974,1.2826411418039114,-0.9244950471264086,-0.8704704927942822,-0.3748260649863323,0,0.4108291997139728,-0.27935147851517966,1,0,2.0,0.7658544617882235,2.0,-0.4812023795307577,1.3883494396696943,0.19030373001757925,-0.9420818207523695,-1.3065190463586072,0.053864535161561936,0.14427476870255662,-0.5517662227983855
-1.2767772297189763,0,3,2,0.1013467464480844,-0.15344662976232004,-1.342314205765586,-0.8704704927942822,1.3836798388296216,1,-0.48013575169824046,0.30855390131854166,0,0,0.0,-0.42535065589112697,2.0,-0.3704675200088858,-0.3449134005414057,0.8825977681826992,0.044574511906835285,0.7655020928575547,-0.017178059421116217,0.3539562827170334,0.898829313309022
-0.4060061820295245,1,4,0,-0.6906110811538692,-0.6411745521810406,-1.411950732205449,-0.8704704927942822,0.17686206170102575,1,-1.3711007031104538,1.4843646609859844,1,1,2.0,3.1482646971469244,3.0,-0.4812023795307577,-0.30364523767923685,1.1369098638351918,0.08626421610370281,0.8345694641647601,-1.7222003294053903,-0.13530058331674574,1.3823611586781577
-0.4060061820295245,2,0,2,0.11524074342355697,0.11751332713696856,-0.5763124149270935,-0.8704704927942822,1.3836798388296216,0,-1.3711007031104538,-0.27935147851517966,0,0,0.0,-0.42535065589112697,2.0,-0.35662566256865147,0.5354740738515343,1.1086529643182481,1.0590239806972852,0.7655020928575547,-0.5144762214998625,-1.3234958293987793,-0.9662220902576453
-0.9865202138224924,0,0,2,0.6571066254669987,0.5510492581758313,0.6075085345505763,0.006161895890473879,-1.4437218104430887,0,1.3017941511261861,0.896459281152263,0,0,0.0,-0.42535065589112697,2.0,0.12783934783953724,0.1503045538046228,-0.7986877530754484,-0.8170127081617662,-1.7209232742018399,-0.372391032334507,-0.06540674531192016,0.8297533353991454
-0.6962631979260084,2,0,0,-0.6350350932519776,-0.6953665435608981,1.3735103253890688,0.006161895890473879,-1.0989167312634898,1,-1.3711007031104538,1.4843646609859844,1,1,1.0,3.1482646971469244,1.0,0.7230392177695985,1.4708857653940324,-0.629146355973787,-0.8031161400961433,0.7655020928575547,0.6932478864056645,1.542151528799067,-1.035298068167522
1.0452788974528953,0,0,2,-1.5103569027067678,-1.4540544228789072,-1.342314205765586,-0.8704704927942822,-1.3057997787712492,1,-1.3711007031104538,-1.4551622381826224,1,1,1.0,0.7658544617882235,0.0,-0.32894194768818413,1.6359584168427088,0.33158822760229767,1.0173342765004176,-0.20144110544332117,0.12490712974424009,-0.27508825932639697,0.6916013795793922
-0.6962631979260084,0,2,0,0.01798276459524716,0.03622534006718181,-0.5763124149270935,-0.8704704927942822,0.07342053794714612,0,-0.48013575169824046,0.30855390131854166,0,0,0.0,-0.42535065589112697,2.0,-1.491657972667838,1.4708857653940324,-0.6008894564568432,0.12795392030057098,-1.2374516750514024,1.5457590213978016,0.633531634736335,-1.5188299135366574
0.17450784976344344,0,0,2,-0.8017630569576515,-0.939230504770258,0.9556911667498914,0.88279428457523,0.41822561712674494,1,0.4108291997139728,-0.27935147851517966,0,0,0.0,-0.42535065589112697,2.0,1.4704995195422332,-0.2211089119548987,0.6989279213225649,-0.09439116874939087,-0.6158453332865532,0.053864535161561936,-0.27508825932639697,1.6586650703176642
1.3355359133493794,2,3,4,0.407014679908487,0.1717053185168264,-1.690496837964901,-0.8704704927942822,-0.2713845412324527,0,-0.48013575169824046,0.896459281152263,0,0,0.0,-0.42535065589112697,2.0,-1.353239398265498,0.8931314853236658,1.4336073087631,-0.9420818207523695,1.4561758059296086,-0.9407317889959314,0.14427476870255662,-0.5517662227983855
-0.6962631979260084,2,1,3,-1.4686749117803493,-1.5217944121037297,-0.08885672984805312,-0.8704704927942822,-0.8575531758377707,0,0.4108291997139728,-0.27935147851517966,0,0,0.0,-0.42535065589112697,2.0,0.8060903624110024,-0.9639358434739417,1.3770935097292127,0.016781375775590055,0.6273673502431437,-1.295944761909322,-0.8342389633650009,0.2771455121201332
0.7550218815564114,2,0,0,-1.2880529510992018,-1.0611624853749382,-1.342314205765586,0.88279428457523,0.10790104586510599,0,-1.3711007031104538,0.896459281152263,0,0,0.0,-0.42535065589112697,2.0,1.719652953466445,-0.5925223777144202,1.4336073087631,-1.0254612291461052,-1.0993169324369914,0.19594972432691823,-1.533177343413256,1.0369812691287754
1.0452788974528953,0,1,2,-1.260264957148256,-0.939230504770258,0.25932590235126196,-0.8704704927942822,-0.4437870808222521,1,0.4108291997139728,-1.4551622381826224,0,0,0.0,-0.42535065589112697,2.0,-0.7026720985745009,1.4846418196814224,1.5748918063478186,1.3230587739441146,0.2820304937071171,-0.30134843775182885,-1.533177343413256,1.520513114497911
-1.5670342456154605,1,1,0,0.004088767619773978,-0.3024746060569294,0.5378720081107132,1.759426673259986,-1.4437218104430887,0,0.4108291997139728,0.896459281152263,0,0,0.0,-0.42535065589112697,2.0,1.6642855237055092,1.1957646796462391,1.4053504092461564,-1.1922200459335763,-0.9611821898225805,0.33803491349227455,0.004487092692905432,-0.6899181786181388
-0.4060061820295245,2,4,4,-0.8712330418350162,-0.5192425715763601,-1.2726776793257237,0.006161895890473879,-0.5817091124940916,0,-1.3711007031104538,-0.867256858348901,0,0,0.0,-0.42535065589112697,2.0,-1.2701882536240943,-0.09730442336839112,-0.19116441346116017,1.378645046206605,-0.6849127045937586,0.19594972432691823,0.8432131487508118,0.34622149003000985
-0.9865202138224924,2,1,0,0.031876761570719725,0.33428129265639994,0.18968937591139895,-0.8704704927942822,-1.1678777470994095,1,1.3017941511261861,0.30855390131854166,1,1,0.0,-0.42535065589112697,1.0,-1.0764022494608185,0.851863322461497,0.2750744285684103,0.18354019256306145,-0.8921148185153751,-0.5855188160825406,1.6120453668038925,-0.8971461123477686
-0.9865202138224924,2,0,0,-1.1491129813444734,-1.1559984702896895,0.25932590235126196,0.006161895890473879,0.14238155378306588,1,0.4108291997139728,-0.867256858348901,0,0,0.0,-0.42535065589112697,2.0,1.2628716579387238,-0.8401313548874341,0.2044321797760514,1.239679365550379,1.4561758059296086,-0.08822065400379436,0.4937439587266838,-1.7260578472662873
0.4647648656599274,1,2,4,-0.7739750630067057,-0.47859857804146705,-0.7852219942466825,0.006161895890473879,1.1078357754859425,1,1.3017941511261861,-0.27935147851517966,0,0,0.0,-0.42535065589112697,2.0,-0.14899780096514192,1.2920570596579666,1.2075521126275512,1.3647484781409829,0.5582999789359382,-0.7276040052478969,-0.06540674531192016,0.7606773574892688
0.17450784976344344,2,1,0,-1.260264957148256,-0.9934224961501159,1.4431468518289317,-0.8704704927942822,-1.7195658737867676,0,-0.48013575169824046,-0.867256858348901,0,0,0.0,-0.42535065589112697,2.0,-1.6716021193908797,1.333325222520136,-0.09226526515185696,0.19743676062868373,-0.7539800759009642,0.12490712974424009,-1.183708153389129,0.8297533353991454
1.3355359133493794,2,3,4,0.5459546496632157,0.4426652754161156,-0.2977663091676422,-0.8704704927942822,-0.5127480966581719,0,-0.48013575169824046,-1.4551622381826224,0,0,0.0,-0.42535065589112697,2.0,-1.380923113145966,1.0857162453471214,0.9956253662504739,-0.1360808729462584,-1.3755864176658126,0.053864535161561936,-0.34498209733122254,0.06991757839050336
-0.9865202138224924,1,1,4,0.22639271922733997,0.07686933360207548,0.9556911667498914,-0.8704704927942822,-0.9609946995916503,1,1.3017941511261861,0.30855390131854166,0,0,0.0,-0.42535065589112697,2.0,-0.9241418176182448,-0.633790540576589,0.2326890792929951,-0.42790880232433304,0.21296312239991164,-0.23030584316915068,-0.7643451253601753,-1.3806779577169042
-0.11574916613304052,2,3,4,-0.0514872202821169,0.06332133575711073,-1.0637681000061345,-0.8704704927942822,0.8664722200602234,1,0.4108291997139728,-0.27935147851517966,0,0,0.0,-0.42535065589112697,2.0,1.1936623707375535,-1.0877403320604486,1.1792952131106076,0.30860930515366464,-0.8230474472081696,-0.7986465998305751,-0.34498209733122254,-0.1373103553391265
-0.11574916613304052,2,2,0,1.1711845135594947,1.4045731224085913,-0.08885672984805312,-0.8704704927942822,1.5905628863373809,0,-1.3711007031104538,0.896459281152263,0,0,0.0,-0.42535065589112697,2.0,-1.450132400347136,0.9206435938984452,0.24681752905146662,-1.3867719988522929,1.1799063207007874,0.12490712974424009,1.4722576907942413,1.4514371365880343
-0.11574916613304052,1,1,3,-1.3575229359765661,-1.5488904077936583,1.5824199047086578,0.88279428457523,1.004394251732063,1,-0.48013575169824046,0.30855390131854166,0,0,0.0,-0.42535065589112697,2.0,0.930667079373108,-0.8126192463126547,0.7554417203564523,1.2118862294191337,0.972704206779171,-0.7986465998305751,-0.34498209733122254,-0.27546231115887976
1.0452788974528953,0,2,2,-1.1630069783199461,-1.1018064789098316,0.050416323031672906,-0.8704704927942822,-1.3057997787712492,1,-1.3711007031104538,1.4843646609859844,0,0,0.0,-0.42535065589112697,2.0,-1.7269695491518156,0.8243512138867176,0.3739735768777129,1.5037141587972083,-0.1323737341361157,0.5511626972403082,1.681939204808718,0.8297533353991454
0.4647648656599274,0,0,1,1.4212764591180058,1.3368331331837693,0.6771450609904393,0.006161895890473879,-1.5126828262790084,1,-1.3711007031104538,-0.27935147851517966,0,0,0.0,-0.42535065589112697,2.0,1.7058110960262107,-0.11106047765578113,0.783698619873396,-1.5257376795085187,-0.1323737341361157,-1.1538595727439658,1.1926823387749397,1.1751332249485287
0.4647648656599274,0,0,3,0.08745274947261122,0.3613772883463288,-1.0637681000061345,-0.8704704927942822,0.383745109208785,0,0.4108291997139728,-0.27935147851517966,1,0,0.0,-0.42535065589112697,2.0,-1.505499830108072,-0.2898891833918469,0.5717718734963186,-1.2339097501304441,-0.6158453332865532,-1.580115140240034,0.5636377967315094,1.6586650703176642
1.0452788974528953,0,4,3,0.9349865649764563,0.9845851892146934,-0.4370393620473682,-0.8704704927942822,0.9009527279781833,1,0.4108291997139728,-1.4551622381826224,1,1,0.0,-0.42535065589112697,3.0,0.46004392640515296,-1.376617472095632,-0.8834584516262795,-0.09439116874939087,-0.8230474472081696,-0.23030584316915068,-0.9740266393746521,-0.5517662227983855
-0.9865202138224924,0,3,4,0.6710006224424719,0.4426652754161156,-0.9244950471264086,1.759426673259986,0.383745109208785,0,0.4108291997139728,0.30855390131854166,0,0,0.0,-0.42535065589112697,2.0,1.456657662101999,-1.6242264492686462,-0.869330001867808,-1.2339097501304441,0.14389575109270616,0.6222052918229863,-1.533177343413256,-1.4497539356267808
1.3355359133493794,2,4,1,-0.16263919608589988,-0.1263506340723911,1.5127833782687947,0.88279428457523,0.4871866329626647,1,-0.48013575169824046,-0.867256858348901,0,0,0.0,-0.42535065589112697,2.0,-0.6473046688135655,-1.4453977435325804,-0.24767821249504754,1.03123084456604,-1.582788531587429,0.2669923189095964,0.3539562827170334,1.4514371365880343
0.17450784976344344,0,2,3,-0.7739750630067057,-0.7089145414058626,-0.5066758884872304,-0.8704704927942822,-0.2369040333144928,1,-0.48013575169824046,0.896459281152263,0,0,0.0,-0.42535065589112697,2.0,1.1106112260961496,1.457129711106643,-0.2900635617704628,1.7260592478471701,-0.9611821898225805,0.7642904809883426,0.14427476870255662,1.106057247038652
1.6257929292458633,2,0,1,-1.5659328906086594,-1.5353424099486936,0.12005284947153592,0.006161895890473879,1.2112772992398222,0,-1.3711007031104538,1.4843646609859844,0,0,0.0,-0.42535065589112697,2.0,0.90298336449264,-0.2348649662422881,0.7554417203564523,0.016781375775590055,-1.5137211602802234,1.4036738322324451,1.4023638527894158,-0.6208422007082621
0.4647648656599274,2,3,3,-1.1491129813444734,-1.115354476754796,0.25932590235126196,1.759426673259986,0.41822561712674494,0,0.4108291997139728,-1.4551622381826224,0,0,0.0,-0.42535065589112697,2.0,-0.4119930923295874,0.4804498567019755,0.2044321797760514,0.12795392030057098,0.4892326076287327,0.12490712974424009,0.5636377967315094,1.3823611586781577
-0.11574916613304052,1,2,3,-0.6072470993010318,-0.6818185457159337,-1.760133364404764,0.006161895890473879,-0.4437870808222521,0,0.4108291997139728,-1.4551622381826224,0,0,0.0,-0.42535065589112697,2.0,-0.5919372390526296,0.4804498567019755,0.049019232432860826,0.19743676062868373,1.0417715780863765,-1.0828169781612877,1.681939204808718,-0.20638633324900313
-0.6962631979260084,2,3,0,1.351806474240642,1.3639291288736977,0.25932590235126196,-0.8704704927942822,-0.5817091124940916,0,0.4108291997139728,-1.4551622381826224,0,0,0.0,-0.42535065589112697,2.0,-1.491657972667838,0.3428893138280785,1.5890202561062907,-1.5396342475741414,0.5582999789359382,0.9774182647363772,-0.9740266393746521,-0.7589941565280154
1.0452788974528953,0,0,2,-0.34326115676704755,-0.24828261467707155,1.6520564311485209,0.88279428457523,1.5216018705014611,1,1.3017941511261861,1.4843646609859844,0,0,0.0,-0.42535065589112697,2.0,1.04140193889498,1.0169359739101733,0.19030373001757925,-0.5668744829805592,-0.27050847675052664,-0.6565614106652188,0.2840624447122078,1.520513114497911
1.3355359133493794,1,1,4,1.657474407701045,1.6484370836179516,1.5127833782687947,-0.8704704927942822,1.6250433942553408,0,1.3017941511261861,1.4843646609859844,1,1,1.0,1.9570595794675738,0.0,1.3320809451398934,-1.4453977435325804,0.3174597778438255,1.2952656378128695,1.4561758059296086,-1.7222003294053903,-0.48476977334087296,-0.828070134437892
-0.11574916613304052,2,1,0,1.4907464439953706,1.1878051568891599,-0.5763124149270935,0.88279428457523,-0.2369040333144928,0,-0.48013575169824046,1.4843646609859844,0,0,0.0,-0.42535065589112697,2.0,-0.6749883836940336,-0.8676434634622135,1.0097538160089454,0.19743676062868373,-0.6849127045937586,-0.08822065400379436,-0.9740266393746521,-1.1043740460773985
0.7550218815564114,0,0,3,-0.7322930720802874,-0.5598865651112538,1.2342372725093433,-0.8704704927942822,0.03894003002918623,1,-0.48013575169824046,0.896459281152263,0,0,0.0,-0.42535065589112697,2.0,0.432360211524685,0.7418148881623794,-0.2900635617704628,-1.623013655967877,0.4892326076287327,0.48012010265763005,-1.3234958293987793,-0.1373103553391265
-0.4060061820295245,2,2,1,-1.0379610055406907,-0.9798744983051515,-0.15849325628791613,-0.8704704927942822,-0.8575531758377707,1,-0.48013575169824046,1.4843646609859844,1,1,1.0,0.7658544617882235,1.0,1.512025091862935,-0.31740129196662625,-1.19428434631266,0.21133332869430665,0.2820304937071171,0.48012010265763005,-0.27508825932639697,-1.587905891446534
0.17450784976344344,1,3,3,1.4907464439953706,1.1471611633542669,0.328962428791125,1.759426673259986,1.1078357754859425,0,-0.48013575169824046,0.896459281152263,0,0,0.0,-0.42535065589112697,2.0,-0.8826162452975431,-1.0602282234856693,-1.3214403941389063,-0.1221843048806361,-1.6518559028946345,-0.23030584316915068,1.681939204808718,0.6225254016695156
-0.6962631979260084,1,2,2,1.5602164288727347,1.7568210663776667,0.8164181138701654,-0.8704704927942822,0.9009527279781833,0,-0.48013575169824046,-0.27935147851517966,1,0,0.0,-0.42535065589112697,2.0,-0.13515594352490826,0.30162115096590975,0.006633883157445615,1.1979896613535115,-0.8921148185153751,-0.44343362691718513,1.0528946627652886,0.06991757839050336
-0.6962631979260084,2,3,4,1.351806474240642,1.3639291288736977,1.4431468518289317,0.006161895890473879,-0.09898200164265329,0,-1.3711007031104538,-0.27935147851517966,0,0,0.0,-0.42535065589112697,2.0,0.0586300606383676,-0.9226676806117723,-1.7594223366515331,0.572644098400494,0.00576100847829524,0.9774182647363772,0.7034254727411606,1.6586650703176642
-0.6962631979260084,2,3,2,-0.2598971749142103,-0.09925463838246219,-0.08885672984805312,0.006161895890473879,-0.16794301747857304,0,-0.48013575169824046,0.896459281152263,0,0,0.0,-0.42535065589112697,2.0,0.33546720944304737,-0.5787663234270302,-1.0247429492109978,-0.7336332997680306,-1.5137211602802234,-0.08822065400379436,-1.533177343413256,0.7606773574892688
-0.6962631979260084,2,4,3,-1.0518550025161633,-1.0476144875299738,1.6520564311485209,-0.8704704927942822,-1.0989167312634898,1,1.3017941511261861,-0.867256858348901,0,0,0.0,-0.42535065589112697,2.0,0.8199322198512361,1.3470812768075255,-1.0953851980033573,1.2952656378128695,-0.6849127045937586,1.5457590213978016,-0.7643451253601753,1.4514371365880343
-1.5670342456154605,1,2,0,1.6018984197991535,1.607793090083058,-0.8548585206865456,-0.8704704927942822,-0.20242352539653294,1,-1.3711007031104538,0.896459281152263,0,0,0.0,-0.42535065589112697,2.0,-0.03826294144327002,0.1778166623794022,0.6424141222886782,1.6704729755846797,0.972704206779171,-1.0117743835786095,-0.6944512873553498,-1.3806779577169042
-0.11574916613304052,1,2,4,-1.3158409450501476,-1.142450472444725,-0.7155854678068195,0.88279428457523,-0.8920336837557306,1,1.3017941511261861,0.896459281152263,0,0,0.0,-0.42535065589112697,2.0,-0.35662566256865147,-1.45915379781997,-0.5302472076644837,-0.27504655360248453,1.387108434622403,-0.6565614106652188,-0.4148759353360481,0.9679052912188987
1.0452788974528953,0,0,1,-0.4405191355953574,-0.16699462760728478,0.8860546403100283,0.88279428457523,0.5906281567165443,1,-1.3711007031104538,1.4843646609859844,0,0,0.0,-0.42535065589112697,2.0,0.030946345757899618,-0.771351083450486,-0.7421739540415617,-0.9142886846211242,-1.2374516750514024,-1.1538595727439658,-1.533177343413256,1.313285180768281
-0.11574916613304052,2,4,0,1.5880044228236805,1.2555451461139826,0.6771450609904393,-0.8704704927942822,-1.4782023183610484,0,-1.3711007031104538,0.896459281152263,1,0,0.0,-0.42535065589112697,1.0,-0.6611465262537992,-1.5692022321190875,-0.7280455042830896,-1.4840479753116511,-0.8921148185153751,-0.8696891944132532,1.7518330428135438,-0.8971461123477686
-0.11574916613304052,0,3,3,0.6432126284915262,0.38847328403625775,-0.4370393620473682,-0.8704704927942822,-0.6506701283300114,0,0.4108291997139728,-0.27935147851517966,0,0,0.0,-0.42535065589112697,2.0,0.8337740772914704,-1.514178014969529,-1.6322662888252868,0.7116097790567202,0.21296312239991164,-0.30134843775182885,0.2840624447122078,0.8297533353991454
-0.9865202138224924,0,1,2,0.18471072830092164,0.06332133575711073,-0.9244950471264086,-0.8704704927942822,-1.4092413025251287,1,0.4108291997139728,0.30855390131854166,0,0,0.0,-0.42535065589112697,2.0,1.1106112260961496,0.5217180195641443,0.713056371081037,1.045127412631663,0.8345694641647601,-0.15926324858647253,-1.183708153389129,-0.6899181786181388
0.7550218815564114,0,2,1,0.7543646042953086,0.9439411956798003,1.0949642196296174,0.006161895890473879,-0.754111652083891,1,0.4108291997139728,-0.867256858348901,0,0,0.0,-0.42535065589112697,2.0,1.6642855237055092,1.718494742567047,1.3064512609368537,-1.414565134983538,-0.27050847675052664,0.12490712974424009,-1.3234958293987793,1.0369812691287754
-0.4060061820295245,2,2,0,-1.2463709601727833,-1.0882584810648672,-0.9941315735662716,0.006161895890473879,1.5216018705014611,0,-0.48013575169824046,0.30855390131854166,1,1,2.0,3.1482646971469244,1.0,-1.0764022494608185,1.5396660368309811,-0.6008894564568432,-0.6502538913742949,0.6273673502431437,1.0484608593190552,-0.4148759353360481,0.8297533353991454
-0.4060061820295245,1,1,3,0.921092568000983,0.8355572129200847,-0.019220203408190112,-0.8704704927942822,1.6940044100912606,1,1.3017941511261861,-0.27935147851517966,0,0,0.0,-0.42535065589112697,2.0,1.6642855237055092,-0.2348649662422881,-1.5757524897913995,-0.09439116874939087,-1.582788531587429,-0.7276040052478969,0.2840624447122078,-0.6899181786181388
-0.9865202138224924,0,1,2,0.6432126284915262,0.7407212280053331,-0.3674028356075052,1.759426673259986,0.3147840933728653,1,0.4108291997139728,-0.27935147851517966,0,0,0.0,-0.42535065589112697,2.0,-1.505499830108072,-1.0464721691982795,0.783698619873396,-1.0115646610804825,0.2820304937071171,0.33803491349227455,-0.6944512873553498,-1.5188299135366574
1.0452788974528953,2,4,2,-1.1074309904180548,-1.0882584810648672,0.6075085345505763,-0.8704704927942822,-0.9609946995916503,0,-1.3711007031104538,-0.27935147851517966,1,0,2.0,0.7658544617882235,1.0,0.5984625008074929,1.0719601910597316,1.038010715525889,-0.4140122342587107,0.21296312239991164,1.0484608593190552,-1.533177343413256,0.34622149003000985
0.4647648656599274,1,1,3,-0.45441313257082994,-0.41085858881664444,0.6771450609904393,0.006161895890473879,1.6595239021733006,1,0.4108291997139728,0.30855390131854166,0,0,0.0,-0.42535065589112697,2.0,0.7784066475305345,0.23284087952896096,-0.6150179062153148,0.8227823235817011,0.6273673502431437,0.4090775080749527,0.423850120721859,0.6225254016695156
1.6257929292458633,2,3,2,-1.677084866412442,-1.5353424099486936,-0.8548585206865456,0.88279428457523,1.314718822993702,1,0.4108291997139728,-0.867256858348901,0,0,0.0,-0.42535065589112697,2.0,0.1970486350407075,1.1682525710714597,-1.0812567482448852,1.739955815912793,1.387108434622403,-0.7986465998305751,1.4023638527894158,0.898829313309022
-0.11574916613304052,0,2,2,1.6852624016519908,1.512957105168307,1.5127833782687947,-0.8704704927942822,-0.5127480966581719,1,1.3017941511261861,0.30855390131854166,0,0,0.0,-0.42535065589112697,2.0,-1.2563463961838601,0.08152428236767462,0.020762332915917142,0.30860930515366464,0.8345694641647601,1.687844210563158,1.33247001478459,-1.3116019798070275
1.0452788974528953,2,2,1,-1.0379610055406907,-0.8037505263206138,-1.620860311525038,-0.8704704927942822,0.6595891725524641,1,-0.48013575169824046,-0.27935147851517966,0,0,0.0,-0.42535065589112697,2.0,0.017104488317665322,-1.5416901235443083,-0.9682291501771105,1.1979896613535115,-0.1323737341361157,-0.23030584316915068,0.7034254727411606,0.7606773574892688
-1.5670342456154605,0,2,1,-1.3992049269029847,-1.575986403483587,-1.481587258645312,0.88279428457523,-0.06450149372469341,0,0.4108291997139728,1.4843646609859844,0,0,0.0,-0.42535065589112697,2.0,-1.5885509747494757,-0.6613026491513684,0.2044321797760514,-0.27504655360248453,-0.7539800759009642,-0.7986465998305751,1.0528946627652886,1.6586650703176642
-0.9865202138224924,0,1,4,0.7821525982462543,0.4968572667959734,0.4682354816708502,-0.8704704927942822,0.7285501883883838,0,0.4108291997139728,-1.4551622381826224,0,0,0.0,-0.42535065589112697,2.0,-1.6992858342713475,-0.5374981605648614,0.8402124189072834,1.6426798394534345,-0.20144110544332117,-0.5144762214998625,-0.20519442132157134,-0.27546231115887976
1.0452788974528953,1,0,1,-1.0935369934425818,-1.169546468134654,-0.15849325628791613,1.759426673259986,1.4181603467475814,0,-1.3711007031104538,-0.27935147851517966,1,1,2.0,1.9570595794675738,0.0,-0.993351104819415,1.2920570596579666,-0.09226526515185696,-0.9142886846211242,-1.582788531587429,0.6222052918229863,-0.9740266393746521,1.6586650703176642
-1.5670342456154605,0,2,4,0.5320606526877432,0.6729812387805111,1.0949642196296174,1.759426673259986,1.6940044100912606,0,1.3017941511261861,-0.27935147851517966,0,0,0.0,-0.42535065589112697,2.0,-0.993351104819415,1.4021054939570843,1.3347081604537976,-0.08049460068376794,-1.2374516750514024,-1.7222003294053903,-0.20519442132157134,-1.587905891446534
-0.6962631979260084,2,4,3,0.3792266859575413,0.4833092689510087,-0.7155854678068195,0.88279428457523,1.4526408546655414,1,1.3017941511261861,1.4843646609859844,0,0,0.0,-0.42535065589112697,2.0,1.608918093944573,-1.1840327120721765,1.4053504092461564,-0.20556371327437178,-0.4086432193649376,-0.9407317889959314,0.4937439587266838,0.6225254016695156
1.0452788974528953,1,1,0,-0.9407030267123803,-1.237286457359476,0.25932590235126196,-0.8704704927942822,-1.5126828262790084,1,0.4108291997139728,0.896459281152263,0,0,0.0,-0.42535065589112697,2.0,-0.6196209539330976,-1.45915379781997,-0.2052928632196317,1.1562999571566432,-1.6518559028946345,0.2669923189095964,1.33247001478459,-0.9662220902576453
0.7550218815564114,0,0,4,1.032244543804766,1.2961891396488756,-0.9941315735662716,1.759426673259986,0.6595891725524641,1,-0.48013575169824046,-0.867256858348901,0,0,0.0,-0.42535065589112697,2.0,0.7645647900903001,0.6867906710128207,-0.6715317052492021,-0.17777057714312655,-1.030249561129786,0.6222052918229863,-0.34498209733122254,-1.2425260018971518
-0.9865202138224924,1,1,3,-1.1352189843690004,-0.8579425177004714,-0.2977663091676422,-0.8704704927942822,-0.3748260649863323,1,1.3017941511261861,-0.867256858348901,0,0,0.0,-0.42535065589112697,2.0,1.5812343790641052,0.70054672530021,-0.9964860496940542,-0.9698749568836147,1.2489736920079928,-1.0828169781612877,1.7518330428135438,-0.7589941565280154
-0.11574916613304052,1,3,2,-0.41273114164441166,-0.19409062329721372,0.050416323031672906,1.759426673259986,0.5216671408806246,1,1.3017941511261861,0.30855390131854166,0,0,0.0,-0.42535065589112697,2.0,0.6123043582477266,1.0857162453471214,-0.00749456660102654,-0.7475298678336528,-0.9611821898225805,-0.7276040052478969,1.1926823387749397,-0.413614266978633
1.3355359133493794,0,3,2,1.0461385407802386,1.3368331331837693,0.328962428791125,0.88279428457523,0.9009527279781833,1,0.4108291997139728,-0.867256858348901,0,0,0.0,-0.42535065589112697,2.0,-0.024421084003036338,0.7418148881623794,0.006633883157445615,-1.6647033601647447,-1.444653788973018,0.7642904809883426,-0.34498209733122254,0.9679052912188987
0.7550218815564114,0,2,4,0.44869667083490594,0.7271732301603689,-1.1334046264459976,-0.8704704927942822,0.8664722200602234,0,-0.48013575169824046,1.4843646609859844,0,0,0.0,-0.42535065589112697,2.0,1.207504228177788,-1.2665690377965144,-1.6887800878591739,-0.3167362577993521,1.6633779198512249,-1.3669873564919994,-1.3933896674036048,0.898829313309022
1.0452788974528953,0,2,1,-0.5794591053500862,-0.22118661898714262,1.3735103253890688,0.006161895890473879,-0.6851506362479712,1,-1.3711007031104538,-0.27935147851517966,0,0,0.0,-0.42535065589112697,2.0,-0.4119930923295874,1.457129711106643,0.3598451271192413,0.4058852816130227,1.4561758059296086,0.19594972432691823,0.3539562827170334,-0.5517662227983855
0.17450784976344344,2,0,0,-0.4405191355953574,-0.5869825608011827,1.0253276931897544,-0.8704704927942822,-1.340280286689209,0,0.4108291997139728,1.4843646609859844,0,0,0.0,-0.42535065589112697,2.0,-0.9795092473791807,1.374593385382305,-0.7421739540415617,0.37809214548177805,-0.8230474472081696,-0.8696891944132532,-0.48476977334087296,1.4514371365880343
-0.4060061820295245,1,3,2,1.5463224318972622,1.4452171159434843,-0.7155854678068195,1.759426673259986,0.6251086646345042,0,0.4108291997139728,0.896459281152263,1,0,1.0,3.1482646971469244,1.0,-1.1732952515424566,0.4666938024145855,-0.2900635617704628,-1.623013655967877,0.14389575109270616,1.687844210563158,-0.5546636113456985,1.5895890924077876
-0.9865202138224924,1,1,0,-0.2737911718896829,-0.0044186534677112714,-1.620860311525038,0.006161895890473879,-0.030020985806733527,1,1.3017941511261861,1.4843646609859844,0,0,0.0,-0.42535065589112697,2.0,0.3216253520028131,1.4158615482444736,-0.21942131297810386,-0.9142886846211242,-1.168384303744197,-0.372391032334507,0.7733193107459861,-1.587905891446534
-1.2767772297189763,1,2,4,-1.371416932952039,-1.386314433654085,-0.9244950471264086,1.759426673259986,-1.02995571542757,1,-0.48013575169824046,-1.4551622381826224,0,0,0.0,-0.42535065589112697,2.0,-0.5780953816123953,0.2741090423911304,-1.4627248917236246,1.5593004310596987,-0.5467779619793477,1.758886805145836,1.681939204808718,0.9679052912188987
-0.4060061820295245,2,3,0,1.5602164288727347,1.8381090534474536,-1.5512237850851749,-0.8704704927942822,1.1423162834039025,0,0.4108291997139728,-1.4551622381826224,0,0,0.0,-0.42535065589112697,2.0,0.7784066475305345,-0.2073528576675087,1.1369098638351918,1.1146102529597757,1.5943105485440194,-0.8696891944132532,-0.9740266393746521,-1.587905891446534
-1.2767772297189763,2,3,2,-0.14874519911042733,-0.4515025823515381,1.1646007460694805,-0.8704704927942822,-1.4782023183610484,1,0.4108291997139728,-1.4551622381826224,0,0,0.0,-0.42535065589112697,2.0,1.1659786558570855,1.6359584168427088,-1.5051102409990402,1.1285068210253981,1.2489736920079928,-1.3669873564919994,-0.7643451253601753,0.8297533353991454
-1.2767772297189763,1,0,1,1.6018984197991535,1.607793090083058,0.5378720081107132,-0.8704704927942822,0.2803035854549054,0,1.3017941511261861,-0.27935147851517966,0,0,0.0,-0.42535065589112697,2.0,1.1936623707375535,0.4942059109893649,1.2499374619029664,1.5454038629940765,1.0417715780863765,1.6168016159804797,1.6120453668038925,0.4152974679398865
0.4647648656599274,1,3,0,0.14302873737450272,0.1039653292920044,1.3038737989492057,0.88279428457523,1.1767967913218622,0,-0.48013575169824046,-1.4551622381826224,0,0,0.0,-0.42535065589112697,2.0,-0.6888302411342673,-1.4866659063947496,1.4336073087631,-0.1221843048806361,-1.0993169324369914,0.2669923189095964,-1.0439204773794777,1.0369812691287754
0.17450784976344344,2,1,1,-0.0514872202821169,0.18525331636179115,0.5378720081107132,0.006161895890473879,0.383745109208785,0,1.3017941511261861,-0.867256858348901,1,0,1.0,3.1482646971469244,1.0,-1.0348766771401166,-0.3449134005414057,-1.2225412458296037,-1.0115646610804825,-0.3395758480577321,1.6168016159804797,0.9131069867556374,-0.6208422007082621
0.7550218815564114,2,4,3,0.07355875249713865,-0.07215864269253328,-0.8548585206865456,-0.8704704927942822,0.17686206170102575,0,1.3017941511261861,0.30855390131854166,0,0,0.0,-0.42535065589112697,2.0,0.90298336449264,-0.48247394341530264,0.713056371081037,0.3225058732192876,1.5943105485440194,-0.44343362691718513,1.4023638527894158,1.106057247038652
1.3355359133493794,1,1,0,0.004088767619773978,-0.09925463838246219,1.3735103253890688,-0.8704704927942822,-1.7195658737867676,0,0.4108291997139728,0.30855390131854166,1,1,0.0,-0.42535065589112697,2.0,-0.24589080304678018,0.3841574766902473,1.391221959487685,-0.10828773681501318,1.6633779198512249,0.33803491349227455,-1.183708153389129,-1.035298068167522
-1.2767772297189763,1,2,3,-0.21821518398779138,0.11751332713696856,-1.2030411528858607,1.759426673259986,-0.6506701283300114,0,0.4108291997139728,-0.27935147851517966,0,0,0.0,-0.42535065589112697,2.0,-1.1594533941022225,-0.8538874091748241,-0.5161187579060122,-1.456254839180406,0.2820304937071171,0.33803491349227455,-1.533177343413256,-0.3445382890687564
0.7550218815564114,0,1,2,-1.579826887584132,-1.237286457359476,0.8860546403100283,-0.8704704927942822,0.4527061250447048,0,0.4108291997139728,-0.867256858348901,0,0,0.0,-0.42535065589112697,2.0,-0.4396768072100554,0.9481557024732246,1.3064512609368537,-1.4840479753116511,0.4892326076287327,-0.6565614106652188,0.2840624447122078,-0.06823437742924988
-0.4060061820295245,1,2,2,1.6296864137500993,1.512957105168307,1.3038737989492057,1.759426673259986,1.3836798388296216,0,-1.3711007031104538,-1.4551622381826224,0,0,0.0,-0.42535065589112697,2.0,0.11399749039930356,0.851863322461497,-0.36070581056282225,0.6421269387286074,-0.06330636282891022,-0.23030584316915068,-0.6944512873553498,-0.413614266978633
1.6257929292458633,0,0,0,1.129502522633076,0.9710371913697292,1.6520564311485209,1.759426673259986,-1.5816438421149281,1,1.3017941511261861,-0.867256858348901,0,0,0.0,-0.42535065589112697,2.0,-0.23204894560654588,-1.197788766359566,-0.36070581056282225,1.045127412631663,1.3180410633151975,0.6932478864056645,-1.533177343413256,0.6225254016695156
1.0452788974528953,0,2,0,-0.6767170841783959,-0.7089145414058626,1.5127833782687947,0.006161895890473879,1.6595239021733006,0,-1.3711007031104538,0.30855390131854166,0,0,0.0,-0.42535065589112697,2.0,-0.9102999601780111,-0.1935968033801193,0.4163589261531287,0.5170578261380036,1.0417715780863765,-0.7986465998305751,0.9830008247604629,-0.20638633324900313
-0.6962631979260084,2,1,1,-1.4130989238784577,-1.575986403483587,0.8164181138701654,1.759426673259986,-0.16794301747857304,0,0.4108291997139728,1.4843646609859844,1,1,2.0,1.9570595794675738,0.0,1.2905553728191916,-0.24862102052967808,-0.9964860496940542,-0.7475298678336528,-0.9611821898225805,0.12490712974424009,1.2625761767797654,0.9679052912188987
0.17450784976344344,1,4,4,0.7821525982462543,0.5375012603308665,-0.9941315735662716,0.006161895890473879,0.17686206170102575,1,-0.48013575169824046,0.896459281152263,0,0,0.0,-0.42535065589112697,2.0,-0.5227279518514594,-1.0464721691982795,0.6424141222886782,-0.7614264358992757,1.4561758059296086,-0.7276040052478969,0.21416860670738222,1.106057247038652
-0.4060061820295245,0,2,4,0.740470607319836,0.6729812387805111,-0.9244950471264086,0.006161895890473879,1.245757807157782,1,-0.48013575169824046,-0.867256858348901,0,0,0.0,-0.42535065589112697,2.0,-0.23204894560654588,0.9756678110480039,-0.21942131297810386,-0.789219572030521,-1.6518559028946345,-0.6565614106652188,0.7733193107459861,-1.2425260018971518
-0.11574916613304052,0,1,1,1.5463224318972622,1.2961891396488756,0.6771450609904393,-0.8704704927942822,-0.4437870808222521,1,0.4108291997139728,-0.27935147851517966,1,1,2.0,3.1482646971469244,0.0,-1.7131276917115814,-1.2528129835091246,-0.26180666225351906,-1.1783234778679537,1.387108434622403,1.0484608593190552,-1.4632835054084306,-0.8971461123477686
0.4647648656599274,2,2,0,1.0461385407802386,0.7271732301603689,1.7216929575883837,-0.8704704927942822,-1.2023582550173695,1,-1.3711007031104538,-1.4551622381826224,0,0,0.0,-0.42535065589112697,2.0,0.90298336449264,-0.6888147577261478,1.038010715525889,0.15574705643181622,1.0417715780863765,-0.7986465998305751,0.004487092692905432,0.20806953421025662
-0.9865202138224924,0,1,3,-1.371416932952039,-1.0340664896850094,-0.6459489413669565,-0.8704704927942822,1.6940044100912606,0,-0.48013575169824046,-0.867256858348901,0,0,0.0,-0.42535065589112697,2.0,0.36315092432351476,-0.8813995177496035,-1.1518989970372444,1.3230587739441146,0.7655020928575547,-1.0117743835786095,0.423850120721859,-0.20638633324900313
0.17450784976344344,0,2,2,-0.19042719003684563,-0.41085858881664444,1.6520564311485209,1.759426673259986,-0.2713845412324527,1,-1.3711007031104538,0.896459281152263,0,0,0.0,-0.42535065589112697,2.0,-1.5608672598690077,-0.33115734625401627,-0.9117153511432231,-1.5813239517710092,-1.3065190463586072,-1.295944761909322,-1.1138143153843032,1.0369812691287754
-0.11574916613304052,1,4,2,1.0044565498538203,0.8491052107650487,-1.690496837964901,-0.8704704927942822,-0.30586504915041257,0,1.3017941511261861,0.30855390131854166,0,0,0.0,-0.42535065589112697,2.0,-1.1732952515424566,-0.33115734625401627,0.14791838074216404,-1.5952205198366318,0.420165236321528,-0.372391032334507,-1.7428588574277328,0.6225254016695156
-0.4060061820295245,2,2,3,1.3795944681915877,1.214901152579089,1.5127833782687947,-0.8704704927942822,0.969913743814103,0,1.3017941511261861,-0.867256858348901,1,1,2.0,0.7658544617882235,3.0,0.7091973603293642,-0.991447952048721,-0.8410731023508643,0.28081616902241946,-0.20144110544332117,0.8353330755710208,-0.4148759353360481,1.2442092028584053
1.0452788974528953,1,2,3,-1.6076148815350775,-1.237286457359476,0.4682354816708502,1.759426673259986,-1.2368387629353292,0,-0.48013575169824046,-0.27935147851517966,0,0,0.0,-0.42535065589112697,2.0,-0.4258349497698217,1.7047386882796576,1.518378007313931,-1.6508067920991223,1.387108434622403,0.6222052918229863,0.004487092692905432,0.2771455121201332
-0.11574916613304052,0,0,0,0.3236506980556504,0.659433240935547,-1.620860311525038,-0.8704704927942822,1.5560823784194209,1,1.3017941511261861,1.4843646609859844,0,0,0.0,-0.42535065589112697,2.0,-0.9518255324987127,1.6084463082679294,0.43048737591160025,0.7116097790567202,-0.9611821898225805,1.4036738322324451,0.5636377967315094,1.2442092028584053
-0.6962631979260084,1,3,3,0.8377285861481458,0.8220092150751199,0.328962428791125,-0.8704704927942822,0.4527061250447048,1,1.3017941511261861,1.4843646609859844,0,0,0.0,-0.42535065589112697,2.0,-0.6749883836940336,-0.8951555720369929,-0.09226526515185696,-0.9420818207523695,-0.06330636282891022,1.6168016159804797,1.1926823387749397,1.520513114497911
1.6257929292458633,2,4,0,-1.663190869436969,-1.6979183840882672,1.5824199047086578,0.88279428457523,1.4871213625835011,0,-1.3711007031104538,-1.4551622381826224,0,0,0.0,-0.42535065589112697,2.0,0.7230392177695985,0.6867906710128207,-1.1660274467957163,0.37809214548177805,1.2489736920079928,-0.44343362691718513,0.7733193107459861,0.6225254016695156
0.4647648656599274,2,4,1,-0.8851270388104887,-0.8172985241655782,0.4682354816708502,-0.8704704927942822,-1.6850853658688079,1,-1.3711007031104538,0.896459281152263,0,0,0.0,-0.42535065589112697,2.0,0.432360211524685,0.7830830510245482,0.9814969164920018,-0.16387400907750363,0.0748283797855007,1.687844210563158,1.6120453668038925,-0.27546231115887976
0.4647648656599274,0,2,3,-1.7048728603633878,-1.8469463603828764,0.4682354816708502,-0.8704704927942822,-0.9265141916736904,1,1.3017941511261861,-0.27935147851517966,1,1,1.0,0.7658544617882235,0.0,0.90298336449264,1.4296176025318637,1.4759926580385159,0.37809214548177805,-0.06330636282891022,-1.295944761909322,1.0528946627652886,1.520513114497911
1.6257929292458633,0,4,2,-1.0379610055406907,-0.9121345090803292,1.6520564311485209,-0.8704704927942822,0.9354332358961431,0,-1.3711007031104538,-0.27935147851517966,1,0,0.0,-0.42535065589112697,1.0,-0.7857232432159048,-0.35866945482879503,-0.26180666225351906,0.46147155387551314,1.387108434622403,-0.5855188160825406,1.1926823387749397,-1.3806779577169042
-1.2767772297189763,0,3,1,-0.74618706905576,-0.42440658666160924,-0.4370393620473682,-0.8704704927942822,-1.0989167312634898,0,0.4108291997139728,0.896459281152263,0,0,0.0,-0.42535065589112697,2.0,-0.6749883836940336,-1.5692022321190875,0.14791838074216404,1.2118862294191337,-0.3395758480577321,0.4090775080749527,1.4023638527894158,0.9679052912188987
1.6257929292458633,2,1,3,0.7960465952217275,0.7813652215402268,0.8164181138701654,0.88279428457523,1.6595239021733006,1,-1.3711007031104538,0.896459281152263,0,0,0.0,-0.42535065589112697,2.0,-0.5780953816123953,-0.4412057805531332,-0.19116441346116017,-0.5112882107180687,-1.582788531587429,-1.224902167326644,-1.3234958293987793,-0.20638633324900313
0.7550218815564114,0,0,4,0.5042726587367975,0.6458852430905822,0.12005284947153592,-0.8704704927942822,0.2803035854549054,0,0.4108291997139728,-0.27935147851517966,0,0,0.0,-0.42535065589112697,2.0,0.16936492016023952,1.2232767882210185,0.006633883157445615,1.4620244546003407,-0.8230474472081696,0.4090775080749527,0.004487092692905432,1.4514371365880343
0.7550218815564114,2,0,1,-1.204688969246365,-0.8714905155454358,-0.08885672984805312,-0.8704704927942822,-0.754111652083891,1,-0.48013575169824046,-0.27935147851517966,0,0,0.0,-0.42535065589112697,2.0,-0.30125823280771613,1.4708857653940324,-0.4596049588721248,-1.3728754307866702,-0.6849127045937586,-0.017178059421116217,-1.1138143153843032,-0.1373103553391265
1.0452788974528953,0,4,2,0.22639271922733997,0.307185296966471,1.3735103253890688,0.88279428457523,-1.2368387629353292,0,-0.48013575169824046,1.4843646609859844,1,0,0.0,-0.42535065589112697,2.0,-0.5365698092916936,0.8243512138867176,1.3064512609368537,-1.0393577972117278,1.7324452911584303,1.0484608593190552,-1.2536019913939545,-0.6208422007082621
-0.11574916613304052,1,4,2,0.39312068293301444,0.3478292905013641,-1.1334046264459976,-0.8704704927942822,-0.3748260649863323,1,0.4108291997139728,1.4843646609859844,1,1,2.0,1.9570595794675738,2.0,-1.3117138259447962,0.2878650966785198,1.645534055140178,0.29471273708804235,1.525243177236814,-0.23030584316915068,-0.20519442132157134,0.0008416004806267426
1.0452788974528953,1,3,3,-0.4683071295463031,-0.6953665435608981,-1.690496837964901,-0.8704704927942822,1.1767967913218622,1,0.4108291997139728,-0.867256858348901,0,0,0.0,-0.42535065589112697,2.0,1.1936623707375535,-0.09730442336839112,1.5890202561062907,0.6699200748598526,1.6633779198512249,0.12490712974424009,-1.0439204773794777,-0.20638633324900313
0.7550218815564114,2,0,2,-0.45441313257082994,-0.749558534940756,1.0253276931897544,-0.8704704927942822,0.7285501883883838,0,-1.3711007031104538,-0.27935147851517966,1,0,1.0,1.9570595794675738,2.0,-1.46397425778737,1.4846418196814224,0.28920287832688246,1.5454038629940765,0.4892326076287327,-0.23030584316915068,0.21416860670738222,1.106057247038652
1.0452788974528953,1,2,2,1.574110425848208,1.567149096548165,1.5824199047086578,1.759426673259986,-0.9954752075096102,0,-1.3711007031104538,0.30855390131854166,0,0,0.0,-0.42535065589112697,2.0,-0.27357451792724813,0.7968391053119382,0.7413132705979808,0.5031612580723813,1.0417715780863765,-0.23030584316915068,-1.3234958293987793,0.20806953421025662
-0.4060061820295245,0,1,3,-0.8990210357859619,-1.142450472444725,1.1646007460694805,-0.8704704927942822,0.5216671408806246,1,-1.3711007031104538,-0.27935147851517966,0,0,0.0,-0.42535065589112697,2.0,-0.10747222864444028,-0.7163268663009271,-0.1346506144272728,-0.2889431216681075,1.525243177236814,-1.6511577348227122,0.633531634736335,1.2442092028584053
-0.6962631979260084,2,4,1,-0.21821518398779138,-0.3702145952817514,-0.3674028356075052,0.006161895890473879,1.0733552675679827,0,1.3017941511261861,-0.867256858348901,0,0,0.0,-0.42535065589112697,2.0,1.1659786558570855,-1.335349309233463,-0.00749456660102654,0.11405735223494805,1.6633779198512249,0.5511626972403082,-0.7643451253601753,-0.8971461123477686
-0.4060061820295245,1,3,0,0.9627745589274019,0.9710371913697292,1.7216929575883837,0.006161895890473879,-0.47826758874021197,1,1.3017941511261861,-0.867256858348901,0,0,0.0,-0.42535065589112697,2.0,1.608918093944573,0.30162115096590975,-0.7421739540415617,-0.37232253006184257,-1.0993169324369914,0.7642904809883426,0.7034254727411606,-1.035298068167522
-0.9865202138224924,0,4,4,1.2684424923878046,1.4587651137884492,-0.7155854678068195,-0.8704704927942822,1.4181603467475814,0,0.4108291997139728,0.896459281152263,0,0,0.0,-0.42535065589112697,2.0,-0.30125823280771613,0.7418148881623794,1.2640659116614386,-1.0532543652773503,0.6273673502431437,-0.5144762214998625,1.681939204808718,-0.6899181786181388
0.4647648656599274,2,4,2,-1.010173011589745,-1.169546468134654,0.6075085345505763,-0.8704704927942822,0.17686206170102575,0,-0.48013575169824046,-0.867256858348901,0,0,0.0,-0.42535065589112697,2.0,-0.13515594352490826,0.6042543452884824,0.09140458170827666,0.4892646900067584,0.35109786501432255,0.5511626972403082,-1.0439204773794777,-0.828070134437892
-0.6962631979260084,0,0,2,1.1017145286821302,1.1065171698193732,-0.9941315735662716,-0.8704704927942822,1.1767967913218622,0,-0.48013575169824046,0.30855390131854166,0,0,0.0,-0.42535065589112697,2.0,-0.09363037120420598,0.7143027795876,-0.3465773608043501,1.392541614272228,1.6633779198512249,0.5511626972403082,1.2625761767797654,0.0008416004806267426
1.3355359133493794,2,2,1,0.7960465952217275,0.6187892474006533,0.25932590235126196,0.88279428457523,0.8319917121422635,1,0.4108291997139728,1.4843646609859844,1,0,2.0,0.7658544617882235,2.0,-0.8272488155366071,-0.496229997702692,1.3488366102122695,-1.4979445433772738,0.35109786501432255,-0.44343362691718513,-0.4148759353360481,1.313285180768281
1.6257929292458633,1,1,1,0.33754469503112294,0.4833092689510087,-0.08885672984805312,0.006161895890473879,-1.4782023183610484,1,-1.3711007031104538,-0.27935147851517966,0,0,0.0,-0.42535065589112697,2.0,1.456657662101999,-1.582958286406477,0.8119555193903396,-1.5674273837053865,-0.20144110544332117,-0.15926324858647253,0.7034254727411606,-0.48269024488850887
-0.9865202138224924,2,1,4,0.12913474039903017,-0.1263506340723911,0.9556911667498914,1.759426673259986,-0.030020985806733527,0,1.3017941511261861,1.4843646609859844,0,0,0.0,-0.42535065589112697,2.0,0.930667079373108,0.24659693381635098,1.3347081604537976,-0.7336332997680306,-0.8921148185153751,1.2615886430670897,0.423850120721859,-1.7260578472662873
0.4647648656599274,1,3,3,-0.5794591053500862,-0.4650505801965023,0.9556911667498914,-0.8704704927942822,-0.6851506362479712,1,-0.48013575169824046,0.896459281152263,0,0,0.0,-0.42535065589112697,2.0,0.07247191807860127,0.1778166623794022,-0.6432748057322585,-0.8448058442930114,1.110838949393582,-1.4380299510746777,-0.06540674531192016,0.48437344584976233
0.7550218815564114,2,2,3,-1.7048728603633878,-1.8604943582278408,-1.2726776793257237,1.759426673259986,-0.9609946995916503,0,-0.48013575169824046,0.30855390131854166,1,1,2.0,1.9570595794675738,1.0,0.23857420736140916,1.6634705254174882,-1.0529998487279415,1.7260592478471701,0.7655020928575547,1.1195034539017334,-1.4632835054084306,-0.6899181786181388
-0.11574916613304052,1,3,4,0.04577075854619291,-0.05861064484756911,-0.9941315735662716,0.88279428457523,0.10790104586510599,0,0.4108291997139728,-1.4551622381826224,0,0,0.0,-0.42535065589112697,2.0,-1.0487185345803507,-1.280325092083904,-0.629146355973787,0.9895411403691725,-1.3755864176658126,-1.0117743835786095,-1.7428588574277328,1.5895890924077876
-0.6962631979260084,1,1,4,-1.482568908755822,-1.4946984164138006,-0.7852219942466825,-0.8704704927942822,0.9009527279781833,0,1.3017941511261861,-0.27935147851517966,1,1,2.0,1.9570595794675738,1.0,0.23857420736140916,0.2053287709541816,-1.3920826429312654,-1.5674273837053865,1.0417715780863765,0.7642904809883426,-1.4632835054084306,-1.3116019798070275
0.7550218815564114,2,2,4,0.921092568000983,0.5645972560207955,-0.8548585206865456,1.759426673259986,-0.7196311441659311,1,-0.48013575169824046,-0.867256858348901,0,0,0.0,-0.42535065589112697,2.0,1.5535506641836372,0.16406060809201278,-0.2052928632196317,-1.2339097501304441,1.110838949393582,-0.44343362691718513,0.7034254727411606,-1.035298068167522
0.17450784976344344,1,1,4,1.6713684046765176,1.6619850814629158,-1.342314205765586,-0.8704704927942822,0.969913743814103,1,1.3017941511261861,1.4843646609859844,1,0,2.0,3.1482646971469244,1.0,-1.6577602619506455,-0.9364237348991623,0.4446158256700724,-1.345082294655425,0.6964347215503491,-1.7222003294053903,0.633531634736335,1.1751332249485287
0.7550218815564114,0,1,2,1.129502522633076,0.9168451999898714,0.6075085345505763,1.759426673259986,1.2112772992398222,1,0.4108291997139728,-0.867256858348901,0,0,0.0,-0.42535065589112697,2.0,-1.3117138259447962,-1.1702766577847867,0.06314768219133299,1.6843695436503026,-0.4777105906721423,1.6168016159804797,-1.6030711814180816,1.4514371365880343
1.6257929292458633,0,0,2,-0.45441313257082994,-0.3973105909716803,1.4431468518289317,0.006161895890473879,0.5906281567165443,0,-1.3711007031104538,0.896459281152263,0,0,0.0,-0.42535065589112697,2.0,-1.7131276917115814,0.6180103995758724,-0.36070581056282225,0.933954868106682,1.0417715780863765,-0.23030584316915068,0.8432131487508118,1.1751332249485287
1.3355359133493794,0,3,3,0.28196870712923144,0.09041733144703964,-0.019220203408190112,-0.8704704927942822,-0.9609946995916503,1,1.3017941511261861,0.30855390131854166,0,0,0.0,-0.42535065589112697,2.0,-0.6749883836940336,-0.8538874091748241,-1.6463947385837583,1.2118862294191337,-1.5137211602802234,1.332631237649767,-1.3234958293987793,-1.5188299135366574
-0.11574916613304052,2,2,1,-0.7878690599821789,-1.0069704939950803,0.8164181138701654,0.88279428457523,0.41822561712674494,1,1.3017941511261861,1.4843646609859844,1,1,1.0,0.7658544617882235,3.0,0.017104488317665322,-0.5650102691396408,1.1086529643182481,0.8366788916473235,-0.3395758480577321,1.1905460484844115,1.4722576907942413,0.13899355630038
0.4647648656599274,2,1,1,-0.6072470993010318,-0.7360105370957915,1.4431468518289317,-0.8704704927942822,1.6250433942553408,1,-0.48013575169824046,-0.867256858348901,1,0,0.0,-0.42535065589112697,0.0,-1.519341687548306,0.35664536811546793,1.6031487058647622,0.05847107997245759,-1.5137211602802234,-1.0117743835786095,-0.9041328013698265,-0.5517662227983855
-1.2767772297189763,2,4,3,-1.4686749117803493,-1.3185744444292626,-0.7155854678068195,0.88279428457523,0.8664722200602234,1,-1.3711007031104538,-0.27935147851517966,0,0,0.0,-0.42535065589112697,2.0,1.4151320897812973,0.31537720525329915,-0.2052928632196317,1.5593004310596987,-1.3755864176658126,0.9774182647363772,-0.48476977334087296,0.6916013795793922
-1.5670342456154605,2,2,1,-0.7322930720802874,-0.6547225500260048,-0.22812978272777917,0.88279428457523,1.4181603467475814,0,-1.3711007031104538,1.4843646609859844,0,0,0.0,-0.42535065589112697,2.0,-0.7303558134549689,-0.5650102691396408,0.9532400169750581,-1.2894960223929346,1.1799063207007874,-0.8696891944132532,-1.533177343413256,-1.3116019798070275
0.17450784976344344,2,3,3,-0.17653319306137308,-0.0044186534677112714,0.050416323031672906,1.759426673259986,-1.340280286689209,1,-0.48013575169824046,-0.867256858348901,0,0,0.0,-0.42535065589112697,2.0,-1.477816115227604,-1.1840327120721765,-1.6181378390668149,-0.30283968973372977,-0.5467779619793477,0.48012010265763005,0.14427476870255662,0.34622149003000985
-0.9865202138224924,1,1,1,1.1989725075104405,1.4723131116334134,1.5824199047086578,-0.8704704927942822,-1.6850853658688079,0,1.3017941511261861,1.4843646609859844,0,0,0.0,-0.42535065589112697,2.0,0.0447882031981333,-1.3491053635208525,-1.5616240400329275,-0.20556371327437178,0.8345694641647601,-0.8696891944132532,0.21416860670738222,-0.7589941565280154
-1.2767772297189763,1,2,4,1.4073824621425333,1.1336131655093022,0.050416323031672906,1.759426673259986,-0.20242352539653294,0,1.3017941511261861,0.896459281152263,1,1,0.0,-0.42535065589112697,1.0,-1.0210348196998829,1.058204136772342,-0.5161187579060122,1.7260592478471701,-0.4777105906721423,-0.5144762214998625,0.4937439587266838,1.5895890924077876
-1.2767772297189763,1,3,2,-0.5655651083746129,-0.34311859959182245,1.5127833782687947,-0.8704704927942822,-0.7196311441659311,1,0.4108291997139728,1.4843646609859844,0,0,0.0,-0.42535065589112697,2.0,-1.0764022494608185,0.30162115096590975,-1.6322662888252868,1.142403389091021,-0.7539800759009642,1.687844210563158,1.4722576907942413,0.8297533353991454
-0.6962631979260084,2,1,2,0.921092568000983,1.1471611633542669,-0.6459489413669565,0.006161895890473879,0.24582307753694552,0,1.3017941511261861,0.30855390131854166,1,0,2.0,0.7658544617882235,2.0,0.46004392640515296,1.5534220911183705,-1.5333671405159839,0.33640244128490987,1.4561758059296086,-1.7932429239880685,0.4937439587266838,-0.06823437742924988
-0.4060061820295245,1,0,1,1.435170456093479,1.4723131116334134,-1.342314205765586,0.006161895890473879,1.1078357754859425,1,1.3017941511261861,-0.867256858348901,1,0,2.0,1.9570595794675738,0.0,-0.21820708816631218,0.23284087952896096,-1.180155896554188,0.016781375775590055,1.3180410633151975,0.9774182647363772,-1.4632835054084306,1.2442092028584053
-0.6962631979260084,1,0,1,0.5598486466386889,0.794913219385191,0.6075085345505763,1.759426673259986,-1.7195658737867676,0,0.4108291997139728,1.4843646609859844,0,0,0.0,-0.42535065589112697,2.0,-0.8826162452975431,1.4983978739688117,-1.6605231883422302,1.4064381823378502,-0.4086432193649376,0.7642904809883426,0.5636377967315094,-1.1734500239872752
0.17450784976344344,0,3,3,-1.7326608543143334,-1.4676024207238718,-0.9941315735662716,-0.8704704927942822,1.6595239021733006,1,1.3017941511261861,0.896459281152263,1,1,2.0,1.9570595794675738,3.0,0.5846206433672586,0.09528033665506401,1.518378007313931,-1.6369102240334996,-0.20144110544332117,0.5511626972403082,-0.9740266393746521,0.7606773574892688
-0.9865202138224924,1,1,0,-0.17653319306137308,-0.28892660821196464,-0.8548585206865456,-0.8704704927942822,1.0388747596500227,1,-1.3711007031104538,0.896459281152263,0,0,0.0,-0.42535065589112697,2.0,1.124453083536384,0.7830830510245482,-1.0106144994525263,1.628783271387812,-1.6518559028946345,-0.5855188160825406,-0.8342389633650009,-1.587905891446534
-0.11574916613304052,0,0,1,0.2541807131782857,0.5104052646409376,-1.1334046264459976,-0.8704704927942822,1.3836798388296216,0,-0.48013575169824046,0.30855390131854166,0,0,0.0,-0.42535065589112697,2.0,1.1936623707375535,-0.12481653194317052,0.9532400169750581,-0.011011760355655176,-0.4086432193649376,0.053864535161561936,0.633531634736335,0.7606773574892688
-0.6962631979260084,2,4,0,0.004088767619773978,0.26654130343157795,-0.019220203408190112,-0.8704704927942822,1.5216018705014611,1,-0.48013575169824046,-1.4551622381826224,0,0,0.0,-0.42535065589112697,2.0,-0.7303558134549689,1.6909826339922676,-1.0106144994525263,-0.9698749568836147,0.14389575109270616,1.1905460484844115,0.8432131487508118,0.7606773574892688
1.0452788974528953,1,0,2,-1.663190869436969,-1.386314433654085,-0.5763124149270935,1.759426673259986,-1.6161243500328881,0,0.4108291997139728,0.896459281152263,1,0,1.0,0.7658544617882235,3.0,0.7784066475305345,0.2741090423911304,-1.6463947385837583,-0.4001156661930878,-0.06330636282891022,0.5511626972403082,-0.6944512873553498,1.520513114497911
0.17450784976344344,2,4,3,-0.8851270388104887,-0.7360105370957915,0.8860546403100283,-0.8704704927942822,-1.06443622334553,0,-0.48013575169824046,-0.867256858348901,1,1,0.0,-0.42535065589112697,0.0,1.6504436662652748,-0.08354836908100173,0.9249831174581143,0.9756445723035496,0.00576100847829524,1.0484608593190552,-0.8342389633650009,-1.3116019798070275
-0.9865202138224924,0,0,4,1.532428434921789,1.4994091073233422,0.4682354816708502,-0.8704704927942822,-1.5126828262790084,0,1.3017941511261861,0.896459281152263,1,1,0.0,-0.42535065589112697,0.0,1.04140193889498,0.9619117567606146,0.5576434237378471,-1.3589788627210475,1.7324452911584303,0.9063756701536989,0.8432131487508118,-1.5188299135366574
0.4647648656599274,0,1,2,-0.9407030267123803,-0.722462539250827,0.9556911667498914,0.88279428457523,-1.1333972391814497,1,-1.3711007031104538,0.896459281152263,0,0,0.0,-0.42535065589112697,2.0,0.432360211524685,-1.1565206034973972,-0.5726325569398996,1.600990135256567,0.8345694641647601,0.12490712974424009,-0.8342389633650009,-0.413614266978633
-0.4060061820295245,1,4,4,-0.8295510509085973,-0.8579425177004714,0.6771450609904393,-0.8704704927942822,-0.6161896204120515,1,0.4108291997139728,0.896459281152263,0,0,0.0,-0.42535065589112697,2.0,1.401290232341063,1.5946902539805399,1.1369098638351918,-0.9559783888179924,-0.7539800759009642,1.332631237649767,1.33247001478459,0.48437344584976233
-0.11574916613304052,0,0,2,0.8238345891726733,0.9710371913697292,-0.019220203408190112,0.88279428457523,-1.5471633341969682,1,1.3017941511261861,1.4843646609859844,0,0,0.0,-0.42535065589112697,2.0,0.7091973603293642,-0.8401313548874341,-0.8128162028339205,-1.3728754307866702,0.6273673502431437,0.053864535161561936,-1.0439204773794777,-0.9662220902576453
1.0452788974528953,2,0,2,-0.9268090297369077,-1.0882584810648672,0.328962428791125,0.006161895890473879,0.7630306963063437,1,-0.48013575169824046,0.896459281152263,0,0,0.0,-0.42535065589112697,2.0,0.8752996496121721,0.6180103995758724,0.8543408686657555,-1.0949440694742183,0.21296312239991164,1.1905460484844115,-1.6729650194229073,-1.3116019798070275
-0.9865202138224924,1,2,0,-1.190794972270892,-1.237286457359476,1.3038737989492057,0.88279428457523,0.3147840933728653,1,-0.48013575169824046,-0.867256858348901,0,0,0.0,-0.42535065589112697,2.0,0.7091973603293642,1.443373656819253,0.21856062953452293,-1.0393577972117278,-1.3065190463586072,-0.8696891944132532,-1.3933896674036048,0.06991757839050336
1.3355359133493794,0,0,2,-1.2463709601727833,-0.966326500460187,-0.7155854678068195,0.88279428457523,0.17686206170102575,0,1.3017941511261861,-1.4551622381826224,0,0,0.0,-0.42535065589112697,2.0,0.7368810752098321,-1.6104703949812564,-1.519238690757512,1.587093567190944,-1.444653788973018,0.12490712974424009,0.4937439587266838,1.5895890924077876
1.3355359133493794,0,1,3,0.9627745589274019,0.794913219385191,0.328962428791125,-0.8704704927942822,0.41822561712674494,1,0.4108291997139728,-0.27935147851517966,1,1,0.0,-0.42535065589112697,2.0,0.14168120527977154,0.37040142240285795,0.6000287730132623,-1.0949440694742183,-0.6849127045937586,0.8353330755710208,-1.183708153389129,-0.5517662227983855
-1.5670342456154605,1,3,3,0.6154246345405805,0.3478292905013641,0.6075085345505763,-0.8704704927942822,-1.340280286689209,1,0.4108291997139728,-0.27935147851517966,1,0,0.0,-0.42535065589112697,0.0,-1.1179278217815205,0.5079619652767549,0.8543408686657555,-0.8309092762273885,0.7655020928575547,-0.23030584316915068,-0.7643451253601753,0.06991757839050336
-1.5670342456154605,2,1,1,0.8238345891726733,0.6458852430905822,1.6520564311485209,0.006161895890473879,0.5216671408806246,0,1.3017941511261861,1.4843646609859844,1,1,0.0,-0.42535065589112697,3.0,-1.1456115366619886,1.1682525710714597,-0.6574032554907306,0.9061617319754368,1.110838949393582,0.9063756701536989,-0.4148759353360481,1.520513114497911
-0.6962631979260084,2,3,3,0.6710006224424719,0.8762012064549777,-1.620860311525038,0.88279428457523,-1.5816438421149281,1,-0.48013575169824046,0.30855390131854166,1,1,1.0,1.9570595794675738,3.0,-1.1732952515424566,-0.2898891833918469,-0.38896271007976596,-0.45570193845557827,0.21296312239991164,1.758886805145836,-0.8342389633650009,0.6916013795793922
1.0452788974528953,2,3,4,0.28196870712923144,0.5510492581758313,0.25932590235126196,-0.8704704927942822,0.03894003002918623,0,-0.48013575169824046,0.896459281152263,0,0,0.0,-0.42535065589112697,2.0,1.5673925216238709,1.3608373310949153,-0.00749456660102654,0.5448509622692488,-1.5137211602802234,0.6932478864056645,0.7034254727411606,-0.48269024488850887
0.7550218815564114,0,3,2,0.059664755521665475,0.374925286191293,-0.6459489413669565,-0.8704704927942822,-0.5817091124940916,0,-0.48013575169824046,-0.867256858348901,1,1,2.0,3.1482646971469244,1.0,1.0552437963352137,-1.0327161149108899,0.06314768219133299,0.9061617319754368,-0.8921148185153751,1.4747164268151234,1.2625761767797654,-0.828070134437892
-0.9865202138224924,1,4,2,0.5737426436141615,0.7136252323154042,0.6075085345505763,-0.8704704927942822,1.0388747596500227,0,1.3017941511261861,0.896459281152263,0,0,0.0,-0.42535065589112697,2.0,-0.5227279518514594,0.4116695852650267,-0.38896271007976596,-1.6091170879022543,-0.06330636282891022,-0.23030584316915068,0.9131069867556374,-0.7589941565280154
1.3355359133493794,1,2,4,1.435170456093479,1.4723131116334134,1.3735103253890688,-0.8704704927942822,-0.6506701283300114,0,-0.48013575169824046,-1.4551622381826224,0,0,0.0,-0.42535065589112697,2.0,1.3320809451398934,1.4708857653940324,-0.9117153511432231,-0.4140122342587107,1.6633779198512249,0.19594972432691823,0.004487092692905432,0.0008416004806267426
1.6257929292458633,2,0,4,0.629318631516053,0.6865292366254753,0.18968937591139895,1.759426673259986,1.4526408546655414,1,0.4108291997139728,-0.867256858348901,1,1,2.0,1.9570595794675738,3.0,1.3736065174605956,-1.1565206034973972,0.9673684667335303,0.8783685958441916,-1.0993169324369914,-0.30134843775182885,-0.27508825932639697,0.898829313309022
1.0452788974528953,0,3,1,-0.13485120213495413,-0.22118661898714262,0.18968937591139895,-0.8704704927942822,0.969913743814103,1,-0.48013575169824046,-0.27935147851517966,0,0,0.0,-0.42535065589112697,2.0,1.2351879430582557,-0.6200344862891995,-0.31832046128740643,1.1007136848941528,-1.444653788973018,1.2615886430670897,-0.6245574493505242,-1.7260578472662873
-0.6962631979260084,2,2,0,-0.6350350932519776,-0.35666659743678664,0.398598955230988,1.759426673259986,0.17686206170102575,1,1.3017941511261861,-1.4551622381826224,0,0,0.0,-0.42535065589112697,2.0,-0.21820708816631218,0.6592785624380413,-0.21942131297810386,-1.2478063181960668,1.3180410633151975,-0.30134843775182885,-1.4632835054084306,0.06991757839050336
0.7550218815564114,0,2,2,0.22639271922733997,0.4155692797261867,-1.2726776793257237,-0.8704704927942822,1.0388747596500227,0,-0.48013575169824046,0.896459281152263,0,0,0.0,-0.42535065589112697,2.0,1.595076236504339,-0.771351083450486,0.21856062953452293,-0.6224607552430497,0.8345694641647601,-1.6511577348227122,-1.6030711814180816,1.106057247038652
0.17450784976344344,1,3,3,0.921092568000983,1.1471611633542669,-0.9941315735662716,-0.8704704927942822,0.4871866329626647,1,-0.48013575169824046,-0.27935147851517966,1,0,1.0,0.7658544617882235,2.0,-0.05210479888350432,-0.9089116263243829,-0.4596049588721248,-0.6919435955711624,-0.4777105906721423,-1.7222003294053903,-1.6030711814180816,0.6225254016695156
-1.5670342456154605,2,4,4,1.3240184802896962,1.4587651137884492,-0.3674028356075052,-0.8704704927942822,0.8319917121422635,1,0.4108291997139728,0.30855390131854166,1,0,0.0,-0.42535065589112697,2.0,0.2939416371223451,0.6317664538632618,0.5859003232547908,0.5170578261380036,0.00576100847829524,0.053864535161561936,0.4937439587266838,0.6916013795793922
-1.2767772297189763,2,4,1,-1.7326608543143334,-1.4676024207238718,-0.08885672984805312,0.006161895890473879,-1.4437218104430887,1,-0.48013575169824046,-1.4551622381826224,1,1,2.0,1.9570595794675738,1.0,0.90298336449264,0.1778166623794022,-0.9258438009016953,-1.303392590458557,1.387108434622403,1.4036738322324451,-1.3234958293987793,1.0369812691287754
1.3355359133493794,0,1,4,-0.6211410962765045,-0.7631065327857204,0.398598955230988,-0.8704704927942822,-1.6850853658688079,0,-1.3711007031104538,-0.27935147851517966,0,0,0.0,-0.42535065589112697,2.0,1.691969238585977,-1.115252440635228,1.1792952131106076,1.3369553420097375,0.4892326076287327,-0.017178059421116217,1.6120453668038925,1.6586650703176642
1.3355359133493794,2,0,1,0.51816665571227,0.70007723447044,-0.6459489413669565,-0.8704704927942822,1.004394251732063,0,-0.48013575169824046,0.896459281152263,0,0,0.0,-0.42535065589112697,2.0,0.36315092432351476,1.718494742567047,-1.4627248917236246,1.1562999571566432,-1.3065190463586072,0.5511626972403082,0.4937439587266838,1.3823611586781577
-0.4060061820295245,1,0,3,-0.41273114164441166,-0.42440658666160924,-1.1334046264459976,1.759426673259986,-0.6506701283300114,0,-1.3711007031104538,-1.4551622381826224,1,0,0.0,-0.42535065589112697,0.0,0.7784066475305345,0.10903639094245401,1.3064512609368537,-0.1360808729462584,-1.2374516750514024,1.1905460484844115,-0.7643451253601753,-1.5188299135366574
1.3355359133493794,2,2,2,-1.3436289390010934,-1.603082399173516,1.3735103253890688,-0.8704704927942822,0.969913743814103,0,0.4108291997139728,-0.867256858348901,1,1,2.0,0.7658544617882235,3.0,0.2939416371223451,0.9619117567606146,0.8402124189072834,-0.8031161400961433,-0.6158453332865532,-0.08822065400379436,-1.6729650194229073,-0.6899181786181388
-1.2767772297189763,0,4,1,-1.371416932952039,-1.0747104832199026,-0.15849325628791613,1.759426673259986,-1.5816438421149281,0,-0.48013575169824046,1.4843646609859844,0,0,0.0,-0.42535065589112697,2.0,-0.065946656323738,1.0719601910597316,-0.4596049588721248,-1.5952205198366318,0.21296312239991164,0.6222052918229863,0.8432131487508118,-0.3445382890687564
-0.11574916613304052,0,3,2,0.031876761570719725,0.07686933360207548,-0.2977663091676422,-0.8704704927942822,0.03894003002918623,0,0.4108291997139728,1.4843646609859844,0,0,0.0,-0.42535065589112697,2.0,-0.5504116667319273,0.04025611950550523,-0.7280455042830896,1.4064381823378502,-0.20144110544332117,-0.7276040052478969,-1.183708153389129,0.6225254016695156
1.3355359133493794,2,2,3,1.5185344379463164,1.7161770728427737,1.2342372725093433,-0.8704704927942822,0.8664722200602234,0,0.4108291997139728,-0.867256858348901,1,0,1.0,1.9570595794675738,3.0,1.6366018088250411,0.026500065218115834,0.07727613194980451,-0.8448058442930114,-0.4086432193649376,-1.7222003294053903,0.633531634736335,-0.6208422007082621
-0.11574916613304052,1,4,4,-1.385310929927512,-1.5624384056386227,-0.7155854678068195,-0.8704704927942822,-1.3057997787712492,0,-0.48013575169824046,0.896459281152263,0,0,0.0,-0.42535065589112697,2.0,-0.8272488155366071,0.012744010930725833,-0.1629075139442165,1.072920548762908,1.1799063207007874,-0.7986465998305751,1.1227885007701142,-1.1043740460773985
0.4647648656599274,2,3,4,-0.8851270388104887,-0.722462539250827,1.2342372725093433,-0.8704704927942822,0.7630306963063437,1,1.3017941511261861,0.896459281152263,0,0,0.0,-0.42535065589112697,2.0,-1.1871371089826905,-0.7300829205883166,-0.6574032554907306,-0.2194602813399941,0.5582999789359382,-0.7986465998305751,-1.533177343413256,-0.413614266978633
0.7550218815564114,1,3,1,0.1013467464480844,-0.22118661898714262,0.6075085345505763,-0.8704704927942822,0.3147840933728653,1,0.4108291997139728,-0.27935147851517966,0,0,0.0,-0.42535065589112697,2.0,0.12783934783953724,0.35664536811546793,0.8543408686657555,0.8227823235817011,-1.582788531587429,1.0484608593190552,0.14427476870255662,-0.3445382890687564
0.4647648656599274,2,0,0,-1.2324769631973103,-1.4811504185688362,-0.9244950471264086,-0.8704704927942822,1.1767967913218622,1,-0.48013575169824046,1.4843646609859844,0,0,0.0,-0.42535065589112697,2.0,-1.408606828026434,-1.1702766577847867,-1.2507981453465473,-0.4001156661930878,1.387108434622403,-1.0828169781612877,-0.27508825932639697,-0.6208422007082621
0.17450784976344344,2,0,0,-0.7878690599821789,-1.0069704939950803,-1.760133364404764,-0.8704704927942822,1.3836798388296216,0,-1.3711007031104538,0.896459281152263,1,1,1.0,3.1482646971469244,0.0,-0.7857232432159048,-1.1427645492100074,-1.3779541931727937,1.072920548762908,0.00576100847829524,0.48012010265763005,-0.5546636113456985,0.20806953421025662
0.4647648656599274,0,1,2,0.51816665571227,0.7407212280053331,0.398598955230988,-0.8704704927942822,0.3147840933728653,1,-1.3711007031104538,-0.27935147851517966,1,1,1.0,1.9570595794675738,2.0,-1.450132400347136,-0.5237421062774714,0.34571667736076916,0.2530230328911742,-1.3755864176658126,1.0484608593190552,1.681939204808718,-1.1043740460773985
1.0452788974528953,0,4,2,0.18471072830092164,-0.11280263622742695,-1.1334046264459976,-0.8704704927942822,-0.8575531758377707,0,-0.48013575169824046,0.896459281152263,1,1,2.0,1.9570595794675738,2.0,-0.4396768072100554,-1.0602282234856693,1.0662676150428327,0.4058852816130227,-0.4777105906721423,-0.23030584316915068,1.1227885007701142,-0.5517662227983855
-0.9865202138224924,1,4,2,1.4212764591180058,1.4723131116334134,-0.5763124149270935,-0.8704704927942822,-1.2023582550173695,1,1.3017941511261861,-0.867256858348901,0,0,0.0,-0.42535065589112697,2.0,0.7507229326500665,1.113228353921901,0.868469318424227,-1.5952205198366318,0.6273673502431437,-0.017178059421116217,0.2840624447122078,-0.413614266978633
0.7550218815564114,0,2,0,0.5876366405896347,0.5239532624859023,1.2342372725093433,-0.8704704927942822,1.280238315075742,1,-0.48013575169824046,-0.867256858348901,1,1,2.0,1.9570595794675738,1.0,1.595076236504339,-1.4729098521073598,-0.629146355973787,1.5176107268628312,1.387108434622403,1.2615886430670897,-0.6944512873553498,1.1751332249485287
0.17450784976344344,1,0,3,0.407014679908487,0.5781452538657602,0.6771450609904393,1.759426673259986,1.1423162834039025,1,-0.48013575169824046,-1.4551622381826224,0,0,0.0,-0.42535065589112697,2.0,0.10015563295906926,0.6730346167254313,-0.02162301635949807,-0.24725341747123933,1.7324452911584303,-1.295944761909322,0.3539562827170334,1.313285180768281
0.17450784976344344,0,2,3,-0.09316921120853583,-0.24828261467707155,-1.690496837964901,-0.8704704927942822,1.6250433942553408,1,-1.3711007031104538,-0.27935147851517966,1,0,0.0,-0.42535065589112697,1.0,-1.7131276917115814,0.026500065218115834,1.4477357585215722,1.3091622058784924,-1.6518559028946345,0.053864535161561936,-1.7428588574277328,0.9679052912188987
-1.2767772297189763,1,0,0,-0.9823850176387992,-1.1289024745997605,-0.7155854678068195,-0.8704704927942822,1.1078357754859425,0,0.4108291997139728,0.30855390131854166,0,0,0.0,-0.42535065589112697,2.0,0.432360211524685,0.1503045538046228,-1.7876792361684768,-0.330632825864975,1.387108434622403,1.4036738322324451,-1.0439204773794777,-0.413614266978633
-0.6962631979260084,1,3,1,1.1850785105349673,1.1336131655093022,1.5127833782687947,1.759426673259986,1.5216018705014611,1,1.3017941511261861,-0.867256858348901,1,1,0.0,-0.42535065589112697,1.0,0.34930906688328106,-1.6379825035560358,1.6172771556232344,-0.6502538913742949,-0.8921148185153751,-0.08822065400379436,0.14427476870255662,0.898829313309022
0.7550218815564114,1,2,3,1.0739265347311844,1.2961891396488756,-0.08885672984805312,0.006161895890473879,-0.2369040333144928,0,1.3017941511261861,-0.27935147851517966,1,0,0.0,-0.42535065589112697,0.0,0.5292532136063226,1.6497144711300988,-1.5757524897913995,-0.3167362577993521,1.1799063207007874,-0.30134843775182885,-0.8342389633650009,1.7277410482275408
-0.9865202138224924,1,0,3,1.574110425848208,1.7161770728427737,-0.08885672984805312,1.759426673259986,0.7630306963063437,1,0.4108291997139728,-0.867256858348901,0,0,0.0,-0.42535065589112697,2.0,-1.0764022494608185,0.9206435938984452,-0.5867610066983711,0.15574705643181622,0.35109786501432255,0.33803491349227455,0.7733193107459861,0.553449423759639
-0.6962631979260084,2,3,2,-1.4547809148048763,-1.575986403483587,-0.3674028356075052,1.759426673259986,-0.40930657290429223,1,1.3017941511261861,-0.867256858348901,0,0,0.0,-0.42535065589112697,2.0,-0.27357451792724813,1.6772265797048782,-0.8128162028339205,0.15574705643181622,0.8345694641647601,-1.7222003294053903,1.4023638527894158,-0.413614266978633
1.0452788974528953,0,2,0,-1.385310929927512,-1.1966424638245825,1.6520564311485209,1.759426673259986,0.9354332358961431,0,-1.3711007031104538,-0.27935147851517966,1,1,0.0,-0.42535065589112697,3.0,-1.6854439768311136,0.4804498567019755,-1.34969729365585,1.1701965252222661,0.972704206779171,-0.017178059421116217,-0.9740266393746521,0.48437344584976233
1.6257929292458633,1,4,1,-0.4405191355953574,-0.5598865651112538,1.1646007460694805,0.88279428457523,-0.09898200164265329,1,0.4108291997139728,0.896459281152263,0,0,0.0,-0.42535065589112697,2.0,0.14168120527977154,1.718494742567047,0.11966148122522034,-0.23335684940561702,1.387108434622403,-0.9407317889959314,-1.3933896674036048,0.48437344584976233
-1.2767772297189763,1,2,4,-1.482568908755822,-1.6708223883983384,-0.6459489413669565,-0.8704704927942822,-0.8575531758377707,0,1.3017941511261861,0.30855390131854166,0,0,0.0,-0.42535065589112697,2.0,-1.2701882536240943,0.37040142240285795,0.7554417203564523,-0.011011760355655176,-0.8921148185153751,0.4090775080749527,0.14427476870255662,-1.1043740460773985
0.17450784976344344,2,4,2,1.6435804107255718,1.3503811310287335,-0.3674028356075052,-0.8704704927942822,1.2112772992398222,1,1.3017941511261861,0.896459281152263,1,0,0.0,-0.42535065589112697,3.0,0.8199322198512361,1.3883494396696943,-1.6181378390668149,-0.10828773681501318,0.8345694641647601,0.2669923189095964,-1.1138143153843032,-0.5517662227983855
1.6257929292458633,2,2,1,0.44869667083490594,0.1717053185168264,-0.4370393620473682,-0.8704704927942822,0.8319917121422635,1,0.4108291997139728,0.30855390131854166,0,0,0.0,-0.42535065589112697,2.0,0.2939416371223451,-1.5554461778316977,0.7413132705979808,0.6421269387286074,-0.4777105906721423,-0.30134843775182885,1.4722576907942413,-1.6569818693564107
-0.9865202138224924,2,2,3,1.4629584500444248,1.1471611633542669,0.25932590235126196,0.88279428457523,-1.2023582550173695,1,0.4108291997139728,0.896459281152263,0,0,0.0,-0.42535065589112697,2.0,1.719652953466445,0.054012173792895225,1.4901211077969874,1.045127412631663,1.0417715780863765,-0.23030584316915068,-0.4148759353360481,-1.035298068167522
1.0452788974528953,0,0,1,0.9627745589274019,0.659433240935547,1.5824199047086578,1.759426673259986,-1.4437218104430887,1,-1.3711007031104538,-0.27935147851517966,0,0,0.0,-0.42535065589112697,2.0,-1.491657972667838,1.182008625358849,-0.5585041071814274,-0.23335684940561702,1.1799063207007874,-1.4380299510746777,-0.48476977334087296,1.5895890924077876
1.0452788974528953,2,2,3,0.8794105770745647,0.6865292366254753,-1.5512237850851749,-0.8704704927942822,-0.030020985806733527,1,1.3017941511261861,0.30855390131854166,0,0,0.0,-0.42535065589112697,2.0,0.9168252219328743,-0.37242550911618505,0.6989279213225649,0.3225058732192876,0.7655020928575547,-1.580115140240034,-1.6030711814180816,-0.413614266978633
1.0452788974528953,2,0,3,-1.2463709601727833,-1.2508344552044404,0.6075085345505763,-0.8704704927942822,1.2112772992398222,0,-0.48013575169824046,-0.867256858348901,1,0,0.0,-0.42535065589112697,3.0,1.124453083536384,1.3470812768075255,1.4194788590046286,0.07236764803808052,0.6273673502431437,0.4090775080749527,-0.6944512873553498,-0.7589941565280154
-1.2767772297189763,2,1,0,-0.9823850176387992,-1.1289024745997605,1.5824199047086578,-0.8704704927942822,0.8319917121422635,1,-0.48013575169824046,-0.27935147851517966,0,0,0.0,-0.42535065589112697,2.0,0.10015563295906926,-1.417885634957801,-0.177035963702688,1.1701965252222661,-1.030249561129786,-1.4380299510746777,-0.6245574493505242,-0.413614266978633
0.4647648656599274,0,3,2,0.01798276459524716,-0.3024746060569294,-1.5512237850851749,-0.8704704927942822,-1.1333972391814497,1,1.3017941511261861,0.30855390131854166,0,0,0.0,-0.42535065589112697,2.0,0.16936492016023952,-0.8676434634622135,0.020762332915917142,-1.6091170879022543,-0.20144110544332117,0.2669923189095964,-1.1138143153843032,-0.828070134437892
1.0452788974528953,1,1,0,0.698788616393417,0.7271732301603689,-0.6459489413669565,1.759426673259986,1.245757807157782,1,-0.48013575169824046,1.4843646609859844,0,0,0.0,-0.42535065589112697,2.0,1.5535506641836372,1.2232767882210185,0.9814969164920018,1.6148867033221892,-0.8921148185153751,0.4090775080749527,1.33247001478459,0.4152974679398865
0.7550218815564114,2,4,4,-1.3992049269029847,-1.3185744444292626,1.6520564311485209,-0.8704704927942822,-0.754111652083891,1,1.3017941511261861,-0.27935147851517966,0,0,0.0,-0.42535065589112697,2.0,1.2351879430582557,0.23284087952896096,-1.5051102409990402,1.2674725016816242,0.14389575109270616,-0.30134843775182885,-0.5546636113456985,-1.3806779577169042
0.4647648656599274,0,1,4,1.0461385407802386,0.8220092150751199,-1.342314205765586,-0.8704704927942822,-0.9265141916736904,0,-0.48013575169824046,0.30855390131854166,0,0,0.0,-0.42535065589112697,2.0,-0.24589080304678018,0.4942059109893649,-0.8128162028339205,-0.539081346849314,-1.3065190463586072,-0.30134843775182885,0.2840624447122078,-1.3116019798070275
1.3355359133493794,0,0,3,1.212866504485913,1.1878051568891599,-0.5066758884872304,-0.8704704927942822,0.969913743814103,0,1.3017941511261861,0.896459281152263,1,0,1.0,3.1482646971469244,3.0,0.8891415070524064,-1.2528129835091246,1.5890202561062907,1.239679365550379,0.21296312239991164,1.4036738322324451,-0.4148759353360481,-1.587905891446534
0.17450784976344344,0,1,2,-0.19042719003684563,0.009129344377252888,-0.7852219942466825,1.759426673259986,-1.340280286689209,1,0.4108291997139728,1.4843646609859844,1,1,1.0,3.1482646971469244,3.0,-0.30125823280771613,-1.1427645492100074,-1.5474955902744558,-0.8725989804242567,-1.5137211602802234,0.4090775080749527,1.0528946627652886,-0.5517662227983855
0.4647648656599274,2,0,4,-1.5520388936331864,-1.386314433654085,-1.5512237850851749,-0.8704704927942822,-0.7196311441659311,1,-0.48013575169824046,0.30855390131854166,0,0,0.0,-0.42535065589112697,2.0,0.7368810752098321,-1.5279340692569185,-0.3041920115289349,-0.8587024123586338,0.9036368354719655,1.332631237649767,-0.7643451253601753,-1.3806779577169042
0.17450784976344344,1,0,2,-1.385310929927512,-1.2237384595145115,0.12005284947153592,-0.8704704927942822,1.0733552675679827,0,-0.48013575169824046,-1.4551622381826224,1,0,2.0,1.9570595794675738,0.0,-1.1456115366619886,-1.1290084949226178,-1.1377705472787727,0.9617480042379273,-1.5137211602802234,1.758886805145836,0.07438093069773102,0.13899355630038
0.4647648656599274,2,2,0,0.6571066254669987,0.659433240935547,-0.6459489413669565,-0.8704704927942822,-0.6851506362479712,1,-1.3711007031104538,0.896459281152263,0,0,0.0,-0.42535065589112697,2.0,-0.21820708816631218,-0.509986051990082,-1.5051102409990402,-1.0532543652773503,-1.0993169324369914,0.6932478864056645,-0.34498209733122254,0.9679052912188987
1.0452788974528953,0,4,3,-1.079642996467109,-1.0882584810648672,0.8164181138701654,-0.8704704927942822,-0.9954752075096102,1,0.4108291997139728,0.896459281152263,0,0,0.0,-0.42535065589112697,2.0,0.8060903624110024,-0.7851071377378753,0.2044321797760514,-0.8448058442930114,1.1799063207007874,-0.08822065400379436,0.4937439587266838,1.0369812691287754
0.7550218815564114,1,2,2,-0.4266251386198842,-0.35666659743678664,-0.7155854678068195,0.006161895890473879,0.9354332358961431,1,-1.3711007031104538,-0.27935147851517966,1,1,2.0,0.7658544617882235,2.0,1.456657662101999,-0.8676434634622135,-0.9682291501771105,0.08626421610370281,0.9036368354719655,-0.23030584316915068,0.4937439587266838,-0.1373103553391265
-1.2767772297189763,1,0,0,-1.482568908755822,-1.169546468134654,1.5127833782687947,-0.8704704927942822,1.1078357754859425,1,0.4108291997139728,0.30855390131854166,0,0,0.0,-0.42535065589112697,2.0,1.0275600814547463,-0.5925223777144202,-0.5585041071814274,-0.5251847787836916,0.00576100847829524,0.6932478864056645,0.9830008247604629,-0.3445382890687564
1.6257929292458633,0,3,0,0.2541807131782857,0.13106132498193332,0.5378720081107132,-0.8704704927942822,-1.4782023183610484,1,0.4108291997139728,-1.4551622381826224,0,0,0.0,-0.42535065589112697,2.0,0.25241606480164347,0.9068875396110557,0.2044321797760514,0.933954868106682,-1.3755864176658126,1.332631237649767,0.14427476870255662,-1.587905891446534
1.6257929292458633,0,2,1,1.3240184802896962,1.580697094393129,1.2342372725093433,0.006161895890473879,0.10790104586510599,1,1.3017941511261861,-0.27935147851517966,1,0,2.0,0.7658544617882235,0.0,-0.024421084003036338,-1.280325092083904,1.4618642082800437,-0.5807710510461821,-1.030249561129786,-0.08822065400379436,-1.6030711814180816,-0.828070134437892
1.6257929292458633,0,0,3,-1.3019469480746746,-1.0069704939950803,1.3038737989492057,0.88279428457523,0.8664722200602234,1,0.4108291997139728,0.896459281152263,0,0,0.0,-0.42535065589112697,2.0,-0.9518255324987127,0.2053287709541816,-0.40309115983823746,0.9756445723035496,1.2489736920079928,-0.5855188160825406,0.5636377967315094,0.13899355630038
-0.11574916613304052,2,4,1,1.129502522633076,0.9710371913697292,1.5824199047086578,0.006161895890473879,-0.8230726679198108,1,0.4108291997139728,0.30855390131854166,0,0,0.0,-0.42535065589112697,2.0,-0.5365698092916936,-1.3078372006586834,-0.1346506144272728,-0.30283968973372977,0.7655020928575547,1.6168016159804797,0.9131069867556374,-1.1043740460773985
-0.6962631979260084,0,0,0,-0.24600317793873713,-0.16699462760728478,0.5378720081107132,-0.8704704927942822,-0.754111652083891,1,1.3017941511261861,-0.867256858348901,1,1,0.0,-0.42535065589112697,0.0,-0.5780953816123953,0.2741090423911304,-0.9682291501771105,1.072920548762908,0.972704206779171,-0.7276040052478969,0.633531634736335,0.6916013795793922
-0.4060061820295245,0,0,0,-0.8990210357859619,-0.7360105370957915,-0.3674028356075052,-0.8704704927942822,0.4527061250447048,1,1.3017941511261861,0.896459281152263,1,1,2.0,1.9570595794675738,1.0,-1.6577602619506455,-0.9364237348991623,0.6847994715640934,-0.6502538913742949,1.4561758059296086,0.7642904809883426,-0.7643451253601753,0.06991757839050336
-1.5670342456154605,0,1,0,-1.079642996467109,-0.8714905155454358,-0.019220203408190112,-0.8704704927942822,0.3147840933728653,1,1.3017941511261861,0.896459281152263,0,0,0.0,-0.42535065589112697,2.0,1.719652953466445,0.30162115096590975,-0.7280455042830896,0.6421269387286074,1.1799063207007874,-1.1538595727439658,-0.13530058331674574,-0.6208422007082621
-0.4060061820295245,2,0,3,0.9627745589274019,0.7136252323154042,1.0253276931897544,0.88279428457523,0.07342053794714612,1,0.4108291997139728,-0.867256858348901,0,0,0.0,-0.42535065589112697,2.0,-0.937983675058479,0.06776822808028461,-0.3748342603212938,-0.6641504594399171,-1.5137211602802234,0.053864535161561936,1.1227885007701142,1.2442092028584053
-0.11574916613304052,1,3,3,-1.190794972270892,-0.8172985241655782,1.0253276931897544,-0.8704704927942822,0.03894003002918623,0,1.3017941511261861,0.896459281152263,0,0,0.0,-0.42535065589112697,2.0,1.1521367984168518,0.012744010930725833,-1.4768533414820966,0.4475749858098908,0.6273673502431437,0.4090775080749527,1.0528946627652886,0.8297533353991454
-0.6962631979260084,2,2,2,-0.3849431476934659,-0.4650505801965023,1.5127833782687947,-0.8704704927942822,-1.7195658737867676,0,-1.3711007031104538,0.896459281152263,0,0,0.0,-0.42535065589112697,2.0,0.1832067776004732,1.5396660368309811,-1.4627248917236246,0.8227823235817011,1.110838949393582,0.6932478864056645,-0.4148759353360481,-0.413614266978633
-0.11574916613304052,1,0,4,1.1989725075104405,1.3503811310287335,-0.6459489413669565,1.759426673259986,0.6940696804704239,0,0.4108291997139728,0.30855390131854166,0,0,0.0,-0.42535065589112697,2.0,-0.17668151584560993,-1.0739842777730588,-1.180155896554188,-0.2194602813399941,0.9036368354719655,1.1905460484844115,1.681939204808718,-1.4497539356267808
-0.4060061820295245,1,4,2,0.8099405921972,0.8762012064549777,-1.481587258645312,-0.8704704927942822,0.3147840933728653,1,-1.3711007031104538,-0.27935147851517966,1,1,2.0,0.7658544617882235,1.0,-0.24589080304678018,-1.115252440635228,1.5890202561062907,-1.3172891585241797,1.6633779198512249,1.1905460484844115,-0.27508825932639697,0.8297533353991454
-1.2767772297189763,0,1,3,0.12913474039903017,0.06332133575711073,0.18968937591139895,0.006161895890473879,1.5216018705014611,1,-0.48013575169824046,-0.27935147851517966,1,1,0.0,-0.42535065589112697,3.0,-0.1905233732858442,-0.001012043356663557,-0.2759351120119912,0.18354019256306145,1.3180410633151975,0.48012010265763005,0.7733193107459861,0.34622149003000985
-1.5670342456154605,2,4,2,0.2680747101537589,0.5916932517107244,1.7216929575883837,0.88279428457523,-0.754111652083891,1,-0.48013575169824046,-0.867256858348901,0,0,0.0,-0.42535065589112697,2.0,-0.35662566256865147,0.2053287709541816,-0.38896271007976596,-0.8587024123586338,-0.6158453332865532,-0.9407317889959314,-0.8342389633650009,-1.3806779577169042
0.17450784976344344,2,0,3,-0.17653319306137308,-0.08570664053749803,1.6520564311485209,0.88279428457523,0.14238155378306588,0,-0.48013575169824046,-1.4551622381826224,0,0,0.0,-0.42535065589112697,2.0,-1.2148208238631582,1.2095207339336285,-0.9399722506601669,1.5454038629940765,-0.9611821898225805,0.8353330755710208,-1.533177343413256,0.4152974679398865
0.4647648656599274,0,2,4,0.5876366405896347,0.4833092689510087,1.4431468518289317,-0.8704704927942822,1.1767967913218622,0,0.4108291997139728,-0.27935147851517966,1,1,0.0,-0.42535065589112697,2.0,-1.3255556833850302,1.1269844082092904,-0.9399722506601669,0.12795392030057098,0.35109786501432255,-0.5144762214998625,0.5636377967315094,-0.828070134437892
1.0452788974528953,0,2,1,0.4209086768839602,0.70007723447044,-0.5763124149270935,0.006161895890473879,1.0388747596500227,0,1.3017941511261861,0.896459281152263,0,0,0.0,-0.42535065589112697,2.0,1.6504436662652748,-0.5237421062774714,-0.8975869013847516,-0.9142886846211242,-1.168384303744197,1.758886805145836,-0.6944512873553498,-0.3445382890687564
-1.2767772297189763,1,2,2,-0.5377771144236672,-0.42440658666160924,-0.7852219942466825,-0.8704704927942822,-1.6850853658688079,1,0.4108291997139728,0.30855390131854166,0,0,0.0,-0.42535065589112697,2.0,0.8752996496121721,-1.2115448206469557,1.5042495575554595,-1.0949440694742183,-0.4086432193649376,-1.0828169781612877,-0.7643451253601753,0.898829313309022
-0.11574916613304052,0,0,2,1.574110425848208,1.607793090083058,-0.15849325628791613,-0.8704704927942822,-1.2713192708532892,0,1.3017941511261861,1.4843646609859844,0,0,0.0,-0.42535065589112697,2.0,-0.2043652307260779,-0.06979231479361173,1.3629650599707412,0.3641955774161551,1.3180410633151975,-0.017178059421116217,-1.0439204773794777,0.7606773574892688
0.17450784976344344,0,4,4,-0.39883714466893844,-0.5327905694213249,-0.2977663091676422,-0.8704704927942822,-0.3748260649863323,1,-1.3711007031104538,0.896459281152263,0,0,0.0,-0.42535065589112697,2.0,0.5984625008074929,0.31537720525329915,0.47287272518701606,1.6565764075190574,0.6964347215503491,0.48012010265763005,0.423850120721859,-0.3445382890687564
0.4647648656599274,1,3,1,-1.260264957148256,-1.386314433654085,0.4682354816708502,-0.8704704927942822,-0.030020985806733527,1,-1.3711007031104538,1.4843646609859844,0,0,0.0,-0.42535065589112697,2.0,0.47388578384538665,-0.5925223777144202,-0.8410731023508643,0.3641955774161551,-1.6518559028946345,-0.9407317889959314,-0.5546636113456985,0.6916013795793922
-1.2767772297189763,2,2,0,-1.2185829662218377,-1.1018064789098316,-1.620860311525038,-0.8704704927942822,-1.4092413025251287,0,0.4108291997139728,-0.867256858348901,0,0,0.0,-0.42535065589112697,2.0,0.0032626308774316402,0.012744010930725833,1.4477357585215722,-0.6919435955711624,-0.5467779619793477,0.5511626972403082,0.9830008247604629,0.6916013795793922
-0.11574916613304052,0,2,2,1.4212764591180058,1.4723131116334134,0.050416323031672906,-0.8704704927942822,0.34926460129082515,1,-1.3711007031104538,-0.867256858348901,0,0,0.0,-0.42535065589112697,2.0,0.7368810752098321,0.5217180195641443,-0.954100700418639,-1.5535308156397638,-0.8230474472081696,1.687844210563158,-1.1138143153843032,-0.1373103553391265
1.3355359133493794,1,2,2,1.2684424923878046,1.0794211741294444,-1.690496837964901,0.88279428457523,0.8319917121422635,1,-1.3711007031104538,-0.27935147851517966,0,0,0.0,-0.42535065589112697,2.0,-0.8134069580963729,-0.2348649662422881,1.1651667633521354,-0.5668744829805592,1.3180410633151975,-0.5144762214998625,-0.48476977334087296,-0.6899181786181388
0.17450784976344344,1,1,3,1.351806474240642,1.1471611633542669,-0.9244950471264086,1.759426673259986,0.3147840933728653,1,1.3017941511261861,-0.867256858348901,1,1,1.0,1.9570595794675738,3.0,0.14168120527977154,-0.4412057805531332,0.19030373001757925,-0.09439116874939087,-0.06330636282891022,0.9063756701536989,0.07438093069773102,-0.6208422007082621
-0.9865202138224924,0,3,1,0.6710006224424719,0.4426652754161156,1.3735103253890688,1.759426673259986,-0.788592160001851,1,0.4108291997139728,-0.27935147851517966,1,0,0.0,-0.42535065589112697,2.0,0.5846206433672586,0.8793754310362764,-0.2759351120119912,-0.42790880232433304,0.7655020928575547,-1.0117743835786095,-1.7428588574277328,-0.06823437742924988
-0.11574916613304052,2,1,2,-0.4266251386198842,-0.27537861036700045,0.9556911667498914,0.88279428457523,0.4527061250447048,0,-0.48013575169824046,0.896459281152263,0,0,0.0,-0.42535065589112697,2.0,-1.2286626813033923,-0.7025708120135371,0.38810202663618504,0.8366788916473235,-1.582788531587429,0.12490712974424009,0.21416860670738222,-1.4497539356267808
0.7550218815564114,2,2,1,-0.39883714466893844,-0.7089145414058626,-0.9244950471264086,-0.8704704927942822,-0.6506701283300114,0,-0.48013575169824046,1.4843646609859844,0,0,0.0,-0.42535065589112697,2.0,-1.408606828026434,0.6730346167254313,-0.9117153511432231,-0.45570193845557827,-0.06330636282891022,1.0484608593190552,-1.183708153389129,-1.3806779577169042
-0.4060061820295245,0,0,0,-0.7322930720802874,-0.4650505801965023,0.4682354816708502,-0.8704704927942822,-0.6161896204120515,1,-0.48013575169824046,0.30855390131854166,0,0,0.0,-0.42535065589112697,2.0,0.47388578384538665,0.989423865335394,0.8402124189072834,0.8088857555160782,-1.5137211602802234,0.9774182647363772,0.004487092692905432,0.48437344584976233
1.0452788974528953,2,3,3,-1.371416932952039,-1.169546468134654,1.1646007460694805,0.88279428457523,-1.1678777470994095,0,1.3017941511261861,-0.867256858348901,0,0,0.0,-0.42535065589112697,2.0,0.5984625008074929,-0.09730442336839112,-1.109513647761829,1.392541614272228,0.6273673502431437,-1.224902167326644,0.7034254727411606,0.8297533353991454
-0.6962631979260084,2,2,4,1.2962304863387504,1.2419971482690177,0.25932590235126196,0.006161895890473879,-0.6161896204120515,0,-1.3711007031104538,-0.27935147851517966,1,0,2.0,3.1482646971469244,1.0,1.678127381145743,-1.5967143406938669,-1.6605231883422302,-0.20556371327437178,0.5582999789359382,-0.44343362691718513,1.7518330428135438,-1.035298068167522
1.0452788974528953,1,2,1,-1.6215088785105505,-1.6979183840882672,-1.620860311525038,-0.8704704927942822,-1.1678777470994095,1,-1.3711007031104538,0.30855390131854166,0,0,0.0,-0.42535065589112697,2.0,-1.53318354498854,0.5492301281389237,-0.5585041071814274,1.5315072949284536,1.1799063207007874,-0.372391032334507,1.7518330428135438,-1.5188299135366574
-1.5670342456154605,1,0,0,1.0461385407802386,0.9710371913697292,-1.620860311525038,-0.8704704927942822,-0.5817091124940916,1,-0.48013575169824046,-1.4551622381826224,0,0,0.0,-0.42535065589112697,2.0,0.404676496644217,-0.8951555720369929,0.7413132705979808,0.41978184967864557,0.8345694641647601,0.8353330755710208,-1.0439204773794777,-1.7260578472662873
0.7550218815564114,2,1,0,-0.9545970236878534,-0.6005305586461469,-0.2977663091676422,0.006161895890473879,0.9354332358961431,0,0.4108291997139728,0.896459281152263,0,0,0.0,-0.42535065589112697,2.0,0.5846206433672586,0.3979135309776373,1.4901211077969874,0.10016078416932575,-0.06330636282891022,-1.0117743835786095,0.9131069867556374,-1.2425260018971518
-1.2767772297189763,2,2,3,0.39312068293301444,0.5781452538657602,-0.9244950471264086,-0.8704704927942822,-0.34034555706837244,0,-1.3711007031104538,-0.867256858348901,1,0,0.0,-0.42535065589112697,2.0,-0.8272488155366071,1.0719601910597316,0.020762332915917142,-0.1221843048806361,0.7655020928575547,0.33803491349227455,1.681939204808718,0.2771455121201332
0.17450784976344344,1,1,1,0.14302873737450272,-0.05861064484756911,0.398598955230988,-0.8704704927942822,1.5216018705014611,1,-1.3711007031104538,0.30855390131854166,0,0,0.0,-0.42535065589112697,2.0,1.4704995195422332,-1.6379825035560358,0.4870011749454876,1.6843695436503026,-1.0993169324369914,-0.23030584316915068,0.7034254727411606,0.48437344584976233
-0.4060061820295245,0,1,2,-0.17653319306137308,-0.49214657588643124,-0.7155854678068195,-0.8704704927942822,-0.754111652083891,1,1.3017941511261861,-0.867256858348901,0,0,0.0,-0.42535065589112697,2.0,-0.5227279518514594,-0.8813995177496035,0.5576434237378471,-0.38621909812746547,0.4892326076287327,0.9774182647363772,0.9131069867556374,-0.413614266978633
-0.9865202138224924,2,1,3,-1.663190869436969,-1.4540544228789072,0.12005284947153592,0.88279428457523,1.4181603467475814,1,0.4108291997139728,0.896459281152263,0,0,0.0,-0.42535065589112697,2.0,-1.1456115366619886,-0.4549618348405232,0.17617528025910772,0.586540666466117,-0.5467779619793477,0.5511626972403082,1.542151528799067,0.553449423759639
-0.4060061820295245,1,0,1,1.1572905165840217,1.1336131655093022,-1.481587258645312,-0.8704704927942822,-1.3057997787712492,1,-1.3711007031104538,-0.27935147851517966,0,0,0.0,-0.42535065589112697,2.0,0.34930906688328106,0.08152428236767462,0.7271848208395086,-1.5535308156397638,0.21296312239991164,-1.3669873564919994,-0.6245574493505242,0.553449423759639
0.7550218815564114,2,2,1,-0.4960951234972489,-0.4650505801965023,1.3735103253890688,0.006161895890473879,-0.3748260649863323,0,1.3017941511261861,1.4843646609859844,0,0,0.0,-0.42535065589112697,2.0,-0.6334628113733313,-0.7163268663009271,-0.07813681539338543,-1.0393577972117278,-0.1323737341361157,0.9063756701536989,1.1926823387749397,-0.413614266978633
1.0452788974528953,1,2,2,-0.2598971749142103,-0.505694573731396,1.5824199047086578,1.759426673259986,1.1767967913218622,0,-1.3711007031104538,0.896459281152263,0,0,0.0,-0.42535065589112697,2.0,0.4185183540844507,0.2741090423911304,-1.0953851980033573,1.072920548762908,-1.582788531587429,1.0484608593190552,-1.6729650194229073,0.553449423759639
-0.11574916613304052,0,1,1,-1.079642996467109,-0.9934224961501159,0.18968937591139895,-0.8704704927942822,0.5216671408806246,1,0.4108291997139728,-0.27935147851517966,1,1,0.0,-0.42535065589112697,2.0,-0.937983675058479,-1.239056929221735,-0.5867610066983711,1.5315072949284536,-1.582788531587429,1.2615886430670897,-0.34498209733122254,0.20806953421025662
0.7550218815564114,1,3,0,-0.41273114164441166,-0.49214657588643124,0.9556911667498914,0.88279428457523,0.5561476487985845,0,-1.3711007031104538,1.4843646609859844,0,0,0.0,-0.42535065589112697,2.0,0.9445089368133424,0.9619117567606146,-0.9964860496940542,-1.0810475014085956,1.4561758059296086,-1.6511577348227122,0.8432131487508118,-1.587905891446534
0.4647648656599274,0,3,2,1.3934884651670603,1.4994091073233422,-1.481587258645312,-0.8704704927942822,-0.8575531758377707,1,0.4108291997139728,-0.867256858348901,1,0,0.0,-0.42535065589112697,3.0,0.5707787859270249,-1.0052040063361105,-0.5585041071814274,1.03123084456604,0.4892326076287327,-0.6565614106652188,0.5636377967315094,0.898829313309022
-1.2767772297189763,1,0,1,-0.9129150327614345,-0.546338567266289,1.0253276931897544,-0.8704704927942822,0.6940696804704239,0,-0.48013575169824046,0.30855390131854166,0,0,0.0,-0.42535065589112697,2.0,1.1106112260961496,-0.38618156340357446,-1.109513647761829,0.3502990093505328,1.110838949393582,-1.6511577348227122,0.3539562827170334,0.48437344584976233
-0.4060061820295245,0,0,0,-0.20432118701231883,-0.0044186534677112714,-0.7155854678068195,0.88279428457523,1.314718822993702,1,1.3017941511261861,-0.867256858348901,0,0,0.0,-0.42535065589112697,2.0,1.3459228025801278,-1.1565206034973972,1.3205797106953259,1.3091622058784924,-0.1323737341361157,-0.017178059421116217,-0.6944512873553498,1.7277410482275408
0.4647648656599274,2,2,4,-0.2598971749142103,-0.3295706017468583,-1.620860311525038,-0.8704704927942822,1.245757807157782,1,-1.3711007031104538,-1.4551622381826224,0,0,0.0,-0.42535065589112697,2.0,-1.2701882536240943,0.4666938024145855,0.5859003232547908,0.586540666466117,-0.20144110544332117,0.6222052918229863,-0.9041328013698265,0.34622149003000985
-1.2767772297189763,1,4,4,-0.6350350932519776,-0.8037505263206138,-1.481587258645312,-0.8704704927942822,0.5906281567165443,1,-1.3711007031104538,0.896459281152263,0,0,0.0,-0.42535065589112697,2.0,1.1936623707375535,0.054012173792895225,0.9532400169750581,-0.5668744829805592,1.110838949393582,-0.372391032334507,0.21416860670738222,-1.1043740460773985
-0.9865202138224924,0,3,3,-0.8017630569576515,-0.6411745521810406,-0.019220203408190112,0.88279428457523,-1.7195658737867676,1,0.4108291997139728,-1.4551622381826224,0,0,0.0,-0.42535065589112697,2.0,0.0586300606383676,1.044448082484952,-0.417219609596709,-0.7614264358992757,-0.4086432193649376,0.6932478864056645,-0.5546636113456985,1.6586650703176642
-0.11574916613304052,1,1,1,0.8655165800990916,0.794913219385191,-0.9244950471264086,-0.8704704927942822,-0.754111652083891,1,1.3017941511261861,-0.867256858348901,0,0,0.0,-0.42535065589112697,2.0,-1.2563463961838601,1.0169359739101733,-1.0106144994525263,-1.1505303417367088,0.420165236321528,-1.5090725456573557,-1.6030711814180816,-1.3806779577169042
-1.5670342456154605,2,3,4,1.3795944681915877,1.0523251784395153,-0.08885672984805312,0.006161895890473879,0.6251086646345042,0,-0.48013575169824046,-1.4551622381826224,0,0,0.0,-0.42535065589112697,2.0,0.6953555028891305,-0.1660846948053399,-0.9823575999355827,1.6843695436503026,0.21296312239991164,-1.295944761909322,-0.34498209733122254,-0.6208422007082621
-1.2767772297189763,1,1,4,0.4348026738594328,0.374925286191293,-0.5763124149270935,-0.8704704927942822,0.07342053794714612,1,-1.3711007031104538,0.30855390131854166,1,0,0.0,-0.42535065589112697,0.0,-1.0071929622596487,0.31537720525329915,0.6565425720471497,0.572644098400494,0.6964347215503491,0.6932478864056645,1.6120453668038925,-0.5517662227983855
0.17450784976344344,0,1,2,0.3514386920065955,0.42911727757115087,1.5127833782687947,0.88279428457523,1.6250433942553408,0,-1.3711007031104538,-0.867256858348901,0,0,0.0,-0.42535065589112697,2.0,1.013718224014512,0.838107268174107,0.5152580744624313,-1.6369102240334996,-1.444653788973018,0.2669923189095964,1.4722576907942413,0.34622149003000985
-0.9865202138224924,0,4,3,-0.4266251386198842,-0.28892660821196464,-0.08885672984805312,-0.8704704927942822,0.4527061250447048,1,1.3017941511261861,-0.867256858348901,0,0,0.0,-0.42535065589112697,2.0,1.2628716579387238,-1.6242264492686462,1.4053504092461564,-0.6363573233086726,0.00576100847829524,-1.295944761909322,1.4023638527894158,0.8297533353991454
1.0452788974528953,2,3,4,0.629318631516053,0.8355572129200847,-0.7155854678068195,1.759426673259986,-0.788592160001851,0,-1.3711007031104538,0.896459281152263,1,1,0.0,-0.42535065589112697,2.0,0.7091973603293642,1.58093419969315,-1.279055044863491,1.3091622058784924,-0.27050847675052664,0.8353330755710208,-0.6944512873553498,-0.5517662227983855
-0.6962631979260084,2,3,1,1.0183505468292935,1.0658731762844802,-0.08885672984805312,-0.8704704927942822,-0.5817091124940916,0,0.4108291997139728,0.30855390131854166,0,0,0.0,-0.42535065589112697,2.0,-1.3255556833850302,-1.0602282234856693,-0.6008894564568432,-1.0393577972117278,1.387108434622403,-1.0117743835786095,0.21416860670738222,-1.4497539356267808
1.3355359133493794,2,2,2,1.6157924167746263,1.7297250706877378,-0.9941315735662716,0.88279428457523,-0.030020985806733527,0,1.3017941511261861,-1.4551622381826224,0,0,0.0,-0.42535065589112697,2.0,0.8891415070524064,-1.5967143406938669,-0.43134805935518117,0.9895411403691725,1.387108434622403,0.33803491349227455,-1.533177343413256,-0.3445382890687564
1.6257929292458633,0,4,2,1.1989725075104405,1.3368331331837693,1.0253276931897544,0.88279428457523,-1.0989167312634898,1,1.3017941511261861,1.4843646609859844,0,0,0.0,-0.42535065589112697,2.0,-0.3151000902479498,-0.12481653194317052,0.6989279213225649,-0.4140122342587107,0.14389575109270616,-0.7276040052478969,-0.48476977334087296,0.4152974679398865
-0.9865202138224924,0,1,1,0.7682586012707817,0.7136252323154042,1.0253276931897544,-0.8704704927942822,-0.6851506362479712,1,-1.3711007031104538,-1.4551622381826224,0,0,0.0,-0.42535065589112697,2.0,-0.965667389938947,-0.3999376176909644,0.38810202663618504,-1.5952205198366318,-0.20144110544332117,0.33803491349227455,1.6120453668038925,1.313285180768281
1.0452788974528953,1,2,3,-1.4686749117803493,-1.6166303970184805,1.4431468518289317,0.88279428457523,1.245757807157782,0,-1.3711007031104538,1.4843646609859844,1,0,1.0,1.9570595794675738,2.0,-0.8410906729768408,1.5259099825435911,1.0945245145597764,1.0173342765004176,1.2489736920079928,0.8353330755710208,-1.3234958293987793,0.06991757839050336
1.6257929292458633,0,4,4,1.1572905165840217,1.160709161199231,-1.5512237850851749,-0.8704704927942822,0.21134256961898562,1,-0.48013575169824046,0.896459281152263,0,0,0.0,-0.42535065589112697,2.0,0.23857420736140916,1.333325222520136,-0.9964860496940542,-1.303392590458557,0.00576100847829524,1.1195034539017334,0.5636377967315094,0.48437344584976233
0.4647648656599274,0,2,1,1.7130503956029366,1.567149096548165,1.5127833782687947,0.006161895890473879,1.5560823784194209,0,-0.48013575169824046,1.4843646609859844,1,0,2.0,3.1482646971469244,2.0,1.401290232341063,1.1407404624966804,-0.3748342603212938,-1.136633773671086,-0.5467779619793477,0.9063756701536989,-0.9041328013698265,-0.06823437742924988
1.3355359133493794,1,0,0,0.3514386920065955,0.04977333791214657,0.5378720081107132,0.88279428457523,0.4871866329626647,0,1.3017941511261861,1.4843646609859844,0,0,0.0,-0.42535065589112697,2.0,0.017104488317665322,-1.3628614178082423,-0.9399722506601669,-0.4973916426524464,0.4892326076287327,-0.9407317889959314,-0.9041328013698265,-0.7589941565280154
-1.2767772297189763,2,1,0,-1.3297349420256204,-1.2643824530494048,-0.15849325628791613,-0.8704704927942822,-1.1678777470994095,1,-0.48013575169824046,1.4843646609859844,0,0,0.0,-0.42535065589112697,2.0,-1.53318354498854,0.026500065218115834,-1.5616240400329275,-0.42790880232433304,-1.6518559028946345,-1.1538595727439658,-1.3234958293987793,1.0369812691287754
-1.5670342456154605,1,4,1,1.032244543804766,0.9845851892146934,1.3038737989492057,-0.8704704927942822,-1.2713192708532892,0,1.3017941511261861,0.896459281152263,0,0,0.0,-0.42535065589112697,2.0,0.5707787859270249,-0.6750587034387584,-0.869330001867808,1.1285068210253981,1.6633779198512249,0.9774182647363772,0.07438093069773102,-0.20638633324900313
-0.11574916613304052,2,1,2,1.6157924167746263,1.7432730685327025,-0.2977663091676422,0.006161895890473879,0.34926460129082515,0,0.4108291997139728,-1.4551622381826224,0,0,0.0,-0.42535065589112697,2.0,1.5535506641836372,-0.7438389748757065,-1.5333671405159839,1.1840930932878886,1.7324452911584303,0.2669923189095964,-1.533177343413256,0.9679052912188987
-1.5670342456154605,1,2,3,0.9627745589274019,1.0658731762844802,-1.2726776793257237,-0.8704704927942822,0.7630306963063437,0,-1.3711007031104538,-0.867256858348901,0,0,0.0,-0.42535065589112697,2.0,-0.6888302411342673,-0.38618156340357446,1.5325064570724032,-0.9976680930148599,0.2820304937071171,-0.44343362691718513,0.9830008247604629,-1.3116019798070275
-0.11574916613304052,0,4,1,0.9905625528783477,1.174257159044196,-0.6459489413669565,-0.8704704927942822,-1.6506048579508479,0,-0.48013575169824046,-0.27935147851517966,0,0,0.0,-0.42535065589112697,2.0,0.39083463920398276,1.443373656819253,-1.420339542448209,0.3641955774161551,0.7655020928575547,-1.5090725456573557,-1.6729650194229073,-0.1373103553391265
1.3355359133493794,2,0,4,-1.190794972270892,-1.386314433654085,0.5378720081107132,1.759426673259986,1.0388747596500227,0,1.3017941511261861,-0.867256858348901,1,0,1.0,1.9570595794675738,2.0,-0.16283965840537623,-1.239056929221735,0.7554417203564523,1.0034377084347947,1.2489736920079928,-0.7276040052478969,0.07438093069773102,1.2442092028584053
0.17450784976344344,1,1,2,-1.5381448966577136,-1.4540544228789072,-1.690496837964901,-0.8704704927942822,1.6595239021733006,0,1.3017941511261861,1.4843646609859844,0,0,0.0,-0.42535065589112697,2.0,0.6123043582477266,1.319569168232746,-1.34969729365585,1.281369069747247,0.7655020928575547,1.1905460484844115,0.004487092692905432,-1.587905891446534
-0.11574916613304052,1,1,2,-1.2880529510992018,-1.3185744444292626,1.7216929575883837,-0.8704704927942822,1.5905628863373809,1,1.3017941511261861,-1.4551622381826224,0,0,0.0,-0.42535065589112697,2.0,0.9583507942535759,0.5904982910010931,1.023882265767417,-1.2617028862616892,1.1799063207007874,-0.44343362691718513,0.07438093069773102,-0.20638633324900313
0.7550218815564114,0,2,4,-0.5377771144236672,-0.4515025823515381,-1.342314205765586,-0.8704704927942822,1.245757807157782,1,0.4108291997139728,-0.867256858348901,0,0,0.0,-0.42535065589112697,2.0,-1.2701882536240943,-1.3491053635208525,1.3064512609368537,0.6560235067942297,1.4561758059296086,0.48012010265763005,1.1926823387749397,0.20806953421025662
-1.2767772297189763,0,3,4,-0.6767170841783959,-0.35666659743678664,-0.6459489413669565,1.759426673259986,-1.374760794607169,0,0.4108291997139728,-1.4551622381826224,0,0,0.0,-0.42535065589112697,2.0,-0.12131408608467396,1.5534220911183705,1.6596625048986495,0.016781375775590055,1.2489736920079928,-1.7932429239880685,-1.533177343413256,-1.6569818693564107
1.0452788974528953,1,2,3,1.2962304863387504,1.5536010987032,0.18968937591139895,-0.8704704927942822,0.8319917121422635,0,-1.3711007031104538,-0.27935147851517966,0,0,0.0,-0.42535065589112697,2.0,-1.505499830108072,-0.001012043356663557,-0.9399722506601669,-0.7336332997680306,1.110838949393582,1.687844210563158,-0.13530058331674574,-0.6208422007082621
-1.2767772297189763,0,0,3,-0.13485120213495413,-0.4379545845065734,1.5127833782687947,0.006161895890473879,0.8664722200602234,1,-1.3711007031104538,-0.867256858348901,0,0,0.0,-0.42535065589112697,2.0,1.1106112260961496,0.6730346167254313,-1.7311654371345893,-1.2339097501304441,-1.2374516750514024,-1.7222003294053903,-1.3234958293987793,1.4514371365880343
1.3355359133493794,1,4,0,-0.9684910206633259,-0.9256825069252936,-0.6459489413669565,0.006161895890473879,-1.5126828262790084,0,1.3017941511261861,-0.867256858348901,0,0,0.0,-0.42535065589112697,2.0,-0.7165139560147352,-0.001012043356663557,1.0662676150428327,-1.1505303417367088,1.6633779198512249,-1.5090725456573557,0.14427476870255662,1.4514371365880343
-0.6962631979260084,2,3,2,0.5042726587367975,0.8084612172301557,1.2342372725093433,-0.8704704927942822,-1.3057997787712492,0,-0.48013575169824046,1.4843646609859844,0,0,0.0,-0.42535065589112697,2.0,-0.9518255324987127,-0.4549618348405232,-0.713917054524618,-0.6363573233086726,0.35109786501432255,1.0484608593190552,1.542151528799067,-1.5188299135366574
1.0452788974528953,2,0,4,0.1013467464480844,0.25299330558661315,0.12005284947153592,-0.8704704927942822,0.5216671408806246,0,1.3017941511261861,1.4843646609859844,0,0,0.0,-0.42535065589112697,2.0,-0.21820708816631218,0.1778166623794022,0.8260839691488118,0.8227823235817011,0.2820304937071171,1.2615886430670897,0.423850120721859,1.313285180768281
-1.2767772297189763,2,3,3,-1.190794972270892,-1.4676024207238718,0.7467815874303023,-0.8704704927942822,1.3836798388296216,0,-1.3711007031104538,0.896459281152263,0,0,0.0,-0.42535065589112697,2.0,0.7784066475305345,-0.7438389748757065,0.26094597880993875,-1.1922200459335763,-0.3395758480577321,-1.6511577348227122,-0.9740266393746521,-1.4497539356267808
-1.5670342456154605,0,2,4,-1.3297349420256204,-1.237286457359476,-1.481587258645312,0.88279428457523,-1.4437218104430887,0,1.3017941511261861,-0.27935147851517966,1,0,1.0,0.7658544617882235,1.0,1.4704995195422332,-1.5279340692569185,0.6141572227717345,0.46147155387551314,-0.20144110544332117,-0.9407317889959314,-0.20519442132157134,1.313285180768281
-0.9865202138224924,1,3,1,1.5185344379463164,1.6213410879280228,-0.4370393620473682,-0.8704704927942822,0.8664722200602234,1,0.4108291997139728,0.896459281152263,1,1,0.0,-0.42535065589112697,0.0,0.8614577921719384,1.2507888967957979,-0.3465773608043501,1.3091622058784924,0.4892326076287327,-1.295944761909322,-1.6030711814180816,-0.8971461123477686
-1.5670342456154605,2,2,0,-0.857339044859543,-0.5192425715763601,-0.5763124149270935,-0.8704704927942822,1.3491993309116617,1,1.3017941511261861,-1.4551622381826224,0,0,0.0,-0.42535065589112697,2.0,0.986034509134044,-1.6242264492686462,0.9391115672165865,0.11405735223494805,-0.4086432193649376,1.6168016159804797,-1.183708153389129,0.13899355630038
0.17450784976344344,2,2,2,-1.3436289390010934,-1.1830944659796183,-0.08885672984805312,-0.8704704927942822,-0.9954752075096102,1,-1.3711007031104538,0.30855390131854166,0,0,0.0,-0.42535065589112697,2.0,-1.408606828026434,-0.7025708120135371,0.4870011749454876,-1.2200131820648215,0.6273673502431437,-1.580115140240034,-0.5546636113456985,1.1751332249485287
0.7550218815564114,2,1,2,1.0461385407802386,1.160709161199231,1.7216929575883837,0.006161895890473879,1.1767967913218622,0,-0.48013575169824046,-1.4551622381826224,1,1,2.0,3.1482646971469244,1.0,-0.6334628113733313,-1.1565206034973972,0.783698619873396,-0.7197367317024076,1.5943105485440194,1.687844210563158,1.4722576907942413,1.520513114497911
-0.4060061820295245,1,3,1,0.51816665571227,0.7407212280053331,0.9556911667498914,1.759426673259986,1.1767967913218622,1,0.4108291997139728,-1.4551622381826224,0,0,0.0,-0.42535065589112697,2.0,-0.993351104819415,-1.4453977435325804,-0.10639371491032912,1.0590239806972852,0.972704206779171,0.6932478864056645,1.1227885007701142,-1.1043740460773985
-1.2767772297189763,0,2,2,0.5459546496632157,0.4155692797261867,-0.5066758884872304,0.006161895890473879,-0.5817091124940916,1,1.3017941511261861,-1.4551622381826224,1,1,2.0,0.7658544617882235,1.0,0.2662579222418771,-1.7067627749929843,0.6989279213225649,-0.24725341747123933,-1.030249561129786,0.9063756701536989,1.1227885007701142,-1.3116019798070275
1.3355359133493794,0,2,4,-0.5794591053500862,-0.6411745521810406,1.0253276931897544,1.759426673259986,-1.5816438421149281,1,0.4108291997139728,-0.27935147851517966,1,0,1.0,0.7658544617882235,0.0,0.10015563295906926,0.3841574766902473,0.006633883157445615,1.3647484781409829,-0.8921148185153751,-0.8696891944132532,-1.3234958293987793,1.106057247038652
0.17450784976344344,1,3,2,1.657474407701045,1.3368331331837693,1.6520564311485209,-0.8704704927942822,1.0733552675679827,0,0.4108291997139728,0.896459281152263,0,0,0.0,-0.42535065589112697,2.0,1.5258669493031694,0.4254256395524167,0.38810202663618504,-0.38621909812746547,-1.2374516750514024,-0.23030584316915068,0.3539562827170334,0.7606773574892688
1.3355359133493794,1,3,1,1.4629584500444248,1.7432730685327025,-0.22812978272777917,0.006161895890473879,-0.7196311441659311,0,-0.48013575169824046,-0.27935147851517966,0,0,0.0,-0.42535065589112697,2.0,-0.30125823280771613,-0.31740129196662625,1.3205797106953259,-0.9420818207523695,0.4892326076287327,-1.295944761909322,1.6120453668038925,0.34622149003000985
-1.2767772297189763,2,4,1,-0.0514872202821169,-0.0044186534677112714,-1.690496837964901,-0.8704704927942822,-0.7196311441659311,1,-1.3711007031104538,0.30855390131854166,0,0,0.0,-0.42535065589112697,2.0,-0.4812023795307577,1.319569168232746,-1.2931834946219625,1.5593004310596987,-0.4777105906721423,-0.44343362691718513,-0.13530058331674574,0.7606773574892688
0.7550218815564114,2,4,0,-0.07927521423306265,-0.08570664053749803,-1.620860311525038,-0.8704704927942822,-0.47826758874021197,0,1.3017941511261861,-0.27935147851517966,1,1,2.0,0.7658544617882235,3.0,0.2108904924809412,0.7143027795876,0.713056371081037,-0.8725989804242567,0.972704206779171,-1.7222003294053903,0.7733193107459861,-1.3806779577169042
-1.2767772297189763,2,2,4,0.08745274947261122,0.13106132498193332,0.6771450609904393,1.759426673259986,-1.06443622334553,1,1.3017941511261861,0.896459281152263,0,0,0.0,-0.42535065589112697,2.0,-1.1871371089826905,1.5534220911183705,1.1651667633521354,-0.7336332997680306,-0.3395758480577321,1.5457590213978016,-0.8342389633650009,0.13899355630038
-0.11574916613304052,1,0,0,-0.17653319306137308,-0.3024746060569294,-0.9941315735662716,-0.8704704927942822,0.21134256961898562,1,-1.3711007031104538,0.30855390131854166,0,0,0.0,-0.42535065589112697,2.0,1.3320809451398934,0.989423865335394,-1.1236420975203008,1.5454038629940765,-0.6158453332865532,0.6932478864056645,1.1227885007701142,0.8297533353991454
1.0452788974528953,0,3,1,0.07355875249713865,-0.05861064484756911,0.5378720081107132,-0.8704704927942822,-1.5471633341969682,1,0.4108291997139728,-1.4551622381826224,0,0,0.0,-0.42535065589112697,2.0,0.8060903624110024,0.12279244522984341,-1.5616240400329275,1.2257827974847566,1.5943105485440194,-0.372391032334507,-0.9740266393746521,-1.6569818693564107
-0.9865202138224924,2,0,4,-0.07927521423306265,-0.23473461683210678,-0.08885672984805312,-0.8704704927942822,-1.06443622334553,0,0.4108291997139728,-0.867256858348901,0,0,0.0,-0.42535065589112697,2.0,1.2905553728191916,1.0031799196227833,0.6424141222886782,0.10016078416932575,1.387108434622403,1.0484608593190552,1.1227885007701142,-0.6899181786181388
1.0452788974528953,1,1,2,-0.4960951234972489,-0.16699462760728478,-0.7852219942466825,-0.8704704927942822,1.314718822993702,0,-1.3711007031104538,0.30855390131854166,0,0,0.0,-0.42535065589112697,2.0,-0.7303558134549689,0.23284087952896096,-0.6856601550076743,-0.24725341747123933,0.7655020928575547,-1.7932429239880685,-0.7643451253601753,-1.2425260018971518
0.4647648656599274,2,4,0,1.4212764591180058,1.6213410879280228,-0.6459489413669565,-0.8704704927942822,-0.788592160001851,0,1.3017941511261861,-0.27935147851517966,0,0,0.0,-0.42535065589112697,2.0,0.5569369284867906,-0.9501797891865517,-1.03887139896947,-1.0810475014085956,-0.20144110544332117,0.12490712974424009,-1.6729650194229073,1.1751332249485287
1.3355359133493794,0,4,1,-0.07927521423306265,-0.23473461683210678,0.050416323031672906,-0.8704704927942822,-0.13346250956061317,1,-0.48013575169824046,-0.27935147851517966,1,0,0.0,-0.42535065589112697,0.0,1.401290232341063,1.1407404624966804,-0.6574032554907306,-0.6224607552430497,1.6633779198512249,0.6222052918229863,-0.6944512873553498,-0.6208422007082621
1.6257929292458633,2,0,3,-1.2880529510992018,-1.0747104832199026,0.4682354816708502,0.88279428457523,-0.788592160001851,1,1.3017941511261861,-1.4551622381826224,0,0,0.0,-0.42535065589112697,2.0,-0.8826162452975431,0.26035298810374036,0.6565425720471497,-0.6085641871774273,0.6273673502431437,-0.5855188160825406,0.4937439587266838,0.48437344584976233
-1.2767772297189763,1,3,3,-0.30157916584062866,-0.20763862114217788,-0.2977663091676422,-0.8704704927942822,-1.02995571542757,1,0.4108291997139728,1.4843646609859844,0,0,0.0,-0.42535065589112697,2.0,1.484341376982467,-0.37242550911618505,-1.6605231883422302,0.7671960513192106,-0.6849127045937586,-0.9407317889959314,-0.6245574493505242,0.7606773574892688
0.7550218815564114,0,3,2,0.851622583123619,0.9710371913697292,0.5378720081107132,1.759426673259986,-0.9609946995916503,1,-1.3711007031104538,1.4843646609859844,0,0,0.0,-0.42535065589112697,2.0,0.48772764128562096,-1.6242264492686462,0.5293865242209035,-0.1360808729462584,1.6633779198512249,1.1195034539017334,-1.1138143153843032,0.7606773574892688
0.4647648656599274,1,4,3,-1.0935369934425818,-1.1966424638245825,0.12005284947153592,-0.8704704927942822,0.14238155378306588,0,-0.48013575169824046,-1.4551622381826224,0,0,0.0,-0.42535065589112697,2.0,-1.2286626813033923,-0.5237421062774714,0.24681752905146662,-1.2061166139991988,1.2489736920079928,-1.7222003294053903,-1.3933896674036048,-1.3116019798070275
1.0452788974528953,0,0,3,0.29586270410470467,0.07686933360207548,-0.3674028356075052,-0.8704704927942822,0.24582307753694552,1,0.4108291997139728,0.896459281152263,0,0,0.0,-0.42535065589112697,2.0,0.9721926516938103,-1.3215932549460732,-0.5585041071814274,0.19743676062868373,-0.5467779619793477,-0.7276040052478969,-0.7643451253601753,-0.9662220902576453
1.0452788974528953,0,2,4,0.6015306375651073,0.7136252323154042,0.12005284947153592,-0.8704704927942822,0.21134256961898562,0,-0.48013575169824046,-1.4551622381826224,0,0,0.0,-0.42535065589112697,2.0,0.90298336449264,-0.2211089119548987,-1.674651638100702,0.6699200748598526,-0.20144110544332117,1.332631237649767,0.8432131487508118,-0.48269024488850887
1.3355359133493794,2,3,1,0.08745274947261122,0.3613772883463288,-1.2726776793257237,0.006161895890473879,1.1078357754859425,1,-1.3711007031104538,0.30855390131854166,1,1,1.0,0.7658544617882235,3.0,-0.8687743878573088,-1.0052040063361105,-1.8018076859269485,1.03123084456604,-1.444653788973018,-0.23030584316915068,-0.27508825932639697,-1.1043740460773985
-0.11574916613304052,2,2,3,0.9349865649764563,0.7813652215402268,-0.5066758884872304,1.759426673259986,0.9354332358961431,1,-0.48013575169824046,-0.867256858348901,0,0,0.0,-0.42535065589112697,2.0,0.017104488317665322,0.054012173792895225,1.6879194044155932,-0.886495548489879,0.6273673502431437,-1.295944761909322,1.4722576907942413,0.34622149003000985
-1.2767772297189763,0,1,2,1.365700471216115,1.2961891396488756,0.6075085345505763,-0.8704704927942822,-0.5472286045761318,1,0.4108291997139728,-1.4551622381826224,1,0,2.0,1.9570595794675738,1.0,-1.0764022494608185,-0.3999376176909644,1.6879194044155932,-0.7614264358992757,0.9036368354719655,-1.580115140240034,-0.13530058331674574,-1.5188299135366574
-0.6962631979260084,2,3,2,-1.6492968724614963,-1.6843703862433028,0.25932590235126196,-0.8704704927942822,0.7285501883883838,1,-0.48013575169824046,-0.867256858348901,0,0,0.0,-0.42535065589112697,2.0,0.986034509134044,-1.2665690377965144,-0.8834584516262795,-1.5952205198366318,-0.4086432193649376,-0.017178059421116217,1.542151528799067,0.06991757839050336
-1.5670342456154605,0,4,3,-0.7322930720802874,-0.38376259312671557,-0.08885672984805312,0.88279428457523,-1.4782023183610484,1,0.4108291997139728,-1.4551622381826224,1,1,0.0,-0.42535065589112697,3.0,-1.1456115366619886,1.2095207339336285,0.9108546676996429,0.4336784177442679,1.2489736920079928,-0.5855188160825406,-1.183708153389129,-1.1734500239872752
-1.5670342456154605,2,3,1,-1.204688969246365,-1.413410429344014,0.398598955230988,-0.8704704927942822,-0.4437870808222521,0,-1.3711007031104538,0.896459281152263,0,0,0.0,-0.42535065589112697,2.0,-1.1179278217815205,-1.4041295806704113,-0.954100700418639,-0.09439116874939087,1.387108434622403,1.332631237649767,0.7733193107459861,-1.6569818693564107
-0.11574916613304052,2,1,4,1.6018984197991535,1.567149096548165,-0.4370393620473682,0.88279428457523,-0.2713845412324527,0,-0.48013575169824046,-0.867256858348901,1,0,0.0,-0.42535065589112697,1.0,0.7091973603293642,-1.2115448206469557,0.6282856725302061,-1.623013655967877,-1.168384303744197,0.6932478864056645,0.7733193107459861,0.48437344584976233
0.4647648656599274,2,4,3,0.6015306375651073,0.40202128188122194,1.5824199047086578,-0.8704704927942822,-1.6850853658688079,0,1.3017941511261861,0.896459281152263,1,1,1.0,0.7658544617882235,3.0,1.1382949409766177,-0.8676434634622135,-1.109513647761829,1.6426798394534345,1.525243177236814,1.758886805145836,0.21416860670738222,-1.3116019798070275
1.3355359133493794,0,1,2,-0.06538121725759008,-0.34311859959182245,-1.411950732205449,1.759426673259986,0.4527061250447048,0,1.3017941511261861,-1.4551622381826224,1,0,0.0,-0.42535065589112697,1.0,-1.519341687548306,-1.335349309233463,-0.2759351120119912,-0.37232253006184257,1.6633779198512249,1.6168016159804797,-1.1138143153843032,1.520513114497911
-0.9865202138224924,0,2,1,-0.3293671597915744,-0.47859857804146705,1.3735103253890688,-0.8704704927942822,-0.20242352539653294,1,-1.3711007031104538,0.896459281152263,1,1,0.0,-0.42535065589112697,1.0,-1.408606828026434,-0.001012043356663557,0.6847994715640934,0.9200583000410592,-1.5137211602802234,-0.5855188160825406,-0.7643451253601753,-1.3806779577169042
-0.11574916613304052,2,3,4,1.1017145286821302,0.7407212280053331,1.6520564311485209,-0.8704704927942822,0.5216671408806246,0,-0.48013575169824046,1.4843646609859844,0,0,0.0,-0.42535065589112697,2.0,-1.2148208238631582,1.3608373310949153,-1.279055044863491,-1.0254612291461052,-1.3755864176658126,-0.7276040052478969,0.21416860670738222,1.6586650703176642
1.0452788974528953,0,0,2,-1.4686749117803493,-1.169546468134654,0.18968937591139895,0.88279428457523,1.245757807157782,0,0.4108291997139728,0.30855390131854166,1,1,1.0,3.1482646971469244,2.0,0.23857420736140916,0.5767422367137031,0.8119555193903396,-1.2339097501304441,-1.030249561129786,0.6222052918229863,1.2625761767797654,-0.3445382890687564
-0.11574916613304052,0,1,3,-1.5937208845596047,-1.8198503646929474,1.3038737989492057,0.006161895890473879,-1.2713192708532892,1,1.3017941511261861,-0.27935147851517966,1,1,0.0,-0.42535065589112697,3.0,-1.0764022494608185,0.06776822808028461,1.2075521126275512,-0.6363573233086726,1.110838949393582,1.4747164268151234,-1.4632835054084306,0.898829313309022
0.7550218815564114,2,1,2,1.2406544984368588,1.2013531547341247,0.6771450609904393,-0.8704704927942822,1.2112772992398222,1,-0.48013575169824046,0.896459281152263,0,0,0.0,-0.42535065589112697,2.0,0.8060903624110024,-0.7851071377378753,-0.06400836563491329,-1.5952205198366318,-0.5467779619793477,0.053864535161561936,0.07438093069773102,-1.035298068167522
0.4647648656599274,0,2,1,0.7543646042953086,0.46976127110604454,0.398598955230988,-0.8704704927942822,0.10790104586510599,0,1.3017941511261861,-0.867256858348901,0,0,0.0,-0.42535065589112697,2.0,0.7645647900903001,1.3470812768075255,1.6737909546571217,0.07236764803808052,1.0417715780863765,0.19594972432691823,-0.06540674531192016,0.13899355630038
1.6257929292458633,0,0,3,0.7682586012707817,0.9303931978348355,0.398598955230988,0.006161895890473879,-1.340280286689209,1,0.4108291997139728,-0.867256858348901,0,0,0.0,-0.42535065589112697,2.0,-0.3704675200088858,-0.6475465948639789,1.5466349068308747,0.4892646900067584,-0.4086432193649376,1.0484608593190552,-0.6944512873553498,-1.1043740460773985
1.0452788974528953,1,2,2,0.39312068293301444,0.5645972560207955,0.8860546403100283,-0.8704704927942822,0.5906281567165443,0,1.3017941511261861,-0.867256858348901,0,0,0.0,-0.42535065589112697,2.0,0.2662579222418771,-1.0052040063361105,-0.4596049588721248,1.281369069747247,-0.9611821898225805,1.1195034539017334,-0.7643451253601753,-1.587905891446534
-0.6962631979260084,2,2,1,-0.9823850176387992,-1.2508344552044404,-0.6459489413669565,-0.8704704927942822,-0.8575531758377707,1,1.3017941511261861,0.896459281152263,0,0,0.0,-0.42535065589112697,2.0,-0.17668151584560993,0.08152428236767462,1.4053504092461564,-0.37232253006184257,-0.9611821898225805,0.8353330755710208,-1.2536019913939545,1.3823611586781577
0.4647648656599274,0,4,1,-0.16263919608589988,-0.3160226039018936,1.4431468518289317,0.006161895890473879,0.8664722200602234,1,-1.3711007031104538,1.4843646609859844,0,0,0.0,-0.42535065589112697,2.0,1.1936623707375535,1.6497144711300988,-0.8269446525923921,1.0868171168285305,-1.6518559028946345,0.6222052918229863,0.8432131487508118,-0.06823437742924988
0.17450784976344344,2,0,4,1.7269443925784091,1.4994091073233422,-0.08885672984805312,-0.8704704927942822,1.3836798388296216,1,0.4108291997139728,0.896459281152263,1,0,0.0,-0.42535065589112697,2.0,0.46004392640515296,0.37040142240285795,-0.12052216466880064,1.587093567190944,-1.6518559028946345,0.7642904809883426,-0.34498209733122254,0.7606773574892688
0.7550218815564114,0,4,2,-1.7048728603633878,-1.508246414258765,-1.1334046264459976,0.88279428457523,-0.788592160001851,1,1.3017941511261861,-0.867256858348901,1,1,1.0,1.9570595794675738,3.0,-1.450132400347136,0.989423865335394,-0.07813681539338543,-1.6785999282303674,-0.9611821898225805,-1.0828169781612877,0.9131069867556374,-0.06823437742924988
-0.6962631979260084,0,2,2,-0.857339044859543,-0.8308465220105428,-1.690496837964901,-0.8704704927942822,-0.8230726679198108,0,1.3017941511261861,1.4843646609859844,1,1,1.0,1.9570595794675738,2.0,-0.5919372390526296,-1.0877403320604486,1.038010715525889,1.4481278865347178,0.0748283797855007,-0.7276040052478969,0.07438093069773102,1.313285180768281
0.7550218815564114,1,3,3,-0.6072470993010318,-0.3024746060569294,1.6520564311485209,0.006161895890473879,1.0733552675679827,0,-1.3711007031104538,-0.27935147851517966,0,0,0.0,-0.42535065589112697,2.0,0.1832067776004732,1.1957646796462391,1.4194788590046286,-1.303392590458557,0.21296312239991164,1.4747164268151234,-1.2536019913939545,-0.27546231115887976
1.0452788974528953,2,3,3,-1.0240670085652175,-1.237286457359476,-1.342314205765586,-0.8704704927942822,0.7285501883883838,0,-0.48013575169824046,-0.27935147851517966,1,1,1.0,3.1482646971469244,2.0,-0.9518255324987127,0.26035298810374036,-0.5019903081475401,-1.2061166139991988,0.14389575109270616,-0.44343362691718513,0.8432131487508118,-1.3806779577169042
1.3355359133493794,0,1,4,0.4348026738594328,0.5645972560207955,0.7467815874303023,-0.8704704927942822,-0.5817091124940916,1,-0.48013575169824046,0.896459281152263,0,0,0.0,-0.42535065589112697,2.0,0.6261462156879608,1.5396660368309811,0.17617528025910772,-0.3167362577993521,-0.8230474472081696,1.5457590213978016,0.633531634736335,0.553449423759639
-0.6962631979260084,2,2,3,1.1850785105349673,1.0116811849046223,-0.7852219942466825,-0.8704704927942822,-0.09898200164265329,0,0.4108291997139728,0.896459281152263,0,0,0.0,-0.42535065589112697,2.0,-1.297871968504562,0.026500065218115834,-0.629146355973787,-0.4973916426524464,-0.06330636282891022,1.758886805145836,-0.34498209733122254,-1.1043740460773985
-1.5670342456154605,2,0,1,0.2680747101537589,0.38847328403625775,-0.6459489413669565,-0.8704704927942822,-1.06443622334553,1,-1.3711007031104538,1.4843646609859844,1,1,2.0,0.7658544617882235,2.0,-0.24589080304678018,-1.0877403320604486,0.9532400169750581,-1.2478063181960668,1.4561758059296086,0.2669923189095964,-1.6729650194229073,1.5895890924077876
0.4647648656599274,0,1,3,-0.19042719003684563,-0.03151464915764019,0.7467815874303023,-0.8704704927942822,0.5216671408806246,1,0.4108291997139728,0.30855390131854166,0,0,0.0,-0.42535065589112697,2.0,-0.9102999601780111,-1.2528129835091246,-0.04987991587644175,1.1007136848941528,-0.7539800759009642,-0.7986465998305751,1.1926823387749397,-1.2425260018971518
-0.6962631979260084,1,0,3,-1.1769009752954191,-1.413410429344014,-0.7155854678068195,-0.8704704927942822,0.17686206170102575,0,1.3017941511261861,0.896459281152263,1,1,1.0,3.1482646971469244,1.0,0.7507229326500665,1.58093419969315,-0.713917054524618,-0.8587024123586338,1.3180410633151975,1.2615886430670897,-0.6245574493505242,-1.5188299135366574
-0.9865202138224924,2,0,4,1.3934884651670603,1.6213410879280228,-1.0637681000061345,0.006161895890473879,-0.6161896204120515,1,-1.3711007031104538,-0.27935147851517966,0,0,0.0,-0.42535065589112697,2.0,1.7058110960262107,-1.3491053635208525,0.4163589261531287,-0.5251847787836916,1.110838949393582,0.9063756701536989,1.4023638527894158,-0.5517662227983855
-1.5670342456154605,2,2,2,0.12913474039903017,0.07686933360207548,0.25932590235126196,0.006161895890473879,0.03894003002918623,1,-0.48013575169824046,-1.4551622381826224,0,0,0.0,-0.42535065589112697,2.0,0.1970486350407075,1.3058131139453566,1.3064512609368537,0.1418504883661933,-1.3065190463586072,-0.7986465998305751,-0.13530058331674574,0.898829313309022
-0.6962631979260084,2,1,2,0.4903786617613243,0.22589730989668425,1.0253276931897544,0.88279428457523,-1.7195658737867676,0,-1.3711007031104538,-0.27935147851517966,1,0,2.0,3.1482646971469244,3.0,-0.2874163753674818,0.3979135309776373,0.4587442754285439,-0.7614264358992757,1.2489736920079928,-0.6565614106652188,1.4722576907942413,-0.06823437742924988
-1.2767772297189763,0,2,3,-1.1769009752954191,-0.8714905155454358,-1.620860311525038,-0.8704704927942822,0.3147840933728653,0,1.3017941511261861,-1.4551622381826224,0,0,0.0,-0.42535065589112697,2.0,-0.13515594352490826,-0.5787663234270302,0.9673684667335303,-1.3728754307866702,1.6633779198512249,-1.3669873564919994,0.9830008247604629,-0.48269024488850887
-0.9865202138224924,0,1,1,0.059664755521665475,0.38847328403625775,0.25932590235126196,-0.8704704927942822,-0.4437870808222521,0,-1.3711007031104538,1.4843646609859844,0,0,0.0,-0.42535065589112697,2.0,-1.0764022494608185,0.4391816938398061,0.07727613194980451,-1.1505303417367088,-1.168384303744197,1.687844210563158,-0.13530058331674574,-1.3116019798070275
1.6257929292458633,1,3,3,-0.8156570539331247,-0.8037505263206138,-0.5763124149270935,-0.8704704927942822,-0.5472286045761318,1,0.4108291997139728,0.896459281152263,0,0,0.0,-0.42535065589112697,2.0,-1.477816115227604,1.333325222520136,-1.109513647761829,0.933954868106682,-0.5467779619793477,-0.08822065400379436,-0.6944512873553498,0.6916013795793922
-1.5670342456154605,2,0,3,0.28196870712923144,0.09041733144703964,1.0949642196296174,-0.8704704927942822,-0.9609946995916503,0,-0.48013575169824046,0.896459281152263,0,0,0.0,-0.42535065589112697,2.0,-1.3947649705862,0.4116695852650267,-0.00749456660102654,-1.303392590458557,0.4892326076287327,-0.23030584316915068,-0.9740266393746521,-0.48269024488850887
-1.2767772297189763,1,0,1,0.2124987222518674,0.2936372991215068,-1.2726776793257237,-0.8704704927942822,-1.2368387629353292,1,1.3017941511261861,-0.27935147851517966,1,0,1.0,3.1482646971469244,3.0,-0.6057790964928633,0.32913325954068917,-0.8410731023508643,0.8505754597129463,0.7655020928575547,0.19594972432691823,-0.9041328013698265,-0.828070134437892
0.7550218815564114,2,4,3,0.4764846647858517,0.3478292905013641,0.7467815874303023,0.88279428457523,0.9354332358961431,0,-1.3711007031104538,0.896459281152263,1,1,1.0,0.7658544617882235,3.0,-1.380923113145966,1.2920570596579666,-0.7845593033169769,-0.2889431216681075,1.0417715780863765,0.48012010265763005,-0.6944512873553498,-0.9662220902576453
1.0452788974528953,1,4,4,-1.4408869178294035,-1.0611624853749382,0.6075085345505763,0.88279428457523,0.8664722200602234,0,-0.48013575169824046,-0.27935147851517966,1,1,0.0,-0.42535065589112697,3.0,0.8199322198512361,1.6222023625553195,-0.4737334086305964,-1.4701514072460284,1.6633779198512249,0.4090775080749527,1.542151528799067,-1.3806779577169042
-1.5670342456154605,2,1,1,-0.28768516886515605,-0.38376259312671557,0.398598955230988,-0.8704704927942822,-0.34034555706837244,0,1.3017941511261861,-1.4551622381826224,1,1,0.0,-0.42535065589112697,2.0,0.16936492016023952,1.0306920281975627,0.868469318424227,-0.45570193845557827,-1.3065190463586072,1.0484608593190552,-0.8342389633650009,-1.5188299135366574
0.7550218815564114,1,3,1,0.8238345891726733,0.6052412495556891,1.6520564311485209,0.88279428457523,-0.47826758874021197,1,0.4108291997139728,-1.4551622381826224,0,0,0.0,-0.42535065589112697,2.0,1.539708806743403,0.5354740738515343,0.06314768219133299,-0.9837715249492376,1.1799063207007874,-1.0828169781612877,-0.9041328013698265,-1.035298068167522
0.4647648656599274,0,4,0,-0.7600810660312332,-0.5869825608011827,-1.690496837964901,0.006161895890473879,0.8664722200602234,1,-0.48013575169824046,0.30855390131854166,0,0,0.0,-0.42535065589112697,2.0,0.2939416371223451,0.9619117567606146,-0.48786185838906854,-0.19166714520874886,-0.4777105906721423,-0.6565614106652188,0.004487092692905432,-1.1734500239872752
-1.2767772297189763,0,2,2,-0.5933531023255587,-0.47859857804146705,-0.7155854678068195,-0.8704704927942822,1.6595239021733006,1,0.4108291997139728,-1.4551622381826224,0,0,0.0,-0.42535065589112697,2.0,-0.7857232432159048,-0.15232864051794992,1.518378007313931,-1.0532543652773503,1.4561758059296086,0.7642904809883426,0.633531634736335,0.7606773574892688
-1.2767772297189763,0,0,1,-1.3992049269029847,-1.2508344552044404,-1.481587258645312,1.759426673259986,1.3491993309116617,1,-0.48013575169824046,1.4843646609859844,1,0,0.0,-0.42535065589112697,3.0,-1.422448685466668,-1.417885634957801,0.14791838074216404,1.7538523839784155,-1.2374516750514024,-1.4380299510746777,-0.20519442132157134,0.20806953421025662
-0.11574916613304052,1,2,2,-0.6906110811538692,-0.6140785564911116,-0.6459489413669565,-0.8704704927942822,0.41822561712674494,0,0.4108291997139728,-0.867256858348901,0,0,0.0,-0.42535065589112697,2.0,1.1521367984168518,-1.335349309233463,1.6172771556232344,0.7116097790567202,-0.7539800759009642,-0.15926324858647253,-0.6944512873553498,-1.1734500239872752
1.3355359133493794,1,3,4,-0.7183990751048143,-0.9527785026152226,1.1646007460694805,0.006161895890473879,1.4871213625835011,0,-1.3711007031104538,0.896459281152263,0,0,0.0,-0.42535065589112697,2.0,-1.0487185345803507,-1.4729098521073598,-1.6605231883422302,-1.5535308156397638,-0.06330636282891022,-0.8696891944132532,0.7034254727411606,0.553449423759639
0.17450784976344344,0,0,1,1.3379124772651694,1.2555451461139826,1.5824199047086578,-0.8704704927942822,1.4871213625835011,0,-0.48013575169824046,0.896459281152263,0,0,0.0,-0.42535065589112697,2.0,0.34930906688328106,1.0719601910597316,1.151038313593664,0.6421269387286074,0.4892326076287327,1.5457590213978016,-0.4148759353360481,1.1751332249485287
0.7550218815564114,2,1,4,-0.03759322330664434,-0.18054262545224894,-0.4370393620473682,0.88279428457523,0.8664722200602234,0,0.4108291997139728,0.30855390131854166,0,0,0.0,-0.42535065589112697,2.0,-0.14899780096514192,1.2783010053705772,-1.5051102409990402,-1.5813239517710092,0.35109786501432255,-0.5855188160825406,-0.27508825932639697,-0.3445382890687564
-1.2767772297189763,2,0,3,-1.7326608543143334,-1.9553303431425917,-0.9941315735662716,1.759426673259986,-0.30586504915041257,1,1.3017941511261861,0.30855390131854166,0,0,0.0,-0.42535065589112697,2.0,-1.1179278217815205,-1.4866659063947496,-1.1236420975203008,1.281369069747247,1.0417715780863765,-0.23030584316915068,1.33247001478459,-0.8971461123477686
-0.11574916613304052,0,2,0,-1.2463709601727833,-1.4405064250339428,-1.2726776793257237,0.88279428457523,1.6940044100912606,0,-1.3711007031104538,0.30855390131854166,0,0,0.0,-0.42535065589112697,2.0,-1.2840301110643282,-0.5787663234270302,-0.6997886047661458,1.0868171168285305,-0.27050847675052664,0.4090775080749527,-0.34498209733122254,0.20806953421025662
-0.6962631979260084,2,3,3,-1.3575229359765661,-1.2508344552044404,0.8164181138701654,1.759426673259986,0.03894003002918623,0,1.3017941511261861,0.896459281152263,0,0,0.0,-0.42535065589112697,2.0,-1.3670812557057321,0.08152428236767462,0.5717718734963186,-1.303392590458557,1.4561758059296086,-1.0117743835786095,-1.3234958293987793,-1.035298068167522
1.0452788974528953,0,0,0,-1.4269929208539305,-1.5895344013285515,-0.019220203408190112,1.759426673259986,-1.3057997787712492,0,0.4108291997139728,-0.867256858348901,0,0,0.0,-0.42535065589112697,2.0,-1.1456115366619886,-0.771351083450486,-0.9682291501771105,0.044574511906835285,-0.6849127045937586,0.053864535161561936,0.5636377967315094,0.9679052912188987
0.7550218815564114,2,4,4,1.4629584500444248,1.1878051568891599,1.7216929575883837,1.759426673259986,-1.7195658737867676,1,-0.48013575169824046,-1.4551622381826224,0,0,0.0,-0.42535065589112697,2.0,0.10015563295906926,-0.5925223777144202,0.8543408686657555,-0.5946676191118044,1.6633779198512249,0.9063756701536989,-1.533177343413256,0.0008416004806267426
-0.6962631979260084,2,2,1,-0.35715515374252016,-0.07215864269253328,-1.411950732205449,-0.8704704927942822,-1.06443622334553,1,-0.48013575169824046,1.4843646609859844,1,1,2.0,0.7658544617882235,1.0,-0.6334628113733313,-1.5004219606821392,-1.2225412458296037,1.281369069747247,0.2820304937071171,0.9774182647363772,1.0528946627652886,1.106057247038652
-0.9865202138224924,1,1,1,-1.2324769631973103,-1.2508344552044404,-0.5066758884872304,1.759426673259986,1.6940044100912606,1,1.3017941511261861,0.30855390131854166,0,0,0.0,-0.42535065589112697,2.0,-1.6162346896299435,-1.6104703949812564,0.7271848208395086,-1.0254612291461052,0.5582999789359382,0.12490712974424009,1.681939204808718,1.1751332249485287
-1.5670342456154605,1,2,1,1.0739265347311844,1.2419971482690177,-0.15849325628791613,0.88279428457523,-0.06450149372469341,1,-0.48013575169824046,0.896459281152263,0,0,0.0,-0.42535065589112697,2.0,-0.05210479888350432,-1.115252440635228,1.023882265767417,-0.7475298678336528,1.110838949393582,0.4090775080749527,-0.4148759353360481,-1.587905891446534
0.17450784976344344,0,4,2,0.5042726587367975,0.15815732067186225,0.328962428791125,1.759426673259986,-0.6851506362479712,1,-0.48013575169824046,-0.27935147851517966,0,0,0.0,-0.42535065589112697,2.0,0.5015694987258547,-0.6613026491513684,1.151038313593664,0.7394029151879654,-0.6158453332865532,1.1905460484844115,-0.06540674531192016,-1.1043740460773985
0.4647648656599274,1,0,0,-1.4408869178294035,-1.6979183840882672,0.9556911667498914,0.006161895890473879,1.6595239021733006,0,0.4108291997139728,0.30855390131854166,1,1,0.0,-0.42535065589112697,3.0,-1.0071929622596487,-1.4041295806704113,-0.5726325569398996,-1.2200131820648215,0.21296312239991164,-0.30134843775182885,-0.13530058331674574,0.13899355630038
1.6257929292458633,1,1,0,1.0461385407802386,1.174257159044196,1.3735103253890688,0.006161895890473879,0.6595891725524641,0,0.4108291997139728,-0.867256858348901,0,0,0.0,-0.42535065589112697,2.0,1.1659786558570855,-0.2898891833918469,0.9956253662504739,0.15574705643181622,-0.06330636282891022,1.0484608593190552,-0.27508825932639697,1.0369812691287754
-0.6962631979260084,2,3,4,1.6018984197991535,1.5942450922380937,0.8860546403100283,0.006161895890473879,0.004459522111226352,1,-0.48013575169824046,-1.4551622381826224,0,0,0.0,-0.42535065589112697,2.0,1.5535506641836372,1.4708857653940324,0.5011296247039597,0.586540666466117,-0.8921148185153751,1.1195034539017334,0.4937439587266838,1.106057247038652
-1.5670342456154605,0,3,4,1.2684424923878046,1.0116811849046223,-0.4370393620473682,1.759426673259986,1.6250433942553408,0,0.4108291997139728,-0.27935147851517966,0,0,0.0,-0.42535065589112697,2.0,0.9168252219328743,-1.4453977435325804,0.2750744285684103,0.22522989675992897,0.35109786501432255,0.6932478864056645,1.4722576907942413,0.9679052912188987
-0.6962631979260084,2,0,0,1.129502522633076,0.794913219385191,0.12005284947153592,-0.8704704927942822,-1.2368387629353292,1,0.4108291997139728,-1.4551622381826224,0,0,0.0,-0.42535065589112697,2.0,1.04140193889498,0.012744010930725833,-0.7280455042830896,-0.2889431216681075,1.5943105485440194,-1.0828169781612877,0.2840624447122078,-1.4497539356267808
1.6257929292458633,1,3,4,-0.5238831174481946,-0.6411745521810406,-0.5763124149270935,0.88279428457523,-0.7196311441659311,1,1.3017941511261861,0.30855390131854166,0,0,0.0,-0.42535065589112697,2.0,-1.1179278217815205,0.1365484995172334,-0.417219609596709,-0.24725341747123933,0.4892326076287327,0.5511626972403082,-1.183708153389129,0.0008416004806267426
1.0452788974528953,1,1,0,-0.20432118701231883,0.03622534006718181,-0.6459489413669565,1.759426673259986,1.4181603467475814,0,0.4108291997139728,-0.27935147851517966,0,0,0.0,-0.42535065589112697,2.0,0.14168120527977154,-1.4729098521073598,0.3174597778438255,1.7538523839784155,1.5943105485440194,1.1195034539017334,-0.8342389633650009,-1.6569818693564107
1.6257929292458633,0,3,4,0.18471072830092164,-0.11280263622742695,1.3735103253890688,-0.8704704927942822,-0.40930657290429223,1,-0.48013575169824046,1.4843646609859844,0,0,0.0,-0.42535065589112697,2.0,0.8891415070524064,1.0857162453471214,-1.03887139896947,0.8366788916473235,-0.4777105906721423,0.5511626972403082,-1.3234958293987793,0.6916013795793922
-0.9865202138224924,2,3,0,0.3792266859575413,0.04977333791214657,1.5127833782687947,-0.8704704927942822,-0.2369040333144928,1,-1.3711007031104538,-0.867256858348901,0,0,0.0,-0.42535065589112697,2.0,1.0690856537754478,-0.09730442336839112,-0.10639371491032912,0.7949891874504559,-0.4777105906721423,-0.5144762214998625,0.9131069867556374,0.9679052912188987
-0.9865202138224924,2,2,4,0.11524074342355697,-0.20763862114217788,0.7467815874303023,-0.8704704927942822,1.4871213625835011,0,-0.48013575169824046,-1.4551622381826224,0,0,0.0,-0.42535065589112697,2.0,-1.0625603920205846,0.21908482524157158,-0.5161187579060122,0.05847107997245759,0.420165236321528,1.4036738322324451,-1.0439204773794777,-1.4497539356267808
-0.11574916613304052,1,0,4,0.851622583123619,1.1336131655093022,-0.4370393620473682,1.759426673259986,-0.30586504915041257,0,0.4108291997139728,0.896459281152263,0,0,0.0,-0.42535065589112697,2.0,0.0586300606383676,0.9068875396110557,-0.713917054524618,-1.3728754307866702,-0.5467779619793477,-1.224902167326644,1.6120453668038925,0.2771455121201332
0.7550218815564114,0,4,1,-0.9962790146142717,-1.237286457359476,1.0253276931897544,0.006161895890473879,0.969913743814103,1,-0.48013575169824046,-0.27935147851517966,0,0,0.0,-0.42535065589112697,2.0,-0.6473046688135655,0.21908482524157158,-0.869330001867808,1.7260592478471701,-1.444653788973018,-0.23030584316915068,0.423850120721859,0.4152974679398865
-1.5670342456154605,0,3,3,0.39312068293301444,0.5781452538657602,1.3038737989492057,0.006161895890473879,0.8319917121422635,1,-0.48013575169824046,0.896459281152263,0,0,0.0,-0.42535065589112697,2.0,-0.3151000902479498,-0.9639358434739417,0.4163589261531287,-0.20556371327437178,-0.8230474472081696,0.7642904809883426,-1.0439204773794777,0.48437344584976233
-1.5670342456154605,2,2,0,0.6710006224424719,0.5645972560207955,0.6075085345505763,0.88279428457523,1.280238315075742,1,1.3017941511261861,1.4843646609859844,0,0,0.0,-0.42535065589112697,2.0,1.6642855237055092,-1.5692022321190875,-0.1629075139442165,-0.2194602813399941,-0.4777105906721423,0.9774182647363772,0.8432131487508118,1.3823611586781577
1.3355359133493794,2,2,3,-0.9962790146142717,-0.9121345090803292,0.25932590235126196,-0.8704704927942822,0.24582307753694552,1,-0.48013575169824046,0.30855390131854166,0,0,0.0,-0.42535065589112697,2.0,-1.6439184045104116,1.113228353921901,1.151038313593664,0.9061617319754368,-0.7539800759009642,0.48012010265763005,-0.6245574493505242,-0.1373103553391265
1.3355359133493794,0,2,1,1.4212764591180058,1.567149096548165,0.25932590235126196,0.006161895890473879,-1.5126828262790084,1,1.3017941511261861,-0.867256858348901,0,0,0.0,-0.42535065589112697,2.0,1.4704995195422332,-1.376617472095632,-1.03887139896947,0.9756445723035496,-0.4777105906721423,-1.224902167326644,0.004487092692905432,0.553449423759639
-0.6962631979260084,0,1,1,0.7821525982462543,0.8220092150751199,-1.760133364404764,-0.8704704927942822,-0.34034555706837244,0,-1.3711007031104538,0.896459281152263,1,1,2.0,1.9570595794675738,1.0,0.48772764128562096,-1.0327161149108899,1.1086529643182481,0.6560235067942297,-0.06330636282891022,1.4747164268151234,-0.34498209733122254,-0.8971461123477686
-0.9865202138224924,0,0,4,-0.5794591053500862,-0.4515025823515381,-0.3674028356075052,0.88279428457523,0.7630306963063437,0,-1.3711007031104538,-0.867256858348901,0,0,0.0,-0.42535065589112697,2.0,-1.46397425778737,0.5354740738515343,1.6314056053817059,-1.4979445433772738,-0.27050847675052664,0.053864535161561936,-0.8342389633650009,1.6586650703176642
0.4647648656599274,2,0,2,1.1850785105349673,1.214901152579089,-0.5066758884872304,-0.8704704927942822,-0.40930657290429223,1,-0.48013575169824046,0.896459281152263,0,0,0.0,-0.42535065589112697,2.0,-1.2840301110643282,0.7693269967371588,0.30333132808535396,0.07236764803808052,0.6964347215503491,-0.23030584316915068,0.07438093069773102,-0.3445382890687564
1.6257929292458633,1,3,1,1.2962304863387504,1.0387771805945512,0.9556911667498914,0.006161895890473879,-0.09898200164265329,1,0.4108291997139728,-0.27935147851517966,0,0,0.0,-0.42535065589112697,2.0,-1.2148208238631582,-0.7438389748757065,1.2923228111783822,0.18354019256306145,-0.6158453332865532,0.12490712974424009,-0.9740266393746521,-1.6569818693564107
-0.6962631979260084,2,4,2,0.5042726587367975,0.70007723447044,0.6771450609904393,0.88279428457523,1.6250433942553408,0,0.4108291997139728,0.896459281152263,1,0,1.0,3.1482646971469244,1.0,0.847615934731704,1.2645449510831872,0.5576434237378471,-1.0949440694742183,-1.0993169324369914,-1.3669873564919994,1.542151528799067,0.6225254016695156
-1.5670342456154605,1,0,3,-0.5933531023255587,-0.546338567266289,-1.620860311525038,0.006161895890473879,0.07342053794714612,0,0.4108291997139728,-0.867256858348901,0,0,0.0,-0.42535065589112697,2.0,-0.7718813857756711,-1.514178014969529,0.34571667736076916,-0.1360808729462584,0.35109786501432255,0.12490712974424009,1.0528946627652886,0.898829313309022
-0.4060061820295245,2,1,3,-0.2737911718896829,-0.08570664053749803,1.5824199047086578,-0.8704704927942822,1.6250433942553408,0,0.4108291997139728,-1.4551622381826224,1,1,1.0,1.9570595794675738,0.0,1.124453083536384,-0.977691897761331,0.5717718734963186,0.07236764803808052,-1.2374516750514024,-1.7222003294053903,1.542151528799067,-1.3116019798070275
0.7550218815564114,0,3,4,0.51816665571227,0.6187892474006533,-1.1334046264459976,-0.8704704927942822,-0.6161896204120515,0,-0.48013575169824046,0.896459281152263,0,0,0.0,-0.42535065589112697,2.0,-0.6611465262537992,-1.3903735263830217,1.3488366102122695,0.39198871354740034,0.6964347215503491,-0.15926324858647253,0.9131069867556374,0.2771455121201332
-0.4060061820295245,0,2,0,-0.45441313257082994,-0.6411745521810406,-0.22812978272777917,-0.8704704927942822,0.8664722200602234,1,-1.3711007031104538,0.896459281152263,1,1,2.0,3.1482646971469244,0.0,0.432360211524685,0.2053287709541816,0.34571667736076916,1.5454038629940765,0.5582999789359382,0.48012010265763005,0.9131069867556374,1.2442092028584053
-0.4060061820295245,1,4,4,0.39312068293301444,0.33428129265639994,-1.2726776793257237,1.759426673259986,-0.9954752075096102,1,-0.48013575169824046,1.4843646609859844,0,0,0.0,-0.42535065589112697,2.0,1.428973947221531,-1.3078372006586834,0.2326890792929951,-0.5668744829805592,0.21296312239991164,-0.9407317889959314,-0.20519442132157134,1.2442092028584053
1.3355359133493794,2,2,4,-0.5238831174481946,-0.4650505801965023,-1.411950732205449,-0.8704704927942822,1.3491993309116617,1,1.3017941511261861,-0.27935147851517966,0,0,0.0,-0.42535065589112697,2.0,-1.3670812557057321,-1.3078372006586834,0.6565425720471497,0.6282303706629845,-0.8230474472081696,1.1195034539017334,-1.3234958293987793,1.4514371365880343
0.17450784976344344,2,1,3,1.532428434921789,1.4045731224085913,-1.5512237850851749,-0.8704704927942822,0.6595891725524641,1,1.3017941511261861,-1.4551622381826224,0,0,0.0,-0.42535065589112697,2.0,-0.024421084003036338,0.5492301281389237,-0.5302472076644837,-1.5952205198366318,1.6633779198512249,1.1195034539017334,-1.4632835054084306,-0.20638633324900313
0.4647648656599274,1,2,1,1.1017145286821302,0.7678172236952621,-0.9941315735662716,-0.8704704927942822,-1.1333972391814497,0,-1.3711007031104538,0.896459281152263,0,0,0.0,-0.42535065589112697,2.0,0.90298336449264,-0.6062784320018095,-0.954100700418639,0.8644720277785687,0.8345694641647601,-0.7986465998305751,1.33247001478459,0.6225254016695156
-0.4060061820295245,1,4,1,0.8238345891726733,0.7407212280053331,1.5824199047086578,0.006161895890473879,-1.4782023183610484,0,-0.48013575169824046,-0.867256858348901,0,0,0.0,-0.42535065589112697,2.0,-0.4396768072100554,-0.12481653194317052,0.6000287730132623,1.2952656378128695,-0.27050847675052664,0.12490712974424009,1.681939204808718,-1.587905891446534
-1.5670342456154605,0,4,0,1.6435804107255718,1.8787530469823472,-1.0637681000061345,0.006161895890473879,0.8319917121422635,1,-1.3711007031104538,-1.4551622381826224,0,0,0.0,-0.42535065589112697,2.0,1.0690856537754478,-1.6104703949812564,-1.6463947385837583,0.9200583000410592,-0.4777105906721423,0.2669923189095964,-0.7643451253601753,-1.1043740460773985
-0.9865202138224924,1,1,0,-1.6354028754860233,-1.4676024207238718,1.0253276931897544,0.88279428457523,1.2112772992398222,0,1.3017941511261861,0.30855390131854166,0,0,0.0,-0.42535065589112697,2.0,-0.09363037120420598,-0.6062784320018095,-1.3073119443804344,-0.45570193845557827,0.5582999789359382,0.8353330755710208,-0.13530058331674574,0.48437344584976233
1.3355359133493794,2,4,4,0.5459546496632157,0.5375012603308665,-1.760133364404764,-0.8704704927942822,-0.6506701283300114,1,-0.48013575169824046,-0.27935147851517966,0,0,0.0,-0.42535065589112697,2.0,-0.09363037120420598,1.4158615482444736,0.7978270696318681,0.6421269387286074,0.0748283797855007,-1.5090725456573557,-1.3933896674036048,-0.6899181786181388
-0.9865202138224924,0,1,4,-0.7739750630067057,-1.020518491840045,-1.2030411528858607,1.759426673259986,-0.9954752075096102,1,0.4108291997139728,-0.27935147851517966,0,0,0.0,-0.42535065589112697,2.0,1.512025091862935,-0.26237707481706746,1.4759926580385159,-1.136633773671086,-1.168384303744197,1.5457590213978016,0.004487092692905432,-1.1043740460773985
-0.9865202138224924,2,4,1,1.1156085256576034,0.8762012064549777,0.7467815874303023,0.88279428457523,-0.6506701283300114,1,1.3017941511261861,1.4843646609859844,0,0,0.0,-0.42535065589112697,2.0,1.1659786558570855,1.2370328425084078,-1.6463947385837583,-0.30283968973372977,-1.6518559028946345,1.1905460484844115,-1.1138143153843032,0.6225254016695156
-1.5670342456154605,1,3,1,-0.7322930720802874,-0.3973105909716803,0.8164181138701654,-0.8704704927942822,-0.5127480966581719,0,0.4108291997139728,-1.4551622381826224,1,0,0.0,-0.42535065589112697,2.0,0.9998763665742783,0.7280588338749894,-0.6856601550076743,0.016781375775590055,-1.444653788973018,1.1195034539017334,-0.8342389633650009,1.313285180768281
0.4647648656599274,2,4,2,-0.9962790146142717,-0.6818185457159337,1.3735103253890688,-0.8704704927942822,1.6595239021733006,1,0.4108291997139728,-0.27935147851517966,0,0,0.0,-0.42535065589112697,2.0,1.207504228177788,0.5492301281389237,1.1086529643182481,-0.9698749568836147,-0.4086432193649376,0.48012010265763005,1.33247001478459,0.553449423759639
-0.6962631979260084,0,4,1,1.6852624016519908,1.8516570512924182,1.5824199047086578,-0.8704704927942822,0.10790104586510599,0,-0.48013575169824046,-1.4551622381826224,0,0,0.0,-0.42535065589112697,2.0,0.5015694987258547,1.2920570596579666,-0.3748342603212938,-0.23335684940561702,0.0748283797855007,-1.7222003294053903,0.004487092692905432,-0.6899181786181388
0.7550218815564114,0,3,4,-1.4408869178294035,-1.3727664358091205,1.5127833782687947,-0.8704704927942822,-0.2713845412324527,0,1.3017941511261861,-1.4551622381826224,0,0,0.0,-0.42535065589112697,2.0,0.2108904924809412,1.5396660368309811,0.868469318424227,0.6977132109910978,-0.27050847675052664,-0.7986465998305751,0.14427476870255662,1.313285180768281
1.6257929292458633,1,2,2,1.032244543804766,1.2013531547341247,-0.3674028356075052,0.88279428457523,-1.4782023183610484,1,-1.3711007031104538,0.30855390131854166,0,0,0.0,-0.42535065589112697,2.0,-1.0764022494608185,-1.514178014969529,1.3488366102122695,0.1696436244974385,-1.2374516750514024,-1.580115140240034,-1.3234958293987793,-0.06823437742924988
-0.11574916613304052,2,1,1,1.0183505468292935,0.8762012064549777,-0.019220203408190112,-0.8704704927942822,-0.7196311441659311,0,0.4108291997139728,0.896459281152263,0,0,0.0,-0.42535065589112697,2.0,1.04140193889498,-0.5787663234270302,-1.2931834946219625,1.3369553420097375,-0.9611821898225805,-0.7276040052478969,0.7034254727411606,0.6225254016695156
-0.9865202138224924,0,0,3,-0.5377771144236672,-0.7766545306306849,1.3735103253890688,0.006161895890473879,-1.374760794607169,0,0.4108291997139728,-0.27935147851517966,1,0,0.0,-0.42535065589112697,1.0,-0.0797885137639723,-0.7300829205883166,-0.21942131297810386,0.9478514361723044,-0.27050847675052664,-1.0828169781612877,-0.48476977334087296,0.8297533353991454
1.6257929292458633,1,4,1,-0.6906110811538692,-0.7902025284756493,-1.2726776793257237,1.759426673259986,0.4871866329626647,0,1.3017941511261861,-0.867256858348901,0,0,0.0,-0.42535065589112697,2.0,-1.0071929622596487,-1.4041295806704113,-0.36070581056282225,-0.46959850652120116,0.14389575109270616,0.8353330755710208,-1.3234958293987793,1.0369812691287754
-1.5670342456154605,1,1,1,-0.4683071295463031,-0.5327905694213249,-0.15849325628791613,-0.8704704927942822,-1.02995571542757,0,-1.3711007031104538,-1.4551622381826224,0,0,0.0,-0.42535065589112697,2.0,0.0586300606383676,-0.35866945482879503,-0.12052216466880064,-1.0115646610804825,0.00576100847829524,-1.224902167326644,0.8432131487508118,0.34622149003000985
0.4647648656599274,1,3,3,-0.5238831174481946,-0.6276265543360758,-1.342314205765586,0.006161895890473879,-0.16794301747857304,1,1.3017941511261861,0.30855390131854166,0,0,0.0,-0.42535065589112697,2.0,-0.27357451792724813,1.4708857653940324,-0.177035963702688,-1.5813239517710092,-0.06330636282891022,1.0484608593190552,0.4937439587266838,1.5895890924077876
0.17450784976344344,0,4,4,-1.0240670085652175,-0.6547225500260048,1.6520564311485209,1.759426673259986,1.1423162834039025,1,1.3017941511261861,0.896459281152263,1,1,0.0,-0.42535065589112697,0.0,1.04140193889498,-0.6888147577261478,-0.07813681539338543,1.045127412631663,0.00576100847829524,-0.30134843775182885,-1.6729650194229073,0.20806953421025662
-0.6962631979260084,1,0,0,0.33754469503112294,0.18525331636179115,0.050416323031672906,-0.8704704927942822,1.2112772992398222,1,-1.3711007031104538,-0.27935147851517966,0,0,0.0,-0.42535065589112697,2.0,-1.505499830108072,0.1503045538046228,-1.5051102409990402,-0.14997744101188132,-0.8230474472081696,1.5457590213978016,-1.6729650194229073,-0.3445382890687564
-0.6962631979260084,1,2,4,-1.5242508996822406,-1.5624384056386227,1.0949642196296174,-0.8704704927942822,0.6595891725524641,0,1.3017941511261861,-1.4551622381826224,0,0,0.0,-0.42535065589112697,2.0,-0.7857232432159048,-1.1427645492100074,-1.1660274467957163,-1.5674273837053865,1.2489736920079928,0.053864535161561936,-0.6245574493505242,-0.7589941565280154
1.3355359133493794,1,0,3,-0.4960951234972489,-0.5192425715763601,-0.9244950471264086,-0.8704704927942822,0.383745109208785,1,-1.3711007031104538,-1.4551622381826224,0,0,0.0,-0.42535065589112697,2.0,1.5812343790641052,-1.6654946121308152,-1.6040093893083431,0.044574511906835285,1.4561758059296086,0.8353330755710208,0.423850120721859,-1.587905891446534
0.17450784976344344,2,1,4,-1.677084866412442,-1.630178394863445,0.5378720081107132,-0.8704704927942822,0.14238155378306588,1,1.3017941511261861,-1.4551622381826224,1,1,2.0,3.1482646971469244,2.0,0.37699278176374906,-0.4687178891279126,-0.9399722506601669,0.29471273708804235,1.3180410633151975,0.053864535161561936,0.5636377967315094,-0.48269024488850887
-0.9865202138224924,1,0,4,-0.74618706905576,-0.8579425177004714,-0.5066758884872304,0.006161895890473879,0.34926460129082515,0,0.4108291997139728,0.896459281152263,0,0,0.0,-0.42535065589112697,2.0,1.5258669493031694,1.6497144711300988,1.151038313593664,1.7538523839784155,-0.8230474472081696,1.1905460484844115,-0.34498209733122254,0.8297533353991454
1.3355359133493794,2,4,4,0.5042726587367975,0.374925286191293,0.8860546403100283,-0.8704704927942822,-1.02995571542757,0,-0.48013575169824046,-1.4551622381826224,0,0,0.0,-0.42535065589112697,2.0,-1.0902441069010527,0.5767422367137031,-1.7876792361684768,1.1979896613535115,0.0748283797855007,1.5457590213978016,-0.06540674531192016,-0.20638633324900313
0.7550218815564114,2,1,0,1.5880044228236805,1.8245610556024894,-1.5512237850851749,0.88279428457523,-1.6506048579508479,1,1.3017941511261861,0.896459281152263,0,0,0.0,-0.42535065589112697,2.0,0.847615934731704,1.374593385382305,-0.8975869013847516,0.4892646900067584,-1.582788531587429,-0.44343362691718513,-0.6944512873553498,-0.9662220902576453
0.7550218815564114,1,4,1,1.6157924167746263,1.8652050491373824,1.3735103253890688,0.88279428457523,-1.3057997787712492,0,1.3017941511261861,-1.4551622381826224,0,0,0.0,-0.42535065589112697,2.0,1.539708806743403,0.1778166623794022,-0.06400836563491329,-0.5251847787836916,0.7655020928575547,0.12490712974424009,1.542151528799067,-0.8971461123477686
1.0452788974528953,1,4,4,0.5320606526877432,0.38847328403625775,-0.5763124149270935,-0.8704704927942822,-0.3748260649863323,0,-1.3711007031104538,0.896459281152263,1,0,0.0,-0.42535065589112697,2.0,0.90298336449264,1.0719601910597316,0.020762332915917142,1.4759210226659631,-0.06330636282891022,-1.1538595727439658,-0.48476977334087296,1.3823611586781577
0.4647648656599274,0,3,3,-0.7600810660312332,-1.0747104832199026,-0.7852219942466825,1.759426673259986,1.0733552675679827,0,0.4108291997139728,0.896459281152263,1,1,2.0,0.7658544617882235,0.0,-1.477816115227604,0.838107268174107,0.16204683050063556,0.29471273708804235,-0.7539800759009642,1.1195034539017334,-1.7428588574277328,-0.5517662227983855
-1.2767772297189763,0,4,4,-1.1491129813444734,-1.2508344552044404,0.18968937591139895,0.006161895890473879,1.5216018705014611,0,0.4108291997139728,-0.867256858348901,0,0,0.0,-0.42535065589112697,2.0,-1.0902441069010527,-1.6517385578434256,-1.2931834946219625,1.698266111715925,-0.9611821898225805,1.5457590213978016,-1.0439204773794777,1.520513114497911
0.17450784976344344,0,2,4,0.4209086768839602,0.5916932517107244,-1.760133364404764,-0.8704704927942822,-0.16794301747857304,1,1.3017941511261861,-0.867256858348901,0,0,0.0,-0.42535065589112697,2.0,-0.2597326604870139,-0.2211089119548987,0.13378993098369188,1.03123084456604,-0.06330636282891022,-1.7222003294053903,0.9830008247604629,-1.4497539356267808
1.6257929292458633,2,2,3,-0.7878690599821789,-0.6005305586461469,0.6075085345505763,0.88279428457523,-1.2023582550173695,0,-0.48013575169824046,-0.27935147851517966,1,1,1.0,1.9570595794675738,0.0,0.7091973603293642,-0.9226676806117723,-0.43134805935518117,0.7255063471223431,-0.4777105906721423,-1.224902167326644,0.07438093069773102,0.7606773574892688
-0.6962631979260084,1,4,1,-1.3297349420256204,-1.508246414258765,-0.8548585206865456,1.759426673259986,0.24582307753694552,0,1.3017941511261861,-0.867256858348901,0,0,0.0,-0.42535065589112697,2.0,-1.7131276917115814,-0.5374981605648614,-0.06400836563491329,1.1562999571566432,1.1799063207007874,0.7642904809883426,-0.9041328013698265,0.7606773574892688
0.4647648656599274,1,0,0,-1.7465548512898064,-1.968878340987556,1.5127833782687947,0.88279428457523,1.5216018705014611,1,-0.48013575169824046,0.896459281152263,0,0,0.0,-0.42535065589112697,2.0,1.5535506641836372,-0.8676434634622135,-0.04987991587644175,-1.1227372056054634,-0.5467779619793477,-0.8696891944132532,-0.06540674531192016,-0.27546231115887976
-0.11574916613304052,0,2,1,-0.28768516886515605,-0.1263506340723911,-0.5763124149270935,-0.8704704927942822,-0.40930657290429223,0,-0.48013575169824046,-0.867256858348901,0,0,0.0,-0.42535065589112697,2.0,-0.4535186646502897,0.7143027795876,-0.177035963702688,-1.1644269098023312,-0.27050847675052664,-1.295944761909322,-1.3234958293987793,-1.6569818693564107
-0.6962631979260084,0,4,3,0.44869667083490594,0.23944530774164902,-1.690496837964901,0.006161895890473879,-0.5127480966581719,0,-0.48013575169824046,-1.4551622381826224,0,0,0.0,-0.42535065589112697,2.0,-0.8134069580963729,1.5121539282562018,-0.24767821249504754,1.045127412631663,0.00576100847829524,-0.08822065400379436,-1.2536019913939545,1.2442092028584053
-0.9865202138224924,1,3,3,-0.6628230872029234,-0.7631065327857204,-0.019220203408190112,-0.8704704927942822,-0.4437870808222521,1,-1.3711007031104538,0.896459281152263,0,0,0.0,-0.42535065589112697,2.0,-0.0797885137639723,-1.1840327120721765,0.8119555193903396,-0.26114998553686225,0.14389575109270616,1.6168016159804797,-0.06540674531192016,1.106057247038652
0.17450784976344344,1,3,0,0.698788616393417,0.6865292366254753,-0.6459489413669565,1.759426673259986,-0.13346250956061317,1,0.4108291997139728,0.896459281152263,0,0,0.0,-0.42535065589112697,2.0,1.0829275112156815,-0.028524151931442948,1.2075521126275512,1.4203347504034733,0.35109786501432255,-0.017178059421116217,0.9830008247604629,-0.828070134437892
-1.2767772297189763,1,2,3,-1.3158409450501476,-1.603082399173516,-0.15849325628791613,-0.8704704927942822,1.1767967913218622,0,-1.3711007031104538,-1.4551622381826224,0,0,0.0,-0.42535065589112697,2.0,1.1382949409766177,-1.376617472095632,0.5859003232547908,-0.7753230039648981,0.972704206779171,1.6168016159804797,1.4023638527894158,-1.3116019798070275
-1.5670342456154605,1,4,4,-0.7739750630067057,-0.8985865112353647,-1.690496837964901,-0.8704704927942822,-0.5817091124940916,1,-1.3711007031104538,1.4843646609859844,0,0,0.0,-0.42535065589112697,2.0,-0.09363037120420598,0.5629861824263137,1.5607633565893468,0.3502990093505328,-1.5137211602802234,-0.017178059421116217,1.7518330428135438,-0.413614266978633
-0.6962631979260084,0,2,4,-0.4960951234972489,-0.20763862114217788,0.9556911667498914,0.006161895890473879,-0.13346250956061317,1,1.3017941511261861,-1.4551622381826224,0,0,0.0,-0.42535065589112697,2.0,-0.38430937744911947,1.6084463082679294,-1.519238690757512,1.1562999571566432,-0.5467779619793477,1.1905460484844115,1.7518330428135438,-0.5517662227983855
1.6257929292458633,2,0,0,0.2541807131782857,0.374925286191293,0.050416323031672906,1.759426673259986,1.5560823784194209,0,0.4108291997139728,1.4843646609859844,0,0,0.0,-0.42535065589112697,2.0,0.9168252219328743,0.8793754310362764,-0.1629075139442165,0.7949891874504559,-0.1323737341361157,1.2615886430670897,-0.5546636113456985,1.4514371365880343
-0.11574916613304052,1,1,3,0.031876761570719725,-0.05861064484756911,0.6771450609904393,0.006161895890473879,-0.5472286045761318,0,1.3017941511261861,0.30855390131854166,0,0,0.0,-0.42535065589112697,2.0,-0.35662566256865147,0.6042543452884824,-0.4737334086305964,-0.9976680930148599,1.3180410633151975,1.4747164268151234,0.423850120721859,1.106057247038652
-0.4060061820295245,2,3,2,1.4073824621425333,1.4723131116334134,0.6771450609904393,-0.8704704927942822,-0.5817091124940916,1,1.3017941511261861,-1.4551622381826224,0,0,0.0,-0.42535065589112697,2.0,0.9445089368133424,0.3841574766902473,0.0348907826743893,1.6704729755846797,-0.7539800759009642,-1.224902167326644,-0.7643451253601753,0.4152974679398865
-1.2767772297189763,1,0,3,-0.6211410962765045,-0.3024746060569294,-1.0637681000061345,0.88279428457523,1.4526408546655414,1,1.3017941511261861,0.896459281152263,1,0,2.0,0.7658544617882235,1.0,-0.8410906729768408,-0.028524151931442948,1.5325064570724032,-0.34452939393059734,0.4892326076287327,-0.30134843775182885,-1.6030711814180816,0.0008416004806267426
1.0452788974528953,1,0,3,1.3240184802896962,1.120065167664338,-0.4370393620473682,0.88279428457523,-1.5471633341969682,0,1.3017941511261861,-0.27935147851517966,1,1,1.0,3.1482646971469244,3.0,1.124453083536384,1.099472299634511,-0.8128162028339205,-0.7753230039648981,0.0748283797855007,1.6168016159804797,1.4722576907942413,-0.48269024488850887
0.7550218815564114,2,4,2,-1.5242508996822406,-1.413410429344014,0.5378720081107132,-0.8704704927942822,0.6251086646345042,0,0.4108291997139728,-1.4551622381826224,1,1,2.0,1.9570595794675738,1.0,0.030946345757899618,1.182008625358849,0.049019232432860826,-1.2617028862616892,-0.8230474472081696,0.19594972432691823,0.2840624447122078,0.2771455121201332
1.3355359133493794,0,2,3,1.4073824621425333,1.3639291288736977,0.7467815874303023,-0.8704704927942822,1.004394251732063,0,-0.48013575169824046,-1.4551622381826224,0,0,0.0,-0.42535065589112697,2.0,-0.8272488155366071,0.2878650966785198,1.1651667633521354,-0.6641504594399171,1.387108434622403,0.4090775080749527,-0.27508825932639697,0.4152974679398865
-0.11574916613304052,2,3,2,0.04577075854619291,0.07686933360207548,1.6520564311485209,-0.8704704927942822,1.4871213625835011,1,0.4108291997139728,1.4843646609859844,0,0,0.0,-0.42535065589112697,2.0,1.719652953466445,-1.2115448206469557,0.783698619873396,-1.2061166139991988,1.1799063207007874,0.33803491349227455,1.542151528799067,1.2442092028584053
-0.4060061820295245,2,4,1,-1.2741589541237288,-1.3050264465842982,0.050416323031672906,0.88279428457523,-1.340280286689209,1,-1.3711007031104538,-0.867256858348901,1,0,0.0,-0.42535065589112697,1.0,-1.5608672598690077,1.2783010053705772,1.038010715525889,1.03123084456604,-1.6518559028946345,-1.6511577348227122,0.14427476870255662,1.7277410482275408
1.3355359133493794,1,3,0,0.8655165800990916,0.8897492042999424,0.4682354816708502,-0.8704704927942822,-1.5471633341969682,0,1.3017941511261861,0.30855390131854166,0,0,0.0,-0.42535065589112697,2.0,-1.0071929622596487,0.5767422367137031,0.11966148122522034,1.1007136848941528,-1.0993169324369914,-0.8696891944132532,1.4722576907942413,1.520513114497911
-0.4060061820295245,2,2,2,-0.39883714466893844,-0.16699462760728478,1.0949642196296174,-0.8704704927942822,0.07342053794714612,1,1.3017941511261861,-0.27935147851517966,0,0,0.0,-0.42535065589112697,2.0,-1.7131276917115814,0.4942059109893649,0.5293865242209035,0.6004372345317393,0.0748283797855007,0.4090775080749527,1.1227885007701142,0.9679052912188987
-0.9865202138224924,0,0,1,-0.16263919608589988,-0.27537861036700045,0.6075085345505763,1.759426673259986,-0.6851506362479712,0,1.3017941511261861,-0.27935147851517966,1,1,1.0,0.7658544617882235,1.0,-0.09363037120420598,-0.2211089119548987,0.006633883157445615,1.1146102529597757,0.5582999789359382,-1.1538595727439658,0.8432131487508118,0.34622149003000985
-0.11574916613304052,1,1,0,0.6154246345405805,0.5645972560207955,-0.15849325628791613,-0.8704704927942822,-1.1678777470994095,1,0.4108291997139728,-0.867256858348901,1,0,0.0,-0.42535065589112697,3.0,-1.297871968504562,0.026500065218115834,-1.6322662888252868,-0.5807710510461821,0.420165236321528,1.1905460484844115,0.8432131487508118,-0.1373103553391265
-0.6962631979260084,0,1,1,-0.6906110811538692,-0.8443945198555072,-0.08885672984805312,-0.8704704927942822,0.004459522111226352,1,-0.48013575169824046,-0.867256858348901,1,1,2.0,3.1482646971469244,2.0,1.04140193889498,0.04025611950550523,1.5748918063478186,1.239679365550379,1.4561758059296086,-0.44343362691718513,0.14427476870255662,1.1751332249485287
1.3355359133493794,2,2,0,1.532428434921789,1.2419971482690177,0.8164181138701654,1.759426673259986,0.383745109208785,1,-0.48013575169824046,0.896459281152263,1,1,1.0,3.1482646971469244,2.0,-0.9795092473791807,1.2370328425084078,0.8260839691488118,-0.46959850652120116,0.6273673502431437,-1.1538595727439658,-0.4148759353360481,-0.413614266978633
0.17450784976344344,0,2,1,1.2962304863387504,1.1471611633542669,-0.7852219942466825,0.88279428457523,1.245757807157782,1,-1.3711007031104538,0.30855390131854166,0,0,0.0,-0.42535065589112697,2.0,1.124453083536384,0.5629861824263137,-0.3324489110458786,-0.6919435955711624,-0.3395758480577321,-0.30134843775182885,0.5636377967315094,1.4514371365880343
-0.6962631979260084,1,4,1,-0.9129150327614345,-0.6953665435608981,-0.7155854678068195,-0.8704704927942822,0.10790104586510599,0,0.4108291997139728,1.4843646609859844,0,0,0.0,-0.42535065589112697,2.0,-0.14899780096514192,0.026500065218115834,-0.869330001867808,-1.4284617030491606,-0.5467779619793477,-0.017178059421116217,-1.533177343413256,-1.4497539356267808
-0.6962631979260084,0,0,3,-1.1769009752954191,-1.3050264465842982,0.9556911667498914,-0.8704704927942822,1.0733552675679827,1,0.4108291997139728,-0.27935147851517966,0,0,0.0,-0.42535065589112697,2.0,-0.2874163753674818,1.4296176025318637,-0.3748342603212938,-0.14997744101188132,-1.3065190463586072,-0.6565614106652188,-0.34498209733122254,-1.6569818693564107
-0.11574916613304052,2,1,3,-0.5794591053500862,-0.7631065327857204,-1.411950732205449,-0.8704704927942822,1.5905628863373809,1,-0.48013575169824046,-1.4551622381826224,0,0,0.0,-0.42535065589112697,2.0,0.7091973603293642,-1.2665690377965144,-0.24767821249504754,0.5031612580723813,0.21296312239991164,1.687844210563158,0.9830008247604629,0.9679052912188987
1.0452788974528953,0,3,4,1.3101244833142236,1.0252291827495865,-0.3674028356075052,1.759426673259986,0.4871866329626647,0,-1.3711007031104538,-0.27935147851517966,0,0,0.0,-0.42535065589112697,2.0,-0.7026720985745009,-1.1290084949226178,-0.1346506144272728,1.072920548762908,-0.5467779619793477,1.4036738322324451,0.14427476870255662,-0.1373103553391265
-0.6962631979260084,0,4,1,0.3236506980556504,0.18525331636179115,0.7467815874303023,-0.8704704927942822,1.1423162834039025,0,-1.3711007031104538,1.4843646609859844,0,0,0.0,-0.42535065589112697,2.0,1.3874483749008293,0.2741090423911304,0.47287272518701606,1.0034377084347947,-0.8230474472081696,1.1195034539017334,-0.27508825932639697,-1.1043740460773985
0.17450784976344344,0,0,2,-1.204688969246365,-1.237286457359476,-0.22812978272777917,1.759426673259986,-1.6161243500328881,1,0.4108291997139728,-1.4551622381826224,1,0,0.0,-0.42535065589112697,1.0,0.5154113561660889,-0.5374981605648614,0.8967262179411707,-1.2478063181960668,0.2820304937071171,-0.7986465998305751,0.07438093069773102,-0.6208422007082621
0.4647648656599274,1,4,1,-1.5103569027067678,-1.2914784487393338,0.5378720081107132,-0.8704704927942822,0.5216671408806246,1,-0.48013575169824046,1.4843646609859844,0,0,0.0,-0.42535065589112697,2.0,-0.21820708816631218,1.5121539282562018,-0.43134805935518117,1.6148867033221892,1.4561758059296086,0.5511626972403082,-1.7428588574277328,-0.3445382890687564
1.6257929292458633,0,3,1,-1.6354028754860233,-1.779206371158054,0.5378720081107132,1.759426673259986,-1.4092413025251287,1,0.4108291997139728,1.4843646609859844,1,0,2.0,1.9570595794675738,1.0,-0.4119930923295874,-1.115252440635228,-1.7311654371345893,-0.45570193845557827,0.7655020928575547,1.4747164268151234,0.5636377967315094,-0.3445382890687564
1.3355359133493794,1,3,4,-0.7600810660312332,-0.5192425715763601,-0.15849325628791613,-0.8704704927942822,-0.9954752075096102,1,0.4108291997139728,-0.27935147851517966,0,0,0.0,-0.42535065589112697,2.0,-1.0902441069010527,0.04025611950550523,-0.04987991587644175,1.1701965252222661,1.4561758059296086,0.5511626972403082,-0.6944512873553498,0.6225254016695156
-0.4060061820295245,1,1,0,1.212866504485913,1.4587651137884492,-0.9941315735662716,0.006161895890473879,-1.06443622334553,0,-0.48013575169824046,1.4843646609859844,1,1,0.0,-0.42535065589112697,2.0,-1.46397425778737,0.7143027795876,-0.38896271007976596,1.5454038629940765,-0.6849127045937586,1.1905460484844115,0.633531634736335,1.2442092028584053
0.17450784976344344,0,4,2,-0.39883714466893844,-0.6276265543360758,0.8164181138701654,0.88279428457523,0.4527061250447048,0,1.3017941511261861,-0.27935147851517966,0,0,0.0,-0.42535065589112697,2.0,0.8337740772914704,0.3979135309776373,1.1086529643182481,-0.14997744101188132,1.5943105485440194,0.19594972432691823,-0.6245574493505242,-1.4497539356267808
0.17450784976344344,1,3,4,0.851622583123619,1.160709161199231,-0.3674028356075052,-0.8704704927942822,0.9009527279781833,1,-0.48013575169824046,-1.4551622381826224,0,0,0.0,-0.42535065589112697,2.0,1.608918093944573,-0.9639358434739417,0.26094597880993875,0.7394029151879654,1.110838949393582,-0.372391032334507,0.633531634736335,-0.6899181786181388
1.3355359133493794,2,0,1,0.740470607319836,0.6052412495556891,-1.2726776793257237,-0.8704704927942822,-1.7195658737867676,0,0.4108291997139728,-0.867256858348901,1,0,1.0,1.9570595794675738,0.0,-1.6439184045104116,-1.3628614178082423,0.5152580744624313,-0.6780470275055401,1.5943105485440194,-0.23030584316915068,-0.27508825932639697,0.6225254016695156
1.3355359133493794,0,0,2,-0.4960951234972489,-0.6953665435608981,-1.5512237850851749,-0.8704704927942822,0.10790104586510599,0,1.3017941511261861,-0.27935147851517966,0,0,0.0,-0.42535065589112697,2.0,-1.408606828026434,1.6222023625553195,0.4163589261531287,1.7260592478471701,-0.5467779619793477,1.687844210563158,-1.2536019913939545,-1.587905891446534
1.0452788974528953,1,2,3,0.5320606526877432,0.21234931205172008,1.0253276931897544,0.88279428457523,-0.2713845412324527,0,1.3017941511261861,0.896459281152263,0,0,0.0,-0.42535065589112697,2.0,0.47388578384538665,-1.1565206034973972,0.8967262179411707,0.33640244128490987,1.4561758059296086,-0.5144762214998625,1.681939204808718,0.2771455121201332
-0.9865202138224924,2,4,1,1.6991563986274634,1.6619850814629158,-1.620860311525038,-0.8704704927942822,0.03894003002918623,1,0.4108291997139728,1.4843646609859844,0,0,0.0,-0.42535065589112697,2.0,0.46004392640515296,-1.6517385578434256,-1.3920826429312654,-1.136633773671086,-0.9611821898225805,1.0484608593190552,-0.6944512873553498,-0.6208422007082621
-0.9865202138224924,1,3,1,0.44869667083490594,0.11751332713696856,-1.342314205765586,-0.8704704927942822,0.03894003002918623,0,-0.48013575169824046,1.4843646609859844,0,0,0.0,-0.42535065589112697,2.0,0.9721926516938103,1.4708857653940324,-1.5757524897913995,-0.6363573233086726,0.5582999789359382,-0.6565614106652188,-0.13530058331674574,-1.6569818693564107
-1.2767772297189763,2,4,3,1.3240184802896962,0.9710371913697292,1.1646007460694805,0.006161895890473879,-0.788592160001851,1,1.3017941511261861,0.896459281152263,0,0,0.0,-0.42535065589112697,2.0,1.401290232341063,-1.0327161149108899,0.868469318424227,0.683816642925475,-0.8230474472081696,0.5511626972403082,1.4722576907942413,1.4514371365880343
-0.4060061820295245,1,4,0,-1.579826887584132,-1.7927543690030185,0.5378720081107132,0.88279428457523,0.24582307753694552,1,0.4108291997139728,0.896459281152263,1,1,2.0,0.7658544617882235,3.0,-0.065946656323738,0.3979135309776373,-0.10639371491032912,1.6843695436503026,-0.6849127045937586,1.332631237649767,-1.3933896674036048,0.34622149003000985
-0.11574916613304052,0,1,3,0.9349865649764563,0.9168451999898714,-1.0637681000061345,0.006161895890473879,-1.1678777470994095,1,0.4108291997139728,0.30855390131854166,0,0,0.0,-0.42535065589112697,2.0,0.10015563295906926,0.4254256395524167,1.1651667633521354,1.4759210226659631,-0.1323737341361157,-1.5090725456573557,1.0528946627652886,-0.06823437742924988
-0.9865202138224924,1,2,1,-0.6767170841783959,-0.8714905155454358,-1.1334046264459976,0.88279428457523,-1.5816438421149281,0,-1.3711007031104538,0.896459281152263,0,0,0.0,-0.42535065589112697,2.0,-0.6611465262537992,1.4296176025318637,-0.8552015521093358,1.4620244546003407,1.387108434622403,1.4747164268151234,0.004487092692905432,1.2442092028584053
0.7550218815564114,2,3,0,-0.20432118701231883,-0.13989863191735588,-1.620860311525038,-0.8704704927942822,-1.5126828262790084,0,-1.3711007031104538,0.30855390131854166,1,1,0.0,-0.42535065589112697,1.0,-1.477816115227604,0.08152428236767462,-1.3779541931727937,-0.6780470275055401,-0.8230474472081696,1.1905460484844115,-1.0439204773794777,1.0369812691287754
-0.11574916613304052,2,0,4,0.851622583123619,0.9981331870596581,-0.08885672984805312,-0.8704704927942822,0.4527061250447048,1,-0.48013575169824046,-0.27935147851517966,0,0,0.0,-0.42535065589112697,2.0,1.5673925216238709,-1.1840327120721765,0.2044321797760514,1.6426798394534345,1.2489736920079928,1.2615886430670897,1.1227885007701142,-0.6899181786181388
-0.11574916613304052,2,4,4,0.3792266859575413,0.5645972560207955,0.398598955230988,0.006161895890473879,-0.5127480966581719,0,1.3017941511261861,-0.27935147851517966,0,0,0.0,-0.42535065589112697,2.0,0.5984625008074929,0.21908482524157158,1.193423662869079,-0.8587024123586338,-1.582788531587429,-1.1538595727439658,-0.5546636113456985,-1.1043740460773985
0.17450784976344344,1,1,4,-0.35715515374252016,-0.04506264700260435,-0.5066758884872304,0.006161895890473879,0.5906281567165443,0,-0.48013575169824046,0.896459281152263,0,0,0.0,-0.42535065589112697,2.0,-1.0625603920205846,0.4529377481271961,1.3205797106953259,0.5587475303348718,1.110838949393582,0.053864535161561936,0.7733193107459861,1.3823611586781577
0.4647648656599274,2,2,3,1.4073824621425333,1.4181211202535555,1.3735103253890688,-0.8704704927942822,-0.9265141916736904,1,0.4108291997139728,-1.4551622381826224,0,0,0.0,-0.42535065589112697,2.0,-1.519341687548306,-0.04228020621883234,-1.2225412458296037,0.4892646900067584,-0.20144110544332117,-1.1538595727439658,-0.27508825932639697,-0.8971461123477686
-1.5670342456154605,0,4,4,-1.6076148815350775,-1.2914784487393338,-1.411950732205449,0.006161895890473879,-0.7196311441659311,0,-1.3711007031104538,-0.27935147851517966,0,0,0.0,-0.42535065589112697,2.0,-1.6439184045104116,-0.977691897761331,-0.6574032554907306,-1.623013655967877,0.14389575109270616,0.48012010265763005,-0.9740266393746521,0.13899355630038
1.0452788974528953,0,2,4,-1.579826887584132,-1.6843703862433028,0.12005284947153592,-0.8704704927942822,-1.02995571542757,0,1.3017941511261861,0.896459281152263,0,0,0.0,-0.42535065589112697,2.0,-0.7857232432159048,-1.6517385578434256,-1.5757524897913995,1.628783271387812,-0.5467779619793477,1.2615886430670897,1.6120453668038925,1.520513114497911
1.6257929292458633,0,4,4,0.08745274947261122,-0.13989863191735588,-1.481587258645312,1.759426673259986,-0.8230726679198108,1,1.3017941511261861,-1.4551622381826224,1,0,0.0,-0.42535065589112697,0.0,-0.9241418176182448,-1.5004219606821392,-0.4454765091136527,0.5587475303348718,1.7324452911584303,-0.9407317889959314,1.4722576907942413,-1.5188299135366574
-0.6962631979260084,2,0,1,1.1433965196085492,1.4452171159434843,-0.7155854678068195,-0.8704704927942822,0.10790104586510599,0,-0.48013575169824046,-1.4551622381826224,0,0,0.0,-0.42535065589112697,2.0,-0.9241418176182448,-0.5374981605648614,1.2640659116614386,0.05847107997245759,-0.8921148185153751,-0.44343362691718513,-1.3933896674036048,1.3823611586781577
1.6257929292458633,1,0,0,1.657474407701045,1.7297250706877378,1.1646007460694805,0.006161895890473879,-1.4782023183610484,1,-1.3711007031104538,-0.867256858348901,0,0,0.0,-0.42535065589112697,2.0,-0.6473046688135655,-0.1935968033801193,1.0803960648013042,-0.8309092762273885,-0.6849127045937586,1.1905460484844115,0.004487092692905432,1.106057247038652
-0.11574916613304052,2,2,1,-0.35715515374252016,-0.11280263622742695,1.4431468518289317,0.88279428457523,0.41822561712674494,0,0.4108291997139728,1.4843646609859844,1,1,0.0,-0.42535065589112697,0.0,0.3077834945625794,-1.4041295806704113,-0.8128162028339205,1.253575933616002,-1.6518559028946345,-1.5090725456573557,-0.48476977334087296,1.7277410482275408
-1.2767772297189763,2,1,2,-0.4960951234972489,-0.8172985241655782,-0.4370393620473682,0.006161895890473879,-0.2369040333144928,0,-0.48013575169824046,-0.27935147851517966,0,0,0.0,-0.42535065589112697,2.0,0.4185183540844507,-1.5967143406938669,0.049019232432860826,-0.8031161400961433,-0.6849127045937586,-0.15926324858647253,1.4722576907942413,0.7606773574892688
0.17450784976344344,1,4,2,-0.28768516886515605,-0.4650505801965023,0.5378720081107132,0.006161895890473879,-0.5817091124940916,0,1.3017941511261861,-0.867256858348901,0,0,0.0,-0.42535065589112697,2.0,-0.6611465262537992,1.5396660368309811,1.5748918063478186,-0.24725341747123933,0.5582999789359382,1.1195034539017334,1.1227885007701142,-1.6569818693564107
-1.2767772297189763,0,0,4,0.7126826133688903,0.7271732301603689,0.18968937591139895,-0.8704704927942822,-0.06450149372469341,0,-1.3711007031104538,0.30855390131854166,1,1,1.0,0.7658544617882235,2.0,-1.547025402428774,0.8931314853236658,-0.6997886047661458,-0.38621909812746547,-0.06330636282891022,-0.017178059421116217,-1.0439204773794777,0.6225254016695156
0.17450784976344344,2,4,2,-0.07927521423306265,-0.41085858881664444,-0.3674028356075052,1.759426673259986,-1.340280286689209,0,1.3017941511261861,1.4843646609859844,0,0,0.0,-0.42535065589112697,2.0,0.7368810752098321,-1.1014963863478384,-1.7594223366515331,-1.136633773671086,-0.4086432193649376,-1.4380299510746777,-1.0439204773794777,0.898829313309022
1.6257929292458633,1,0,0,0.6432126284915262,0.6187892474006533,0.8164181138701654,-0.8704704927942822,-1.02995571542757,1,-1.3711007031104538,-0.867256858348901,1,1,2.0,0.7658544617882235,2.0,-0.09363037120420598,0.7555709424497689,-1.0671282984864137,1.045127412631663,-0.27050847675052664,-1.3669873564919994,-1.3234958293987793,-1.1734500239872752
-1.5670342456154605,0,2,2,1.6991563986274634,1.7568210663776667,-0.7155854678068195,1.759426673259986,1.0388747596500227,1,-0.48013575169824046,-0.867256858348901,0,0,0.0,-0.42535065589112697,2.0,1.6366018088250411,0.7143027795876,0.4587442754285439,1.5176107268628312,1.525243177236814,1.332631237649767,1.2625761767797654,0.6225254016695156
1.3355359133493794,1,0,3,0.29586270410470467,0.19880131420675531,1.4431468518289317,1.759426673259986,1.245757807157782,1,-0.48013575169824046,1.4843646609859844,0,0,0.0,-0.42535065589112697,2.0,0.34930906688328106,-1.6517385578434256,-0.5161187579060122,-0.9003921165555019,-0.5467779619793477,0.4090775080749527,-1.533177343413256,-1.6569818693564107
1.0452788974528953,2,1,1,-1.0240670085652175,-1.169546468134654,1.5127833782687947,0.006161895890473879,-1.5126828262790084,0,1.3017941511261861,0.896459281152263,0,0,0.0,-0.42535065589112697,2.0,0.23857420736140916,1.5534220911183705,0.1055330314667482,0.6977132109910978,1.110838949393582,1.0484608593190552,-1.4632835054084306,0.8297533353991454
1.3355359133493794,1,3,3,0.28196870712923144,-0.03151464915764019,1.0253276931897544,-0.8704704927942822,-1.7195658737867676,1,0.4108291997139728,-0.27935147851517966,0,0,0.0,-0.42535065589112697,2.0,1.3736065174605956,1.6359584168427088,1.0803960648013042,1.7538523839784155,-0.5467779619793477,1.4036738322324451,-0.6245574493505242,-1.3116019798070275
1.3355359133493794,2,4,4,0.4209086768839602,0.23944530774164902,-1.690496837964901,-0.8704704927942822,0.3147840933728653,1,1.3017941511261861,0.30855390131854166,0,0,0.0,-0.42535065589112697,2.0,1.1521367984168518,0.8931314853236658,0.7271848208395086,-0.45570193845557827,0.972704206779171,-0.08822065400379436,0.7733193107459861,0.20806953421025662
-0.4060061820295245,1,2,1,-0.21821518398779138,-0.07215864269253328,-0.5763124149270935,-0.8704704927942822,-1.5126828262790084,0,0.4108291997139728,-1.4551622381826224,0,0,0.0,-0.42535065589112697,2.0,1.5812343790641052,-0.4549618348405232,-1.6181378390668149,1.0173342765004176,0.6964347215503491,0.053864535161561936,-0.6245574493505242,-1.1043740460773985
0.7550218815564114,0,1,0,1.4490644530689516,1.3910251245636265,-0.6459489413669565,0.006161895890473879,-0.34034555706837244,0,0.4108291997139728,-0.867256858348901,0,0,0.0,-0.42535065589112697,2.0,0.8199322198512361,-1.679250666418205,-0.8552015521093358,-1.3728754307866702,1.7324452911584303,0.33803491349227455,-0.13530058331674574,-0.1373103553391265
0.17450784976344344,1,0,4,0.5459546496632157,0.7678172236952621,-0.22812978272777917,1.759426673259986,-0.9265141916736904,0,1.3017941511261861,1.4843646609859844,0,0,0.0,-0.42535065589112697,2.0,1.7058110960262107,1.4983978739688117,1.5042495575554595,-1.2339097501304441,-0.8921148185153751,-0.23030584316915068,1.1926823387749397,0.8297533353991454
1.6257929292458633,1,0,3,1.4490644530689516,1.2284491504240536,-0.8548585206865456,-0.8704704927942822,0.10790104586510599,1,-1.3711007031104538,0.30855390131854166,0,0,0.0,-0.42535065589112697,2.0,-0.6611465262537992,0.4254256395524167,0.3598451271192413,-0.7336332997680306,-0.20144110544332117,-1.0117743835786095,-1.533177343413256,0.06991757839050336
-0.9865202138224924,0,1,0,0.6015306375651073,0.4968572667959734,-0.5066758884872304,0.006161895890473879,0.17686206170102575,0,0.4108291997139728,-1.4551622381826224,1,0,0.0,-0.42535065589112697,1.0,-0.12131408608467396,0.7143027795876,0.2326890792929951,0.030677943841212977,-0.4777105906721423,-0.7276040052478969,-0.4148759353360481,0.4152974679398865
1.0452788974528953,1,3,0,1.1017145286821302,1.2419971482690177,1.3735103253890688,0.88279428457523,-1.5471633341969682,1,1.3017941511261861,-0.867256858348901,0,0,0.0,-0.42535065589112697,2.0,-0.05210479888350432,0.16406060809201278,-1.5333671405159839,1.5176107268628312,0.7655020928575547,1.0484608593190552,0.2840624447122078,0.553449423759639
-1.2767772297189763,0,4,4,1.129502522633076,1.1878051568891599,-0.8548585206865456,0.88279428457523,0.5561476487985845,0,-0.48013575169824046,-0.867256858348901,0,0,0.0,-0.42535065589112697,2.0,1.608918093944573,-1.0877403320604486,1.038010715525889,-0.08049460068376794,-0.20144110544332117,0.8353330755710208,-1.2536019913939545,-0.1373103553391265
1.0452788974528953,2,1,1,-1.190794972270892,-1.1018064789098316,-0.2977663091676422,-0.8704704927942822,0.4527061250447048,0,-1.3711007031104538,1.4843646609859844,0,0,0.0,-0.42535065589112697,2.0,-1.0348766771401166,0.31537720525329915,0.020762332915917142,-0.26114998553686225,1.387108434622403,0.8353330755710208,-1.183708153389129,0.2771455121201332
0.7550218815564114,1,0,0,0.7821525982462543,1.0658731762844802,0.12005284947153592,-0.8704704927942822,-1.1678777470994095,1,0.4108291997139728,1.4843646609859844,0,0,0.0,-0.42535065589112697,2.0,-0.5088860944112257,-0.4549618348405232,0.8119555193903396,0.39198871354740034,0.21296312239991164,0.33803491349227455,0.8432131487508118,1.3823611586781577
0.7550218815564114,0,3,3,0.5737426436141615,0.3478292905013641,0.9556911667498914,0.006161895890473879,-0.47826758874021197,0,-1.3711007031104538,-1.4551622381826224,1,1,0.0,-0.42535065589112697,2.0,0.16936492016023952,1.6772265797048782,-0.06400836563491329,1.3091622058784924,-1.0993169324369914,0.33803491349227455,1.33247001478459,-0.20638633324900313
-0.6962631979260084,1,0,1,1.4212764591180058,1.1878051568891599,-0.5066758884872304,0.88279428457523,-1.5471633341969682,1,1.3017941511261861,-1.4551622381826224,1,0,1.0,3.1482646971469244,0.0,0.5707787859270249,-0.26237707481706746,-1.3779541931727937,1.4759210226659631,-0.7539800759009642,-1.0117743835786095,1.1227885007701142,1.6586650703176642
1.6257929292458633,0,3,2,0.4209086768839602,0.5375012603308665,-1.690496837964901,-0.8704704927942822,1.4871213625835011,0,-0.48013575169824046,-0.867256858348901,0,0,0.0,-0.42535065589112697,2.0,0.7368810752098321,1.4846418196814224,0.09140458170827666,-0.09439116874939087,0.21296312239991164,-0.6565614106652188,1.4023638527894158,1.0369812691287754
0.4647648656599274,0,0,3,0.29586270410470467,-0.01796665131267543,-0.7155854678068195,1.759426673259986,-1.3057997787712492,1,1.3017941511261861,-1.4551622381826224,1,0,2.0,1.9570595794675738,0.0,1.0275600814547463,0.32913325954068917,0.4870011749454876,-0.48349507458682345,-1.582788531587429,-0.8696891944132532,0.2840624447122078,1.106057247038652
1.0452788974528953,1,1,3,-0.9545970236878534,-0.8850385133904003,-1.411950732205449,-0.8704704927942822,-0.9954752075096102,1,-1.3711007031104538,-0.867256858348901,1,0,0.0,-0.42535065589112697,2.0,0.22473234992117547,-0.4687178891279126,-1.0953851980033573,0.37809214548177805,-0.4777105906721423,-1.224902167326644,0.7034254727411606,1.1751332249485287
-0.11574916613304052,0,0,0,1.5463224318972622,1.7974650599125603,1.5127833782687947,-0.8704704927942822,0.7630306963063437,0,1.3017941511261861,-0.27935147851517966,1,0,1.0,3.1482646971469244,2.0,-1.2425045387436262,-1.115252440635228,-0.9258438009016953,-0.8448058442930114,-0.6158453332865532,0.2669923189095964,-1.6729650194229073,-0.413614266978633
-0.4060061820295245,2,1,1,1.6713684046765176,1.6213410879280228,-0.2977663091676422,1.759426673259986,-1.1678777470994095,1,0.4108291997139728,0.896459281152263,1,1,2.0,3.1482646971469244,1.0,-0.2874163753674818,-0.6475465948639789,1.6314056053817059,1.5593004310596987,0.4892326076287327,-1.7222003294053903,0.8432131487508118,-0.5517662227983855
0.4647648656599274,2,2,2,1.3379124772651694,1.160709161199231,1.1646007460694805,0.006161895890473879,1.4871213625835011,0,-0.48013575169824046,-0.27935147851517966,0,0,0.0,-0.42535065589112697,2.0,-1.491657972667838,0.4942059109893649,1.1792952131106076,1.6148867033221892,0.9036368354719655,-1.0828169781612877,1.681939204808718,1.4514371365880343
1.0452788974528953,0,3,1,0.921092568000983,1.160709161199231,0.9556911667498914,0.88279428457523,1.314718822993702,0,0.4108291997139728,0.896459281152263,0,0,0.0,-0.42535065589112697,2.0,0.5984625008074929,0.989423865335394,-1.0953851980033573,1.1562999571566432,1.5943105485440194,0.4090775080749527,0.9830008247604629,0.13899355630038
-0.6962631979260084,0,2,1,-0.9823850176387992,-0.8985865112353647,0.9556911667498914,0.006161895890473879,-1.5816438421149281,0,-1.3711007031104538,-0.867256858348901,1,1,2.0,3.1482646971469244,3.0,-1.3947649705862,-1.6379825035560358,0.11966148122522034,-0.9142886846211242,-1.444653788973018,0.7642904809883426,0.004487092692905432,1.0369812691287754
-0.9865202138224924,1,4,3,1.4490644530689516,1.1471611633542669,-1.2030411528858607,-0.8704704927942822,-1.5816438421149281,1,-1.3711007031104538,-0.867256858348901,0,0,0.0,-0.42535065589112697,2.0,-1.7131276917115814,1.718494742567047,0.868469318424227,-0.8587024123586338,0.6273673502431437,-0.7276040052478969,-1.4632835054084306,-0.27546231115887976
0.7550218815564114,1,0,4,-1.4408869178294035,-1.413410429344014,0.050416323031672906,1.759426673259986,-0.47826758874021197,0,0.4108291997139728,0.30855390131854166,0,0,0.0,-0.42535065589112697,2.0,1.678127381145743,-0.08354836908100173,-1.519238690757512,1.628783271387812,-1.7209232742018399,0.9774182647363772,-1.6030711814180816,0.898829313309022
1.3355359133493794,0,0,1,-0.39883714466893844,-0.20763862114217788,-0.9941315735662716,-0.8704704927942822,-0.9954752075096102,0,1.3017941511261861,-0.867256858348901,0,0,0.0,-0.42535065589112697,2.0,1.124453083536384,0.08152428236767462,1.5890202561062907,-1.6785999282303674,1.110838949393582,-0.5855188160825406,0.5636377967315094,0.6916013795793922
-0.6962631979260084,1,1,1,1.7130503956029366,1.946493036207169,-1.2030411528858607,0.006161895890473879,0.4871866329626647,1,1.3017941511261861,0.30855390131854166,0,0,0.0,-0.42535065589112697,2.0,-1.1317696792217546,1.6497144711300988,-0.7845593033169769,1.4481278865347178,-1.0993169324369914,1.1195034539017334,0.004487092692905432,-1.4497539356267808
-0.6962631979260084,1,4,2,0.8933045740500373,1.1065171698193732,-1.5512237850851749,-0.8704704927942822,0.004459522111226352,1,-1.3711007031104538,-1.4551622381826224,1,1,1.0,1.9570595794675738,0.0,0.7368810752098321,-1.6242264492686462,-1.180155896554188,-0.05270146455252271,1.525243177236814,-0.5855188160825406,0.423850120721859,-1.6569818693564107
1.6257929292458633,1,1,1,0.3514386920065955,0.19880131420675531,1.3735103253890688,-0.8704704927942822,0.24582307753694552,1,1.3017941511261861,-1.4551622381826224,0,0,0.0,-0.42535065589112697,2.0,0.7645647900903001,0.7693269967371588,0.6000287730132623,-0.9003921165555019,-0.9611821898225805,0.5511626972403082,-1.1138143153843032,0.553449423759639
-0.9865202138224924,1,3,0,-0.39883714466893844,-0.24828261467707155,1.5127833782687947,1.759426673259986,1.3491993309116617,1,1.3017941511261861,-0.27935147851517966,0,0,0.0,-0.42535065589112697,2.0,1.6504436662652748,-1.6379825035560358,0.7271848208395086,-0.8309092762273885,1.110838949393582,-0.6565614106652188,-1.1138143153843032,0.6916013795793922
0.17450784976344344,2,0,1,-0.3293671597915744,-0.4650505801965023,-1.411950732205449,0.006161895890473879,-0.30586504915041257,0,-0.48013575169824046,-0.27935147851517966,0,0,0.0,-0.42535065589112697,2.0,-0.7718813857756711,0.26035298810374036,-1.4062110926897373,-0.7614264358992757,-0.3395758480577321,-0.08822065400379436,-1.7428588574277328,1.313285180768281
-0.6962631979260084,0,1,4,-0.009805229355698587,0.1717053185168264,-0.15849325628791613,-0.8704704927942822,-1.2368387629353292,0,-1.3711007031104538,-0.867256858348901,0,0,0.0,-0.42535065589112697,2.0,-1.1594533941022225,-0.8951555720369929,-1.5757524897913995,-1.456254839180406,-1.6518559028946345,-1.0117743835786095,0.633531634736335,-0.6208422007082621
-1.2767772297189763,1,0,3,-1.2880529510992018,-1.3050264465842982,-0.5763124149270935,0.88279428457523,-0.6851506362479712,0,-0.48013575169824046,0.896459281152263,0,0,0.0,-0.42535065589112697,2.0,-0.7165139560147352,-1.7205188292803741,-0.8552015521093358,-0.9420818207523695,-0.5467779619793477,-1.295944761909322,0.3539562827170334,-0.8971461123477686
1.6257929292458633,2,1,0,-0.6072470993010318,-0.3160226039018936,0.12005284947153592,0.006161895890473879,1.3491993309116617,1,1.3017941511261861,1.4843646609859844,0,0,0.0,-0.42535065589112697,2.0,-1.339397540825264,-0.9639358434739417,1.7161763039325368,1.1146102529597757,-0.5467779619793477,0.12490712974424009,-0.27508825932639697,-1.587905891446534
-1.5670342456154605,1,0,0,0.740470607319836,0.794913219385191,1.1646007460694805,0.006161895890473879,-1.374760794607169,0,1.3017941511261861,-0.27935147851517966,0,0,0.0,-0.42535065589112697,2.0,-0.13515594352490826,-1.3628614178082423,0.2044321797760514,-1.275599454327312,-1.030249561129786,1.4036738322324451,1.7518330428135438,0.20806953421025662
-0.11574916613304052,2,1,2,0.3792266859575413,0.18525331636179115,0.18968937591139895,-0.8704704927942822,-0.788592160001851,0,1.3017941511261861,-1.4551622381826224,0,0,0.0,-0.42535065589112697,2.0,-0.6196209539330976,1.6909826339922676,0.2750744285684103,0.781092619384833,0.0748283797855007,0.9063756701536989,0.9131069867556374,0.553449423759639
-1.2767772297189763,2,4,0,1.1572905165840217,1.1336131655093022,0.050416323031672906,-0.8704704927942822,-0.13346250956061317,0,-1.3711007031104538,1.4843646609859844,1,1,1.0,3.1482646971469244,2.0,-1.6162346896299435,-0.5650102691396408,-0.09226526515185696,-1.69249649629599,1.387108434622403,-0.7986465998305751,-0.8342389633650009,1.106057247038652
0.17450784976344344,1,4,1,0.5320606526877432,0.307185296966471,1.0253276931897544,0.88279428457523,0.3147840933728653,0,1.3017941511261861,-0.27935147851517966,0,0,0.0,-0.42535065589112697,2.0,0.2662579222418771,-0.977691897761331,1.5042495575554595,-0.789219572030521,1.6633779198512249,-0.30134843775182885,1.1227885007701142,0.48437344584976233
-0.11574916613304052,2,1,0,-1.065748999491636,-1.1289024745997605,0.6075085345505763,0.88279428457523,-0.788592160001851,0,0.4108291997139728,-1.4551622381826224,0,0,0.0,-0.42535065589112697,2.0,0.6538299305684289,-1.5279340692569185,-1.434467992206681,1.1285068210253981,-0.8921148185153751,-0.5144762214998625,-1.2536019913939545,-1.035298068167522
-0.6962631979260084,2,1,2,0.28196870712923144,0.4968572667959734,1.5824199047086578,-0.8704704927942822,-1.374760794607169,0,1.3017941511261861,-0.27935147851517966,0,0,0.0,-0.42535065589112697,2.0,0.986034509134044,-0.8951555720369929,0.6282856725302061,0.8366788916473235,1.5943105485440194,-0.9407317889959314,-1.3933896674036048,-0.828070134437892
0.4647648656599274,2,1,0,1.3240184802896962,1.2690931439589468,0.6075085345505763,-0.8704704927942822,-1.4092413025251287,1,1.3017941511261861,0.30855390131854166,0,0,0.0,-0.42535065589112697,2.0,1.0829275112156815,1.3058131139453566,1.4618642082800437,0.9200583000410592,0.972704206779171,-0.23030584316915068,0.07438093069773102,1.520513114497911
-0.11574916613304052,0,0,3,-1.5659328906086594,-1.752110375468125,0.4682354816708502,1.759426673259986,-0.7196311441659311,1,-1.3711007031104538,-1.4551622381826224,0,0,0.0,-0.42535065589112697,2.0,0.4185183540844507,-0.8676434634622135,1.3770935097292127,-1.3172891585241797,1.1799063207007874,-1.5090725456573557,-1.6729650194229073,-0.8971461123477686
0.7550218815564114,2,0,4,0.3514386920065955,0.4968572667959734,-1.1334046264459976,0.88279428457523,-1.6161243500328881,0,-0.48013575169824046,-0.867256858348901,0,0,0.0,-0.42535065589112697,2.0,-1.5747091173092416,-0.496229997702692,0.4163589261531287,1.4759210226659631,1.2489736920079928,1.4036738322324451,-1.533177343413256,1.1751332249485287
-0.6962631979260084,1,1,3,-0.5933531023255587,-0.6682705478709695,0.6771450609904393,0.006161895890473879,1.245757807157782,0,1.3017941511261861,-0.27935147851517966,0,0,0.0,-0.42535065589112697,2.0,-0.12131408608467396,0.7830830510245482,0.6706710218056212,-0.6502538913742949,-0.7539800759009642,-0.23030584316915068,-1.1138143153843032,1.6586650703176642
-1.2767772297189763,2,4,3,0.5459546496632157,0.7407212280053331,0.8860546403100283,0.88279428457523,-1.1678777470994095,1,-0.48013575169824046,-0.27935147851517966,0,0,0.0,-0.42535065589112697,2.0,0.1832067776004732,-1.0739842777730588,-0.5867610066983711,1.587093567190944,-0.7539800759009642,-1.224902167326644,1.7518330428135438,-0.6899181786181388
-0.4060061820295245,2,4,2,-0.1070632081840084,-0.05861064484756911,-1.1334046264459976,0.006161895890473879,-0.2713845412324527,0,1.3017941511261861,0.30855390131854166,0,0,0.0,-0.42535065589112697,2.0,1.539708806743403,1.6772265797048782,-1.4627248917236246,1.2118862294191337,-0.4086432193649376,0.33803491349227455,-0.4148759353360481,-0.3445382890687564
0.17450784976344344,2,0,1,0.18471072830092164,0.03622534006718181,-1.342314205765586,0.006161895890473879,1.4871213625835011,1,-0.48013575169824046,0.896459281152263,0,0,0.0,-0.42535065589112697,2.0,-0.49504423697099137,-1.0327161149108899,1.0662676150428327,0.2530230328911742,1.6633779198512249,-0.44343362691718513,0.633531634736335,0.4152974679398865
1.3355359133493794,2,1,2,-0.23210918096326458,-0.16699462760728478,-0.7852219942466825,-0.8704704927942822,-0.40930657290429223,1,-0.48013575169824046,-0.867256858348901,1,1,1.0,1.9570595794675738,1.0,0.07247191807860127,-0.6200344862891995,-0.7845593033169769,0.8783685958441916,-1.5137211602802234,-0.6565614106652188,0.5636377967315094,-1.035298068167522
1.6257929292458633,0,1,0,-0.6906110811538692,-0.8985865112353647,-0.5763124149270935,1.759426673259986,-1.2713192708532892,0,-0.48013575169824046,-0.867256858348901,1,1,2.0,0.7658544617882235,0.0,1.1659786558570855,-0.9639358434739417,1.2216805623860227,0.3641955774161551,0.7655020928575547,-1.5090725456573557,0.9131069867556374,-0.6208422007082621
0.17450784976344344,1,3,3,1.365700471216115,1.607793090083058,1.2342372725093433,0.88279428457523,0.07342053794714612,0,1.3017941511261861,-0.27935147851517966,0,0,0.0,-0.42535065589112697,2.0,-1.0764022494608185,1.0719601910597316,0.5011296247039597,-0.16387400907750363,1.2489736920079928,-1.295944761909322,1.1926823387749397,-1.6569818693564107
-1.2767772297189763,2,0,1,1.7130503956029366,1.5400531008582359,0.9556911667498914,1.759426673259986,-0.34034555706837244,0,0.4108291997139728,-0.867256858348901,1,1,2.0,3.1482646971469244,2.0,0.9583507942535759,-0.014768097644052947,0.07727613194980451,1.1979896613535115,1.1799063207007874,-1.224902167326644,0.14427476870255662,-1.3116019798070275
1.6257929292458633,1,2,4,1.1572905165840217,0.9032972021449066,0.6771450609904393,0.006161895890473879,-1.6850853658688079,0,0.4108291997139728,-0.867256858348901,1,0,0.0,-0.42535065589112697,0.0,-1.547025402428774,-1.6654946121308152,0.3739735768777129,0.2530230328911742,-0.8921148185153751,0.48012010265763005,1.33247001478459,-0.7589941565280154
-0.11574916613304052,0,3,1,0.3514386920065955,0.6729812387805111,-1.620860311525038,0.006161895890473879,-1.4092413025251287,0,1.3017941511261861,-0.867256858348901,0,0,0.0,-0.42535065589112697,2.0,1.678127381145743,0.6317664538632618,-0.5019903081475401,-1.3589788627210475,-1.0993169324369914,-0.08822065400379436,0.004487092692905432,0.898829313309022
1.0452788974528953,2,3,0,1.0739265347311844,0.7542692258502979,1.2342372725093433,-0.8704704927942822,0.7630306963063437,1,-0.48013575169824046,-0.867256858348901,1,0,0.0,-0.42535065589112697,2.0,0.7230392177695985,1.1407404624966804,-1.0529998487279415,1.600990135256567,0.6273673502431437,-1.0117743835786095,-0.4148759353360481,-1.3806779577169042
1.6257929292458633,2,1,3,0.4348026738594328,0.23944530774164902,1.0253276931897544,-0.8704704927942822,0.6595891725524641,0,-1.3711007031104538,0.896459281152263,0,0,0.0,-0.42535065589112697,2.0,0.39083463920398276,-0.4412057805531332,1.5325064570724032,0.08626421610370281,-1.444653788973018,0.48012010265763005,0.9830008247604629,-1.1734500239872752
1.0452788974528953,2,1,1,-1.1074309904180548,-1.0882584810648672,-0.019220203408190112,-0.8704704927942822,1.0388747596500227,0,-0.48013575169824046,-1.4551622381826224,0,0,0.0,-0.42535065589112697,2.0,-1.519341687548306,-0.3999376176909644,-0.3748342603212938,-0.5807710510461821,-0.8230474472081696,-0.5855188160825406,-1.183708153389129,-0.3445382890687564
1.6257929292458633,1,1,3,0.11524074342355697,0.38847328403625775,-1.2030411528858607,-0.8704704927942822,0.8319917121422635,1,0.4108291997139728,1.4843646609859844,0,0,0.0,-0.42535065589112697,2.0,1.512025091862935,-0.24862102052967808,0.6282856725302061,0.4058852816130227,-1.2374516750514024,1.5457590213978016,-0.5546636113456985,-1.587905891446534
0.17450784976344344,2,4,3,0.7682586012707817,1.0116811849046223,-1.342314205765586,-0.8704704927942822,-0.9265141916736904,1,-1.3711007031104538,0.30855390131854166,0,0,0.0,-0.42535065589112697,2.0,-1.2701882536240943,1.374593385382305,-0.9964860496940542,-1.5674273837053865,1.4561758059296086,1.0484608593190552,0.7034254727411606,-1.587905891446534
-0.4060061820295245,1,1,2,-1.1630069783199461,-1.2508344552044404,-0.2977663091676422,0.006161895890473879,0.03894003002918623,1,-1.3711007031104538,0.30855390131854166,0,0,0.0,-0.42535065589112697,2.0,-1.491657972667838,-0.5787663234270302,0.5152580744624313,0.8644720277785687,0.8345694641647601,-1.3669873564919994,1.33247001478459,-0.7589941565280154
1.6257929292458633,1,3,1,1.5602164288727347,1.5265051030132712,-0.22812978272777917,0.006161895890473879,1.5905628863373809,1,1.3017941511261861,-1.4551622381826224,0,0,0.0,-0.42535065589112697,2.0,-0.5227279518514594,-0.4136936719783538,0.783698619873396,-1.1088406375398407,0.420165236321528,0.6222052918229863,1.0528946627652886,1.1751332249485287
1.6257929292458633,1,2,4,-0.9545970236878534,-1.0069704939950803,0.6771450609904393,-0.8704704927942822,0.21134256961898562,0,0.4108291997139728,-0.867256858348901,0,0,0.0,-0.42535065589112697,2.0,0.5292532136063226,-1.4453977435325804,-1.6322662888252868,-0.34452939393059734,-1.6518559028946345,1.4036738322324451,-1.6729650194229073,-1.6569818693564107
-1.5670342456154605,2,4,2,-1.3992049269029847,-1.2779304508943692,-0.5763124149270935,-0.8704704927942822,-0.9609946995916503,1,-0.48013575169824046,0.896459281152263,0,0,0.0,-0.42535065589112697,2.0,1.0275600814547463,-0.4412057805531332,-0.36070581056282225,-0.5946676191118044,-0.20144110544332117,0.4090775080749527,0.004487092692905432,1.1751332249485287
1.6257929292458633,2,4,4,-1.4130989238784577,-1.4946984164138006,-0.9941315735662716,-0.8704704927942822,-1.5126828262790084,1,-1.3711007031104538,-1.4551622381826224,1,1,0.0,-0.42535065589112697,3.0,0.847615934731704,-1.45915379781997,-1.5757524897913995,-1.1644269098023312,-1.2374516750514024,-0.30134843775182885,-1.183708153389129,1.2442092028584053
1.6257929292458633,0,3,2,0.44869667083490594,0.7542692258502979,1.3735103253890688,0.006161895890473879,1.4526408546655414,0,0.4108291997139728,-0.867256858348901,0,0,0.0,-0.42535065589112697,2.0,1.0552437963352137,0.1503045538046228,-1.2931834946219625,1.045127412631663,-0.6849127045937586,-1.0117743835786095,-0.06540674531192016,1.4514371365880343
1.6257929292458633,0,1,3,0.44869667083490594,0.15815732067186225,-1.0637681000061345,1.759426673259986,0.17686206170102575,1,-0.48013575169824046,-0.867256858348901,1,1,0.0,-0.42535065589112697,2.0,-0.6334628113733313,-1.2528129835091246,-0.6432748057322585,-0.7197367317024076,0.8345694641647601,0.6932478864056645,1.6120453668038925,0.7606773574892688
1.0452788974528953,2,0,1,0.8933045740500373,0.6729812387805111,-0.9244950471264086,-0.8704704927942822,0.383745109208785,1,-0.48013575169824046,-0.27935147851517966,0,0,0.0,-0.42535065589112697,2.0,1.428973947221531,0.12279244522984341,-0.7563024038000332,1.0034377084347947,-0.6158453332865532,1.6168016159804797,1.681939204808718,0.553449423759639
1.0452788974528953,0,2,3,0.01798276459524716,-0.19409062329721372,0.4682354816708502,-0.8704704927942822,-0.3748260649863323,0,0.4108291997139728,0.30855390131854166,1,1,1.0,1.9570595794675738,0.0,-1.46397425778737,0.026500065218115834,1.3064512609368537,-1.5396342475741414,-0.9611821898225805,0.6932478864056645,1.1227885007701142,1.0369812691287754
1.3355359133493794,0,2,2,-1.3019469480746746,-1.1966424638245825,1.6520564311485209,-0.8704704927942822,-0.9609946995916503,0,-1.3711007031104538,0.30855390131854166,0,0,0.0,-0.42535065589112697,2.0,-0.17668151584560993,-1.2528129835091246,0.543514973979375,1.6426798394534345,0.6964347215503491,1.0484608593190552,-0.27508825932639697,-1.3806779577169042
1.3355359133493794,1,2,0,1.574110425848208,1.4587651137884492,0.050416323031672906,-0.8704704927942822,-1.2023582550173695,0,1.3017941511261861,0.30855390131854166,0,0,0.0,-0.42535065589112697,2.0,0.16936492016023952,-1.376617472095632,0.3598451271192413,1.7677489520440384,-1.582788531587429,1.1905460484844115,-0.9041328013698265,-0.3445382890687564
-0.9865202138224924,0,1,2,1.2962304863387504,1.3774771267186625,-1.481587258645312,0.88279428457523,-1.3057997787712492,0,-0.48013575169824046,-0.27935147851517966,0,0,0.0,-0.42535065589112697,2.0,-1.6577602619506455,0.6455225081506518,0.0348907826743893,1.35085191007536,0.00576100847829524,-1.0117743835786095,1.0528946627652886,-0.6899181786181388
-0.11574916613304052,2,2,1,-0.8712330418350162,-0.6140785564911116,-0.019220203408190112,-0.8704704927942822,1.6250433942553408,1,0.4108291997139728,-0.27935147851517966,0,0,0.0,-0.42535065589112697,2.0,-0.6196209539330976,1.0857162453471214,1.27819436141991,-1.6508067920991223,0.5582999789359382,0.6222052918229863,1.6120453668038925,-0.413614266978633
0.7550218815564114,0,3,4,0.6015306375651073,0.659433240935547,-1.2726776793257237,1.759426673259986,-0.030020985806733527,0,1.3017941511261861,-1.4551622381826224,0,0,0.0,-0.42535065589112697,2.0,1.207504228177788,1.4021054939570843,1.4477357585215722,0.9617480042379273,0.8345694641647601,-1.7222003294053903,1.4722576907942413,-0.48269024488850887
-0.6962631979260084,0,0,2,0.11524074342355697,-0.03151464915764019,-0.3674028356075052,0.006161895890473879,1.5560823784194209,1,-1.3711007031104538,-0.867256858348901,0,0,0.0,-0.42535065589112697,2.0,-0.6888302411342673,-1.0189600606235005,-0.3324489110458786,-1.5674273837053865,-0.27050847675052664,-1.580115140240034,1.33247001478459,0.2771455121201332
0.4647648656599274,0,3,4,-0.009805229355698587,-0.22118661898714262,-1.1334046264459976,0.88279428457523,1.5905628863373809,0,1.3017941511261861,-0.27935147851517966,0,0,0.0,-0.42535065589112697,2.0,-0.6749883836940336,-1.6379825035560358,-1.5898809395498712,1.0034377084347947,0.9036368354719655,-0.44343362691718513,-1.183708153389129,0.0008416004806267426
-1.2767772297189763,1,3,2,-0.8712330418350162,-1.1830944659796183,-0.8548585206865456,0.88279428457523,1.4181603467475814,0,1.3017941511261861,1.4843646609859844,0,0,0.0,-0.42535065589112697,2.0,0.017104488317665322,1.6634705254174882,1.5890202561062907,-0.7475298678336528,-0.4086432193649376,0.9063756701536989,0.9830008247604629,1.4514371365880343
-1.2767772297189763,2,2,1,-0.4822011265217757,-0.15344662976232004,1.6520564311485209,-0.8704704927942822,-1.4092413025251287,1,-1.3711007031104538,1.4843646609859844,1,1,1.0,1.9570595794675738,3.0,0.2800997796821114,0.06776822808028461,-0.48786185838906854,1.2674725016816242,0.2820304937071171,-0.6565614106652188,-0.20519442132157134,-0.48269024488850887
-0.9865202138224924,0,0,2,-0.13485120213495413,-0.18054262545224894,0.6771450609904393,0.006161895890473879,0.4871866329626647,1,0.4108291997139728,-0.867256858348901,0,0,0.0,-0.42535065589112697,2.0,0.5292532136063226,1.1269844082092904,1.3205797106953259,0.3225058732192876,-0.6158453332865532,-1.224902167326644,-0.5546636113456985,0.13899355630038
-1.5670342456154605,2,2,3,0.33754469503112294,0.32073329481143575,1.6520564311485209,-0.8704704927942822,-0.8920336837557306,0,1.3017941511261861,-1.4551622381826224,0,0,0.0,-0.42535065589112697,2.0,-0.5780953816123953,-1.6517385578434256,-1.6605231883422302,-1.5813239517710092,1.6633779198512249,-1.3669873564919994,-1.2536019913939545,-0.06823437742924988
0.4647648656599274,1,3,4,1.2962304863387504,1.0252291827495865,-1.1334046264459976,1.759426673259986,1.004394251732063,0,-1.3711007031104538,-1.4551622381826224,0,0,0.0,-0.42535065589112697,2.0,0.5292532136063226,-0.3999376176909644,0.06314768219133299,0.572644098400494,-1.5137211602802234,-0.7276040052478969,-0.13530058331674574,-0.828070134437892
-0.4060061820295245,1,0,1,1.5046404409708432,1.3232851353388047,-0.4370393620473682,1.759426673259986,1.6940044100912606,1,1.3017941511261861,0.30855390131854166,0,0,0.0,-0.42535065589112697,2.0,-1.0625603920205846,0.6180103995758724,-1.4909817912405683,1.3230587739441146,-1.3755864176658126,-0.9407317889959314,-1.3933896674036048,-1.3806779577169042
1.6257929292458633,2,4,1,1.5602164288727347,1.5536010987032,0.12005284947153592,0.88279428457523,-1.5126828262790084,0,1.3017941511261861,-0.867256858348901,0,0,0.0,-0.42535065589112697,2.0,1.484341376982467,-0.38618156340357446,-0.9258438009016953,0.11405735223494805,-0.6849127045937586,-0.8696891944132532,0.9830008247604629,1.3823611586781577
-0.11574916613304052,2,4,4,1.365700471216115,1.160709161199231,0.7467815874303023,0.88279428457523,1.280238315075742,1,0.4108291997139728,-0.867256858348901,1,1,1.0,0.7658544617882235,0.0,-1.422448685466668,-0.8951555720369929,0.14791838074216404,0.7671960513192106,-0.6849127045937586,-1.4380299510746777,-0.6245574493505242,0.9679052912188987
1.0452788974528953,2,0,1,1.4212764591180058,1.4723131116334134,-0.4370393620473682,-0.8704704927942822,0.383745109208785,0,-1.3711007031104538,0.30855390131854166,1,1,2.0,0.7658544617882235,2.0,-0.4812023795307577,-1.6517385578434256,-0.26180666225351906,-0.9142886846211242,-1.6518559028946345,-0.08822065400379436,-1.0439204773794777,-0.1373103553391265
-0.4060061820295245,2,4,4,1.532428434921789,1.4316691180985202,-1.481587258645312,-0.8704704927942822,0.8664722200602234,0,1.3017941511261861,0.30855390131854166,0,0,0.0,-0.42535065589112697,2.0,-0.7441976708952032,-0.33115734625401627,0.4587442754285439,-1.6785999282303674,1.2489736920079928,-1.5090725456573557,1.4023638527894158,1.520513114497911
0.7550218815564114,0,4,0,0.031876761570719725,-0.1263506340723911,-0.3674028356075052,-0.8704704927942822,-0.09898200164265329,1,-0.48013575169824046,0.30855390131854166,1,1,1.0,1.9570595794675738,1.0,-0.6334628113733313,-0.5925223777144202,1.4194788590046286,-1.6508067920991223,-1.030249561129786,-0.30134843775182885,0.7034254727411606,0.48437344584976233
-0.6962631979260084,0,0,2,1.3101244833142236,1.5400531008582359,0.050416323031672906,1.759426673259986,-0.9265141916736904,1,0.4108291997139728,0.896459281152263,0,0,0.0,-0.42535065589112697,2.0,-1.6716021193908797,-1.514178014969529,-1.3920826429312654,-0.4973916426524464,-1.3065190463586072,-0.30134843775182885,-1.1138143153843032,0.9679052912188987
1.6257929292458633,2,2,3,1.365700471216115,1.512957105168307,1.0253276931897544,0.88279428457523,1.1423162834039025,1,0.4108291997139728,-0.27935147851517966,0,0,0.0,-0.42535065589112697,2.0,-1.547025402428774,-1.0464721691982795,-0.5019903081475401,-0.2889431216681075,-0.6849127045937586,0.053864535161561936,-0.4148759353360481,1.6586650703176642
1.6257929292458633,2,1,1,0.6154246345405805,0.8084612172301557,-0.9244950471264086,-0.8704704927942822,-1.6850853658688079,0,1.3017941511261861,0.896459281152263,0,0,0.0,-0.42535065589112697,2.0,-0.9102999601780111,-1.2253008749343453,-1.674651638100702,-0.05270146455252271,-0.7539800759009642,1.687844210563158,-0.9041328013698265,1.2442092028584053
1.3355359133493794,1,4,0,0.4903786617613243,0.7542692258502979,-0.08885672984805312,-0.8704704927942822,-0.6506701283300114,0,0.4108291997139728,1.4843646609859844,0,0,0.0,-0.42535065589112697,2.0,-0.3151000902479498,0.16406060809201278,0.26094597880993875,-0.7614264358992757,-0.5467779619793477,-1.7222003294053903,1.2625761767797654,0.898829313309022
-0.6962631979260084,2,3,1,-0.14874519911042733,-0.05861064484756911,-0.5763124149270935,0.006161895890473879,1.3491993309116617,1,1.3017941511261861,-1.4551622381826224,0,0,0.0,-0.42535065589112697,2.0,0.9583507942535759,-0.8538874091748241,-0.4596049588721248,-0.23335684940561702,-0.6849127045937586,-1.4380299510746777,-1.3234958293987793,-0.6899181786181388
1.6257929292458633,1,4,2,0.9349865649764563,1.0116811849046223,1.0253276931897544,0.88279428457523,1.0388747596500227,1,1.3017941511261861,0.896459281152263,0,0,0.0,-0.42535065589112697,2.0,0.9445089368133424,0.5904982910010931,-0.4596049588721248,-1.3172891585241797,-0.06330636282891022,-1.4380299510746777,0.004487092692905432,1.106057247038652
0.17450784976344344,2,0,0,0.9071985710255105,0.9710371913697292,-1.0637681000061345,-0.8704704927942822,-1.5471633341969682,1,-0.48013575169824046,0.896459281152263,0,0,0.0,-0.42535065589112697,2.0,0.8199322198512361,-1.376617472095632,-1.6887800878591739,-0.5946676191118044,-0.9611821898225805,0.7642904809883426,-0.13530058331674574,0.06991757839050336
-1.2767772297189763,2,2,4,-1.7048728603633878,-1.4676024207238718,0.6771450609904393,0.006161895890473879,-1.06443622334553,0,-1.3711007031104538,-0.27935147851517966,0,0,0.0,-0.42535065589112697,2.0,0.07247191807860127,0.2741090423911304,-0.00749456660102654,-0.789219572030521,-0.9611821898225805,-0.5144762214998625,-1.183708153389129,0.553449423759639
-0.11574916613304052,1,2,1,0.7126826133688903,0.5375012603308665,0.9556911667498914,-0.8704704927942822,1.1767967913218622,1,0.4108291997139728,-0.867256858348901,0,0,0.0,-0.42535065589112697,2.0,-0.32894194768818413,0.16406060809201278,0.7978270696318681,1.698266111715925,1.6633779198512249,1.758886805145836,1.4023638527894158,0.48437344584976233
-1.2767772297189763,2,1,2,-1.1352189843690004,-1.1289024745997605,1.5824199047086578,0.006161895890473879,1.245757807157782,1,0.4108291997139728,0.896459281152263,0,0,0.0,-0.42535065589112697,2.0,0.5569369284867906,-0.4687178891279126,-0.00749456660102654,1.5593004310596987,0.7655020928575547,-0.017178059421116217,0.3539562827170334,1.4514371365880343
-0.4060061820295245,1,1,1,-0.13485120213495413,0.14460932282689748,1.3038737989492057,1.759426673259986,1.3836798388296216,1,1.3017941511261861,-0.867256858348901,0,0,0.0,-0.42535065589112697,2.0,-0.46736052209052337,0.09528033665506401,0.3174597778438255,-0.06659803261814563,1.387108434622403,-0.6565614106652188,0.2840624447122078,-0.6899181786181388
-0.6962631979260084,1,0,0,0.28196870712923144,-0.01796665131267543,0.398598955230988,0.88279428457523,0.10790104586510599,1,-0.48013575169824046,-1.4551622381826224,1,1,0.0,-0.42535065589112697,1.0,1.6366018088250411,0.08152428236767462,-1.1518989970372444,-0.5807710510461821,1.110838949393582,-0.5144762214998625,0.7733193107459861,0.9679052912188987
-0.4060061820295245,2,3,4,-1.5103569027067678,-1.7927543690030185,-0.8548585206865456,0.88279428457523,-0.9609946995916503,1,-1.3711007031104538,-1.4551622381826224,0,0,0.0,-0.42535065589112697,2.0,-0.065946656323738,-0.6750587034387584,-0.31832046128740643,-1.6369102240334996,0.7655020928575547,-1.4380299510746777,0.07438093069773102,0.20806953421025662
1.3355359133493794,1,3,0,1.657474407701045,1.7568210663776667,-1.481587258645312,-0.8704704927942822,0.3147840933728653,1,-1.3711007031104538,-1.4551622381826224,0,0,0.0,-0.42535065589112697,2.0,-0.010579226562802042,-1.280325092083904,1.6596625048986495,-1.6508067920991223,-1.5137211602802234,1.1905460484844115,-0.9041328013698265,1.4514371365880343
-1.5670342456154605,0,3,1,-1.5103569027067678,-1.142450472444725,-0.7852219942466825,0.006161895890473879,0.5216671408806246,1,-1.3711007031104538,-0.27935147851517966,0,0,0.0,-0.42535065589112697,2.0,-0.17668151584560993,-0.5925223777144202,-0.8128162028339205,0.18354019256306145,-0.06330636282891022,-0.08822065400379436,-1.4632835054084306,1.0369812691287754
-1.5670342456154605,1,1,4,-1.482568908755822,-1.2643824530494048,-0.7155854678068195,0.006161895890473879,-0.47826758874021197,0,-1.3711007031104538,0.896459281152263,0,0,0.0,-0.42535065589112697,2.0,-0.3151000902479498,1.6084463082679294,-1.180155896554188,0.4892646900067584,-1.030249561129786,0.12490712974424009,0.21416860670738222,-1.4497539356267808
1.6257929292458633,2,4,3,0.5042726587367975,0.794913219385191,-0.6459489413669565,0.006161895890473879,-1.2713192708532892,0,0.4108291997139728,1.4843646609859844,1,0,1.0,3.1482646971469244,0.0,-1.7269695491518156,0.30162115096590975,-0.7845593033169769,-1.1088406375398407,0.6273673502431437,0.053864535161561936,1.4722576907942413,1.1751332249485287
-0.11574916613304052,1,2,0,-1.3019469480746746,-1.3727664358091205,0.6771450609904393,-0.8704704927942822,-1.1678777470994095,1,0.4108291997139728,0.30855390131854166,1,1,2.0,1.9570595794675738,1.0,0.4185183540844507,-0.3999376176909644,0.5293865242209035,-1.3867719988522929,0.4892326076287327,0.33803491349227455,-0.9740266393746521,1.106057247038652
-0.6962631979260084,2,2,4,-1.1213249873935276,-0.8443945198555072,-0.3674028356075052,-0.8704704927942822,0.9354332358961431,1,1.3017941511261861,-1.4551622381826224,0,0,0.0,-0.42535065589112697,2.0,-0.3427838051284178,-1.1565206034973972,0.6141572227717345,-1.414565134983538,0.14389575109270616,0.9774182647363772,1.6120453668038925,0.6916013795793922
-1.5670342456154605,0,4,3,-1.4408869178294035,-1.5624384056386227,-0.9941315735662716,0.88279428457523,0.9354332358961431,0,-0.48013575169824046,-0.867256858348901,0,0,0.0,-0.42535065589112697,2.0,0.4185183540844507,0.838107268174107,-0.5443756574229559,1.7816455201096606,-0.7539800759009642,0.33803491349227455,-0.7643451253601753,-1.3116019798070275
0.7550218815564114,2,0,4,0.031876761570719725,-0.16699462760728478,-1.690496837964901,-0.8704704927942822,0.9354332358961431,0,-0.48013575169824046,0.30855390131854166,0,0,0.0,-0.42535065589112697,2.0,-0.2043652307260779,1.0719601910597316,-0.6997886047661458,-0.14997744101188132,0.00576100847829524,1.2615886430670897,0.5636377967315094,-1.3806779577169042
0.17450784976344344,1,1,0,1.1433965196085492,0.9439411956798003,-0.15849325628791613,-0.8704704927942822,0.3147840933728653,1,1.3017941511261861,0.30855390131854166,0,0,0.0,-0.42535065589112697,2.0,-0.8826162452975431,-0.26237707481706746,1.7020478541740653,-1.345082294655425,1.3180410633151975,1.5457590213978016,0.7034254727411606,-1.7260578472662873
-1.5670342456154605,1,0,4,-1.4130989238784577,-1.4405064250339428,1.2342372725093433,-0.8704704927942822,1.4526408546655414,1,1.3017941511261861,-0.27935147851517966,1,1,1.0,1.9570595794675738,3.0,-0.05210479888350432,-0.509986051990082,0.40223047639465653,0.9756445723035496,0.4892326076287327,1.1195034539017334,-1.1138143153843032,-0.413614266978633
-0.9865202138224924,0,0,4,-1.065748999491636,-0.9934224961501159,1.5127833782687947,-0.8704704927942822,-0.30586504915041257,1,-1.3711007031104538,0.896459281152263,0,0,0.0,-0.42535065589112697,2.0,0.14168120527977154,-0.771351083450486,-0.6008894564568432,0.7532994832535878,0.2820304937071171,-1.4380299510746777,1.681939204808718,-1.587905891446534
-0.9865202138224924,1,3,1,1.5602164288727347,1.2419971482690177,-1.5512237850851749,1.759426673259986,-0.788592160001851,0,-0.48013575169824046,0.896459281152263,1,1,2.0,3.1482646971469244,1.0,1.595076236504339,0.6730346167254313,-1.1518989970372444,-1.136633773671086,0.21296312239991164,0.48012010265763005,1.1926823387749397,1.3823611586781577
-1.2767772297189763,0,1,3,1.1850785105349673,1.1336131655093022,-0.08885672984805312,1.759426673259986,0.41822561712674494,1,0.4108291997139728,0.896459281152263,1,0,1.0,1.9570595794675738,3.0,1.096769368655916,0.012744010930725833,1.391221959487685,-1.3867719988522929,-0.6158453332865532,-0.5144762214998625,-0.27508825932639697,1.6586650703176642
0.4647648656599274,0,2,2,0.11524074342355697,-0.07215864269253328,0.050416323031672906,0.006161895890473879,1.2112772992398222,0,-1.3711007031104538,-0.867256858348901,1,1,1.0,3.1482646971469244,0.0,1.3736065174605956,-0.30364523767923685,0.6989279213225649,1.4620244546003407,1.1799063207007874,0.053864535161561936,0.633531634736335,-0.27546231115887976
-0.4060061820295245,2,0,2,-0.857339044859543,-0.7902025284756493,-1.0637681000061345,1.759426673259986,1.245757807157782,1,-1.3711007031104538,1.4843646609859844,0,0,0.0,-0.42535065589112697,2.0,0.8614577921719384,1.4021054939570843,-0.3324489110458786,-1.2894960223929346,1.1799063207007874,-0.5855188160825406,-1.2536019913939545,0.4152974679398865
0.7550218815564114,2,0,1,-1.6215088785105505,-1.4676024207238718,0.5378720081107132,-0.8704704927942822,-1.6506048579508479,0,1.3017941511261861,1.4843646609859844,0,0,0.0,-0.42535065589112697,2.0,1.5673925216238709,-0.7300829205883166,-0.09226526515185696,-0.30283968973372977,1.387108434622403,-1.5090725456573557,0.21416860670738222,1.1751332249485287
0.7550218815564114,1,0,1,-1.079642996467109,-1.237286457359476,-0.5763124149270935,1.759426673259986,-1.2368387629353292,1,-1.3711007031104538,-0.867256858348901,1,1,2.0,1.9570595794675738,2.0,0.8337740772914704,1.099472299634511,-0.3465773608043501,0.7949891874504559,1.4561758059296086,1.4747164268151234,0.7034254727411606,0.48437344584976233
1.6257929292458633,2,2,0,-1.1074309904180548,-0.8172985241655782,-0.08885672984805312,-0.8704704927942822,-0.5127480966581719,1,-0.48013575169824046,0.30855390131854166,0,0,0.0,-0.42535065589112697,2.0,-0.2597326604870139,-0.6888147577261478,0.2750744285684103,-0.05270146455252271,-0.6849127045937586,1.2615886430670897,-0.34498209733122254,-0.06823437742924988
1.6257929292458633,0,4,0,-1.4408869178294035,-1.3185744444292626,-0.3674028356075052,0.006161895890473879,-1.5471633341969682,1,-0.48013575169824046,1.4843646609859844,0,0,0.0,-0.42535065589112697,2.0,-0.2874163753674818,-1.6104703949812564,-0.9117153511432231,-0.9976680930148599,-0.06330636282891022,-1.7222003294053903,0.633531634736335,1.2442092028584053
-0.6962631979260084,1,2,4,1.2406544984368588,1.4045731224085913,-1.411950732205449,-0.8704704927942822,-0.030020985806733527,0,1.3017941511261861,0.896459281152263,0,0,0.0,-0.42535065589112697,2.0,-0.6334628113733313,-1.582958286406477,1.4053504092461564,1.4342313184690956,-1.3755864176658126,0.19594972432691823,-0.13530058331674574,0.6225254016695156
-1.5670342456154605,1,1,1,-0.5655651083746129,-0.6818185457159337,1.0949642196296174,1.759426673259986,-0.8230726679198108,1,1.3017941511261861,1.4843646609859844,0,0,0.0,-0.42535065589112697,2.0,1.207504228177788,0.2878650966785198,-1.7876792361684768,-0.19166714520874886,0.6964347215503491,-1.3669873564919994,-0.34498209733122254,-1.035298068167522
-0.4060061820295245,2,0,1,-0.09316921120853583,-0.41085858881664444,-0.2977663091676422,0.88279428457523,0.8319917121422635,0,-1.3711007031104538,0.30855390131854166,0,0,0.0,-0.42535065589112697,2.0,-0.16283965840537623,0.989423865335394,-0.869330001867808,-1.3589788627210475,-1.030249561129786,1.0484608593190552,0.633531634736335,-1.3806779577169042
0.7550218815564114,0,3,3,-0.5794591053500862,-0.7766545306306849,-1.5512237850851749,-0.8704704927942822,-1.5126828262790084,1,1.3017941511261861,0.896459281152263,1,1,0.0,-0.42535065589112697,1.0,0.5569369284867906,-0.3999376176909644,1.2640659116614386,0.10016078416932575,-0.6849127045937586,0.7642904809883426,0.423850120721859,1.0369812691287754
1.3355359133493794,1,4,2,-0.9823850176387992,-0.8714905155454358,-0.6459489413669565,0.006161895890473879,0.03894003002918623,0,-0.48013575169824046,0.896459281152263,0,0,0.0,-0.42535065589112697,2.0,-0.4812023795307577,0.3841574766902473,-0.5302472076644837,-1.3589788627210475,-0.1323737341361157,0.33803491349227455,-0.34498209733122254,-0.3445382890687564
1.3355359133493794,2,3,4,-0.9268090297369077,-0.8172985241655782,-0.4370393620473682,0.006161895890473879,-0.20242352539653294,0,-0.48013575169824046,-0.27935147851517966,0,0,0.0,-0.42535065589112697,2.0,1.3459228025801278,-1.0327161149108899,-1.03887139896947,1.253575933616002,1.387108434622403,-1.0117743835786095,-1.533177343413256,-1.3806779577169042
-0.11574916613304052,1,3,3,0.8933045740500373,0.8762012064549777,-0.15849325628791613,0.88279428457523,-0.20242352539653294,0,1.3017941511261861,1.4843646609859844,0,0,0.0,-0.42535065589112697,2.0,-1.422448685466668,1.718494742567047,0.43048737591160025,1.3369553420097375,1.110838949393582,0.9063756701536989,-1.6030711814180816,0.06991757839050336
0.7550218815564114,1,0,0,0.004088767619773978,-0.0044186534677112714,-0.9244950471264086,-0.8704704927942822,-1.4092413025251287,0,-0.48013575169824046,-1.4551622381826224,0,0,0.0,-0.42535065589112697,2.0,-0.4535186646502897,0.5904982910010931,-1.4909817912405683,-0.9837715249492376,-1.030249561129786,-1.4380299510746777,-1.0439204773794777,0.34622149003000985
0.17450784976344344,1,0,1,-0.3293671597915744,-0.27537861036700045,-0.8548585206865456,0.006161895890473879,1.4871213625835011,0,-1.3711007031104538,0.30855390131854166,0,0,0.0,-0.42535065589112697,2.0,0.6399880731281945,-0.6062784320018095,-0.14877906418574433,-0.6641504594399171,0.8345694641647601,1.1905460484844115,1.4023638527894158,-1.1043740460773985
0.7550218815564114,1,2,0,-1.7048728603633878,-1.874042356072805,0.8164181138701654,0.88279428457523,-1.340280286689209,0,-0.48013575169824046,-0.27935147851517966,0,0,0.0,-0.42535065589112697,2.0,-0.010579226562802042,-1.3215932549460732,-1.5051102409990402,1.0173342765004176,-1.168384303744197,-1.1538595727439658,1.1926823387749397,0.4152974679398865
0.17450784976344344,0,1,0,-1.7048728603633878,-1.5624384056386227,-1.481587258645312,0.88279428457523,0.9009527279781833,0,-1.3711007031104538,1.4843646609859844,1,0,2.0,0.7658544617882235,3.0,-1.53318354498854,0.5492301281389237,0.11966148122522034,-1.303392590458557,-0.4777105906721423,-1.1538595727439658,-0.5546636113456985,1.5895890924077876
-1.2767772297189763,2,1,1,-1.7187668573388606,-1.508246414258765,-1.690496837964901,-0.8704704927942822,-1.1678777470994095,1,-0.48013575169824046,0.896459281152263,0,0,0.0,-0.42535065589112697,2.0,0.0586300606383676,1.044448082484952,0.6706710218056212,-0.8448058442930114,0.14389575109270616,0.19594972432691823,-0.13530058331674574,-1.1043740460773985
-1.2767772297189763,1,4,3,0.407014679908487,0.32073329481143575,1.1646007460694805,-0.8704704927942822,0.24582307753694552,0,-1.3711007031104538,0.30855390131854166,0,0,0.0,-0.42535065589112697,2.0,0.25241606480164347,0.6455225081506518,1.645534055140178,-0.35842596199622023,0.7655020928575547,-0.5144762214998625,1.2625761767797654,1.2442092028584053
1.0452788974528953,0,1,4,0.5876366405896347,0.26654130343157795,-0.8548585206865456,0.006161895890473879,-0.9954752075096102,0,-0.48013575169824046,-0.27935147851517966,0,0,0.0,-0.42535065589112697,2.0,-0.8410906729768408,0.7693269967371588,-0.869330001867808,1.2674725016816242,-1.0993169324369914,-0.5144762214998625,0.423850120721859,0.34622149003000985
-0.11574916613304052,2,4,4,-1.2880529510992018,-1.0611624853749382,0.18968937591139895,-0.8704704927942822,1.4871213625835011,1,1.3017941511261861,-0.867256858348901,0,0,0.0,-0.42535065589112697,2.0,1.207504228177788,1.58093419969315,1.193423662869079,1.1562999571566432,-0.1323737341361157,-1.0117743835786095,1.4722576907942413,0.7606773574892688
-0.9865202138224924,1,0,1,-1.0518550025161633,-0.7902025284756493,-1.411950732205449,0.006161895890473879,-1.5471633341969682,0,-0.48013575169824046,0.30855390131854166,1,1,1.0,3.1482646971469244,3.0,0.847615934731704,-0.5925223777144202,-0.02162301635949807,0.9756445723035496,0.9036368354719655,-1.224902167326644,-1.3933896674036048,0.34622149003000985
-0.4060061820295245,2,1,2,-1.2324769631973103,-1.115354476754796,1.3038737989492057,0.88279428457523,0.4527061250447048,1,-1.3711007031104538,-0.27935147851517966,0,0,0.0,-0.42535065589112697,2.0,-1.7131276917115814,1.2507888967957979,-0.417219609596709,0.5448509622692488,-0.3395758480577321,1.332631237649767,0.5636377967315094,0.2771455121201332
-1.2767772297189763,1,0,1,0.3236506980556504,-0.0044186534677112714,0.398598955230988,-0.8704704927942822,-0.8920336837557306,1,0.4108291997139728,-1.4551622381826224,1,0,0.0,-0.42535065589112697,1.0,0.030946345757899618,-0.9364237348991623,0.6565425720471497,-1.5952205198366318,0.6964347215503491,-0.15926324858647253,0.633531634736335,-0.06823437742924988
1.6257929292458633,0,0,2,1.1572905165840217,0.9710371913697292,-1.0637681000061345,-0.8704704927942822,-0.47826758874021197,0,-1.3711007031104538,-0.867256858348901,0,0,0.0,-0.42535065589112697,2.0,0.9998763665742783,1.0306920281975627,-1.4768533414820966,1.1701965252222661,-0.9611821898225805,-1.7222003294053903,-0.9740266393746521,-0.06823437742924988
-1.5670342456154605,2,2,0,0.51816665571227,0.2800893012765421,-0.5066758884872304,-0.8704704927942822,0.004459522111226352,1,-1.3711007031104538,1.4843646609859844,1,1,0.0,-0.42535065589112697,0.0,-0.5780953816123953,-0.5925223777144202,0.6141572227717345,-0.8170127081617662,1.387108434622403,0.12490712974424009,1.6120453668038925,-1.4497539356267808
-1.5670342456154605,2,1,0,0.2680747101537589,0.06332133575711073,0.12005284947153592,0.006161895890473879,-0.4437870808222521,1,-0.48013575169824046,-0.867256858348901,0,0,0.0,-0.42535065589112697,2.0,-0.5227279518514594,1.6909826339922676,0.43048737591160025,1.3369553420097375,1.0417715780863765,0.5511626972403082,1.1926823387749397,-0.7589941565280154
0.4647648656599274,1,1,2,-0.9407030267123803,-0.9256825069252936,0.6075085345505763,1.759426673259986,1.1078357754859425,0,1.3017941511261861,0.896459281152263,0,0,0.0,-0.42535065589112697,2.0,0.34930906688328106,1.6222023625553195,1.5607633565893468,-0.9003921165555019,-0.6849127045937586,-1.6511577348227122,-0.34498209733122254,1.1751332249485287
1.0452788974528953,2,3,1,1.1017145286821302,1.3097371374938405,-0.5763124149270935,0.006161895890473879,-1.2713192708532892,1,1.3017941511261861,-0.27935147851517966,0,0,0.0,-0.42535065589112697,2.0,1.5535506641836372,-0.5650102691396408,-0.24767821249504754,-1.1088406375398407,1.2489736920079928,-0.7276040052478969,-1.6729650194229073,-0.6208422007082621
-0.6962631979260084,2,4,0,-1.482568908755822,-1.6166303970184805,-1.620860311525038,-0.8704704927942822,1.0733552675679827,0,-0.48013575169824046,-0.27935147851517966,0,0,0.0,-0.42535065589112697,2.0,-1.0902441069010527,0.21908482524157158,-1.7029085376176456,-0.16387400907750363,0.7655020928575547,-0.30134843775182885,-1.3234958293987793,-1.5188299135366574
-0.6962631979260084,0,4,3,1.1572905165840217,1.160709161199231,-0.6459489413669565,-0.8704704927942822,-1.6850853658688079,1,1.3017941511261861,1.4843646609859844,0,0,0.0,-0.42535065589112697,2.0,-1.6992858342713475,1.457129711106643,-1.5898809395498712,1.5731969991253216,-1.6518559028946345,0.9774182647363772,0.14427476870255662,0.0008416004806267426
-0.9865202138224924,1,3,1,-0.8434450478840704,-1.0611624853749382,-0.7155854678068195,-0.8704704927942822,1.6940044100912606,1,0.4108291997139728,1.4843646609859844,0,0,0.0,-0.42535065589112697,2.0,-1.519341687548306,0.6317664538632618,-0.8269446525923921,-1.4979445433772738,0.5582999789359382,-0.08822065400379436,-1.6729650194229073,-1.3116019798070275
1.6257929292458633,0,4,0,-0.5099891204727215,-0.6005305586461469,-1.411950732205449,1.759426673259986,-1.4092413025251287,0,-1.3711007031104538,0.30855390131854166,0,0,0.0,-0.42535065589112697,2.0,0.08631377551883558,-0.6613026491513684,-0.3748342603212938,-1.623013655967877,0.5582999789359382,-0.5144762214998625,0.7733193107459861,0.4152974679398865
0.17450784976344344,1,1,2,-1.1074309904180548,-0.8850385133904003,-0.7852219942466825,1.759426673259986,0.6595891725524641,0,1.3017941511261861,1.4843646609859844,0,0,0.0,-0.42535065589112697,2.0,0.90298336449264,-0.8676434634622135,1.235809012144495,0.3502990093505328,-0.06330636282891022,-1.7222003294053903,-0.4148759353360481,0.48437344584976233
-0.6962631979260084,1,3,0,1.2684424923878046,1.5400531008582359,-0.7155854678068195,-0.8704704927942822,-1.7195658737867676,0,1.3017941511261861,1.4843646609859844,0,0,0.0,-0.42535065589112697,2.0,1.4151320897812973,0.9343996481858352,0.8119555193903396,1.239679365550379,0.5582999789359382,-0.30134843775182885,-1.533177343413256,0.9679052912188987
-0.11574916613304052,2,3,0,0.6710006224424719,0.6323372452456181,-1.690496837964901,1.759426673259986,0.14238155378306588,0,-1.3711007031104538,0.896459281152263,0,0,0.0,-0.42535065589112697,2.0,0.432360211524685,1.4021054939570843,-1.448596441965153,1.6426798394534345,1.5943105485440194,1.4747164268151234,-0.13530058331674574,-0.413614266978633
-1.2767772297189763,2,1,2,-0.7600810660312332,-1.0611624853749382,1.5824199047086578,0.006161895890473879,0.004459522111226352,1,0.4108291997139728,-0.867256858348901,0,0,0.0,-0.42535065589112697,2.0,-1.6577602619506455,0.7693269967371588,1.193423662869079,-0.2889431216681075,-1.444653788973018,0.48012010265763005,-0.6944512873553498,-1.2425260018971518
-1.2767772297189763,1,1,3,-1.677084866412442,-1.2914784487393338,-1.0637681000061345,-0.8704704927942822,-1.02995571542757,0,-0.48013575169824046,0.30855390131854166,0,0,0.0,-0.42535065589112697,2.0,0.9445089368133424,-0.42744972626574385,-1.2507981453465473,1.0868171168285305,-0.5467779619793477,-0.7986465998305751,0.9131069867556374,1.520513114497911
1.6257929292458633,0,1,3,-0.07927521423306265,0.18525331636179115,-1.1334046264459976,0.88279428457523,-1.0989167312634898,1,-0.48013575169824046,1.4843646609859844,1,1,2.0,1.9570595794675738,2.0,1.3459228025801278,1.6084463082679294,0.6424141222886782,-1.275599454327312,-0.06330636282891022,1.1195034539017334,0.2840624447122078,-1.2425260018971518
1.0452788974528953,1,1,0,1.254548495412332,1.214901152579089,0.6771450609904393,1.759426673259986,-0.2713845412324527,0,0.4108291997139728,-1.4551622381826224,1,1,2.0,3.1482646971469244,1.0,-1.1317696792217546,-1.3078372006586834,0.9532400169750581,1.239679365550379,0.5582999789359382,-1.224902167326644,-0.9041328013698265,1.4514371365880343
-1.2767772297189763,0,1,4,1.1017145286821302,1.2284491504240536,1.5127833782687947,0.006161895890473879,0.6251086646345042,0,-1.3711007031104538,0.30855390131854166,0,0,0.0,-0.42535065589112697,2.0,1.512025091862935,-0.2073528576675087,0.06314768219133299,0.5031612580723813,0.5582999789359382,-1.580115140240034,-1.533177343413256,1.2442092028584053
0.17450784976344344,2,4,1,0.24028671620281314,0.22589730989668425,0.6075085345505763,-0.8704704927942822,-1.2368387629353292,1,0.4108291997139728,-1.4551622381826224,1,1,0.0,-0.42535065589112697,1.0,-0.7441976708952032,1.2920570596579666,-1.5333671405159839,1.0868171168285305,0.4892326076287327,0.2669923189095964,-0.9041328013698265,-0.48269024488850887
0.7550218815564114,1,2,1,-0.13485120213495413,-0.19409062329721372,1.5127833782687947,-0.8704704927942822,-0.788592160001851,1,-0.48013575169824046,-0.27935147851517966,0,0,0.0,-0.42535065589112697,2.0,1.691969238585977,0.7418148881623794,-0.31832046128740643,-1.0254612291461052,-1.444653788973018,0.6222052918229863,-0.6245574493505242,-0.9662220902576453
-1.5670342456154605,2,0,4,0.2680747101537589,0.11751332713696856,-1.5512237850851749,0.88279428457523,-1.6161243500328881,0,0.4108291997139728,0.30855390131854166,0,0,0.0,-0.42535065589112697,2.0,-0.5642535241721616,1.1682525710714597,-1.2084127960711317,-1.5952205198366318,1.6633779198512249,1.687844210563158,-0.8342389633650009,-1.7260578472662873
1.6257929292458633,2,1,3,1.4907464439953706,1.4587651137884492,0.7467815874303023,1.759426673259986,-0.9609946995916503,0,1.3017941511261861,-0.27935147851517966,1,0,0.0,-0.42535065589112697,3.0,0.22473234992117547,0.7418148881623794,1.3064512609368537,0.2530230328911742,-1.168384303744197,0.33803491349227455,-0.4148759353360481,-0.1373103553391265
0.4647648656599274,1,4,1,0.18471072830092164,0.42911727757115087,-0.22812978272777917,0.006161895890473879,0.7285501883883838,1,-0.48013575169824046,0.896459281152263,0,0,0.0,-0.42535065589112697,2.0,-0.4812023795307577,-0.509986051990082,0.6141572227717345,-0.08049460068376794,0.9036368354719655,-0.372391032334507,-1.183708153389129,-0.1373103553391265
-0.11574916613304052,2,2,4,1.6296864137500993,1.485861109478378,0.18968937591139895,1.759426673259986,0.6940696804704239,1,-1.3711007031104538,-0.867256858348901,1,1,0.0,-0.42535065589112697,3.0,-0.8134069580963729,0.24659693381635098,-0.36070581056282225,-1.414565134983538,0.420165236321528,-1.4380299510746777,0.3539562827170334,0.0008416004806267426
0.17450784976344344,2,2,4,-1.6492968724614963,-1.7385623776231607,-1.481587258645312,0.88279428457523,-0.20242352539653294,0,1.3017941511261861,0.30855390131854166,0,0,0.0,-0.42535065589112697,2.0,0.37699278176374906,-1.6654946121308152,-1.3779541931727937,-0.8725989804242567,0.6273673502431437,0.2669923189095964,0.9131069867556374,0.8297533353991454
-0.11574916613304052,0,1,2,-0.8017630569576515,-0.8172985241655782,-1.2726776793257237,0.88279428457523,0.5906281567165443,1,-0.48013575169824046,0.30855390131854166,0,0,0.0,-0.42535065589112697,2.0,0.030946345757899618,-1.1565206034973972,1.3205797106953259,0.781092619384833,-1.6518559028946345,1.332631237649767,1.681939204808718,0.0008416004806267426
0.17450784976344344,1,0,0,-0.5516711113991404,-0.7360105370957915,1.3735103253890688,-0.8704704927942822,1.1423162834039025,0,-1.3711007031104538,0.30855390131854166,1,0,2.0,3.1482646971469244,0.0,1.4704995195422332,0.4254256395524167,1.2499374619029664,0.683816642925475,-1.030249561129786,0.33803491349227455,-1.3933896674036048,0.6916013795793922
0.17450784976344344,0,4,4,-1.2185829662218377,-1.508246414258765,1.3735103253890688,0.006161895890473879,-0.40930657290429223,1,-1.3711007031104538,0.896459281152263,1,1,1.0,3.1482646971469244,1.0,0.543095071046557,-1.3491053635208525,1.3629650599707412,1.3647484781409829,0.8345694641647601,1.4747164268151234,0.21416860670738222,-0.20638633324900313
1.6257929292458633,2,4,3,-0.13485120213495413,-0.22118661898714262,-0.4370393620473682,0.88279428457523,1.6250433942553408,0,-0.48013575169824046,-0.867256858348901,0,0,0.0,-0.42535065589112697,2.0,-0.6888302411342673,0.4942059109893649,1.391221959487685,-1.6647033601647447,-1.2374516750514024,-1.3669873564919994,1.4722576907942413,0.553449423759639
-0.4060061820295245,2,1,0,-0.4266251386198842,-0.34311859959182245,-0.2977663091676422,0.006161895890473879,0.3147840933728653,1,-1.3711007031104538,-0.867256858348901,0,0,0.0,-0.42535065589112697,2.0,-0.4396768072100554,-1.4453977435325804,-1.1236420975203008,-0.5251847787836916,1.0417715780863765,-1.1538595727439658,-0.5546636113456985,-1.5188299135366574
0.4647648656599274,2,2,0,-0.28768516886515605,-0.23473461683210678,-0.7852219942466825,1.759426673259986,-1.2023582550173695,0,-1.3711007031104538,-0.27935147851517966,0,0,0.0,-0.42535065589112697,2.0,-1.1871371089826905,1.6084463082679294,0.5576434237378471,-1.5396342475741414,-1.2374516750514024,-0.08822065400379436,-1.0439204773794777,1.0369812691287754
-1.2767772297189763,0,3,1,-1.1491129813444734,-0.7902025284756493,0.050416323031672906,-0.8704704927942822,0.2803035854549054,0,1.3017941511261861,-0.867256858348901,0,0,0.0,-0.42535065589112697,2.0,-0.4396768072100554,0.012744010930725833,1.151038313593664,-1.1783234778679537,0.14389575109270616,-0.5855188160825406,0.7034254727411606,-1.6569818693564107
0.17450784976344344,1,2,1,1.6713684046765176,1.9193970405172402,0.5378720081107132,1.759426673259986,0.07342053794714612,1,1.3017941511261861,-0.27935147851517966,1,0,0.0,-0.42535065589112697,0.0,-1.1040859643412866,0.16406060809201278,1.5042495575554595,1.4342313184690956,-1.5137211602802234,-0.44343362691718513,-0.8342389633650009,-0.06823437742924988
1.3355359133493794,2,4,3,1.5046404409708432,1.1336131655093022,-0.22812978272777917,0.88279428457523,0.5216671408806246,0,0.4108291997139728,0.30855390131854166,0,0,0.0,-0.42535065589112697,2.0,-0.8826162452975431,-1.2940811463712938,-0.5726325569398996,1.5593004310596987,-1.3065190463586072,1.1195034539017334,0.14427476870255662,0.48437344584976233
0.17450784976344344,0,3,1,-1.7187668573388606,-1.968878340987556,0.12005284947153592,-0.8704704927942822,0.004459522111226352,0,-1.3711007031104538,-0.867256858348901,1,0,2.0,3.1482646971469244,0.0,1.3182390876996597,-1.239056929221735,-1.3638257434143217,-0.6363573233086726,-1.168384303744197,-1.3669873564919994,0.633531634736335,-0.9662220902576453
-0.9865202138224924,2,3,0,0.51816665571227,0.7678172236952621,0.25932590235126196,1.759426673259986,-1.02995571542757,0,0.4108291997139728,-1.4551622381826224,0,0,0.0,-0.42535065589112697,2.0,1.484341376982467,0.838107268174107,-1.34969729365585,-0.03880489648690041,-0.6158453332865532,1.687844210563158,1.681939204808718,-0.6208422007082621
1.3355359133493794,2,2,2,-0.19042719003684563,0.14460932282689748,-0.08885672984805312,1.759426673259986,-1.374760794607169,0,0.4108291997139728,0.30855390131854166,0,0,0.0,-0.42535065589112697,2.0,0.5292532136063226,-0.3999376176909644,0.6565425720471497,0.6282303706629845,0.00576100847829524,0.6932478864056645,-0.13530058331674574,-1.3116019798070275
-0.11574916613304052,1,2,4,-0.8990210357859619,-0.573434562956218,0.7467815874303023,-0.8704704927942822,1.280238315075742,1,0.4108291997139728,-0.867256858348901,0,0,0.0,-0.42535065589112697,2.0,-1.6577602619506455,1.0306920281975627,0.4870011749454876,-0.5668744829805592,-1.3755864176658126,0.33803491349227455,-0.5546636113456985,-0.828070134437892
0.17450784976344344,2,4,0,1.5880044228236805,1.4587651137884492,-0.22812978272777917,-0.8704704927942822,1.0733552675679827,1,-1.3711007031104538,0.30855390131854166,0,0,0.0,-0.42535065589112697,2.0,1.2905553728191916,0.054012173792895225,1.1227814140767203,1.6148867033221892,0.00576100847829524,0.33803491349227455,0.3539562827170334,0.9679052912188987
0.4647648656599274,2,1,4,-0.7322930720802874,-1.020518491840045,-0.019220203408190112,0.88279428457523,-1.06443622334553,0,-1.3711007031104538,-0.867256858348901,0,0,0.0,-0.42535065589112697,2.0,0.6676717880086626,1.3608373310949153,0.5859003232547908,-0.16387400907750363,1.525243177236814,1.6168016159804797,-0.6245574493505242,-0.48269024488850887
0.4647648656599274,2,1,2,-1.677084866412442,-1.779206371158054,0.9556911667498914,0.88279428457523,1.314718822993702,1,0.4108291997139728,1.4843646609859844,0,0,0.0,-0.42535065589112697,2.0,1.2351879430582557,-0.9639358434739417,0.3739735768777129,0.21133332869430665,0.8345694641647601,0.6932478864056645,1.1227885007701142,-0.6208422007082621
0.4647648656599274,1,4,2,-0.6072470993010318,-0.42440658666160924,0.050416323031672906,-0.8704704927942822,0.41822561712674494,1,1.3017941511261861,0.896459281152263,1,1,2.0,3.1482646971469244,1.0,0.9445089368133424,0.7418148881623794,0.13378993098369188,0.7949891874504559,-0.4086432193649376,-0.7276040052478969,1.2625761767797654,-0.27546231115887976
